<?xml version="1.0" encoding="UTF-8"?>
<gpx version="1.1" creator="tkPage GPX editor" xmlns="http://www.topografix.com/GPX/1/1">
  <trk>
    <name>Trimmed track</name>
    <trkseg>
      <trkpt lat="60.196477" lon="24.919812"><ele>27.6</ele></trkpt>
      <trkpt lat="60.196487" lon="24.919727"><ele>27.6</ele></trkpt>
      <trkpt lat="60.196502" lon="24.919662"><ele>27.4</ele></trkpt>
      <trkpt lat="60.19652" lon="24.919597"><ele>27.4</ele></trkpt>
      <trkpt lat="60.19653" lon="24.919547"><ele>27.6</ele></trkpt>
      <trkpt lat="60.196537" lon="24.919495"><ele>27.8</ele></trkpt>
      <trkpt lat="60.196542" lon="24.91944"><ele>27.8</ele></trkpt>
      <trkpt lat="60.196545" lon="24.919365"><ele>27.8</ele></trkpt>
      <trkpt lat="60.196547" lon="24.919277"><ele>27.6</ele></trkpt>
      <trkpt lat="60.19657" lon="24.919182"><ele>27.4</ele></trkpt>
      <trkpt lat="60.196597" lon="24.919082"><ele>27.2</ele></trkpt>
      <trkpt lat="60.196627" lon="24.918982"><ele>27.2</ele></trkpt>
      <trkpt lat="60.196652" lon="24.918877"><ele>27</ele></trkpt>
      <trkpt lat="60.19668" lon="24.918795"><ele>27</ele></trkpt>
      <trkpt lat="60.196707" lon="24.918722"><ele>27.2</ele></trkpt>
      <trkpt lat="60.196727" lon="24.918647"><ele>27.6</ele></trkpt>
      <trkpt lat="60.19674" lon="24.918567"><ele>27.8</ele></trkpt>
      <trkpt lat="60.19674" lon="24.918497"><ele>28.2</ele></trkpt>
      <trkpt lat="60.196745" lon="24.918437"><ele>28.4</ele></trkpt>
      <trkpt lat="60.19675" lon="24.918385"><ele>28.8</ele></trkpt>
      <trkpt lat="60.196758" lon="24.918332"><ele>29</ele></trkpt>
      <trkpt lat="60.19678" lon="24.918277"><ele>29.2</ele></trkpt>
      <trkpt lat="60.196802" lon="24.918227"><ele>29.4</ele></trkpt>
      <trkpt lat="60.196827" lon="24.918177"><ele>29.8</ele></trkpt>
      <trkpt lat="60.196842" lon="24.918137"><ele>30</ele></trkpt>
      <trkpt lat="60.196857" lon="24.918082"><ele>30.2</ele></trkpt>
      <trkpt lat="60.196882" lon="24.918037"><ele>30.2</ele></trkpt>
      <trkpt lat="60.196907" lon="24.918005"><ele>30.4</ele></trkpt>
      <trkpt lat="60.196932" lon="24.91798"><ele>30.4</ele></trkpt>
      <trkpt lat="60.196955" lon="24.917952"><ele>30.6</ele></trkpt>
      <trkpt lat="60.196977" lon="24.917927"><ele>30.6</ele></trkpt>
      <trkpt lat="60.197" lon="24.917912"><ele>30.8</ele></trkpt>
      <trkpt lat="60.197025" lon="24.91788"><ele>30.8</ele></trkpt>
      <trkpt lat="60.197045" lon="24.91784"><ele>30.8</ele></trkpt>
      <trkpt lat="60.197062" lon="24.917797"><ele>30.8</ele></trkpt>
      <trkpt lat="60.19709" lon="24.917765"><ele>30.8</ele></trkpt>
      <trkpt lat="60.197112" lon="24.917732"><ele>30.8</ele></trkpt>
      <trkpt lat="60.197132" lon="24.917697"><ele>30.8</ele></trkpt>
      <trkpt lat="60.197152" lon="24.91766"><ele>31</ele></trkpt>
      <trkpt lat="60.197177" lon="24.917625"><ele>31.2</ele></trkpt>
      <trkpt lat="60.197212" lon="24.917617"><ele>31.4</ele></trkpt>
      <trkpt lat="60.197242" lon="24.917602"><ele>31.6</ele></trkpt>
      <trkpt lat="60.19727" lon="24.917582"><ele>31.8</ele></trkpt>
      <trkpt lat="60.19729" lon="24.917557"><ele>32.2</ele></trkpt>
      <trkpt lat="60.197312" lon="24.917525"><ele>32.4</ele></trkpt>
      <trkpt lat="60.197337" lon="24.917495"><ele>32.6</ele></trkpt>
      <trkpt lat="60.197363" lon="24.917447"><ele>32.6</ele></trkpt>
      <trkpt lat="60.197387" lon="24.917382"><ele>32.6</ele></trkpt>
      <trkpt lat="60.197417" lon="24.917327"><ele>32.8</ele></trkpt>
      <trkpt lat="60.197452" lon="24.917262"><ele>32.8</ele></trkpt>
      <trkpt lat="60.197482" lon="24.917202"><ele>32.6</ele></trkpt>
      <trkpt lat="60.197517" lon="24.917135"><ele>32.4</ele></trkpt>
      <trkpt lat="60.197552" lon="24.917077"><ele>32.4</ele></trkpt>
      <trkpt lat="60.19758" lon="24.91702"><ele>32.2</ele></trkpt>
      <trkpt lat="60.197602" lon="24.916972"><ele>32</ele></trkpt>
      <trkpt lat="60.197637" lon="24.916917"><ele>32</ele></trkpt>
      <trkpt lat="60.197672" lon="24.916847"><ele>32</ele></trkpt>
      <trkpt lat="60.197712" lon="24.916792"><ele>31.8</ele></trkpt>
      <trkpt lat="60.197755" lon="24.916762"><ele>31.6</ele></trkpt>
      <trkpt lat="60.197792" lon="24.916727"><ele>31.4</ele></trkpt>
      <trkpt lat="60.197835" lon="24.916695"><ele>31.4</ele></trkpt>
      <trkpt lat="60.19788" lon="24.91668"><ele>31.2</ele></trkpt>
      <trkpt lat="60.19793" lon="24.916662"><ele>30.8</ele></trkpt>
      <trkpt lat="60.197982" lon="24.916657"><ele>30.4</ele></trkpt>
      <trkpt lat="60.198037" lon="24.916667"><ele>30</ele></trkpt>
      <trkpt lat="60.198082" lon="24.916662"><ele>29.6</ele></trkpt>
      <trkpt lat="60.198122" lon="24.91667"><ele>29.2</ele></trkpt>
      <trkpt lat="60.19817" lon="24.916647"><ele>28.8</ele></trkpt>
      <trkpt lat="60.198217" lon="24.916612"><ele>28.4</ele></trkpt>
      <trkpt lat="60.198267" lon="24.916577"><ele>27.8</ele></trkpt>
      <trkpt lat="60.198317" lon="24.916545"><ele>27.2</ele></trkpt>
      <trkpt lat="60.198365" lon="24.916517"><ele>26.8</ele></trkpt>
      <trkpt lat="60.198407" lon="24.916475"><ele>26.4</ele></trkpt>
      <trkpt lat="60.198447" lon="24.916422"><ele>26.2</ele></trkpt>
      <trkpt lat="60.198482" lon="24.916375"><ele>25.8</ele></trkpt>
      <trkpt lat="60.198517" lon="24.916352"><ele>25.6</ele></trkpt>
      <trkpt lat="60.198542" lon="24.916327"><ele>25.6</ele></trkpt>
      <trkpt lat="60.198572" lon="24.91631"><ele>25.2</ele></trkpt>
      <trkpt lat="60.198597" lon="24.916282"><ele>24.8</ele></trkpt>
      <trkpt lat="60.198632" lon="24.916242"><ele>24.4</ele></trkpt>
      <trkpt lat="60.198665" lon="24.916182"><ele>23.8</ele></trkpt>
      <trkpt lat="60.198705" lon="24.916127"><ele>23.2</ele></trkpt>
      <trkpt lat="60.198757" lon="24.916122"><ele>22.6</ele></trkpt>
      <trkpt lat="60.198802" lon="24.916147"><ele>22.2</ele></trkpt>
      <trkpt lat="60.198847" lon="24.916182"><ele>22</ele></trkpt>
      <trkpt lat="60.19889" lon="24.916227"><ele>21.8</ele></trkpt>
      <trkpt lat="60.198935" lon="24.916277"><ele>21.6</ele></trkpt>
      <trkpt lat="60.19898" lon="24.91634"><ele>21.6</ele></trkpt>
      <trkpt lat="60.199022" lon="24.916415"><ele>21.4</ele></trkpt>
      <trkpt lat="60.199062" lon="24.916487"><ele>21.4</ele></trkpt>
      <trkpt lat="60.1991" lon="24.91655"><ele>21.4</ele></trkpt>
      <trkpt lat="60.199137" lon="24.916605"><ele>21.4</ele></trkpt>
      <trkpt lat="60.199177" lon="24.916655"><ele>21.4</ele></trkpt>
      <trkpt lat="60.199217" lon="24.916705"><ele>21.6</ele></trkpt>
      <trkpt lat="60.199263" lon="24.916752"><ele>21.6</ele></trkpt>
      <trkpt lat="60.19931" lon="24.916782"><ele>21.6</ele></trkpt>
      <trkpt lat="60.199345" lon="24.916802"><ele>21.6</ele></trkpt>
      <trkpt lat="60.199382" lon="24.916807"><ele>21.6</ele></trkpt>
      <trkpt lat="60.199412" lon="24.916767"><ele>21.6</ele></trkpt>
      <trkpt lat="60.199435" lon="24.916717"><ele>21.4</ele></trkpt>
      <trkpt lat="60.199462" lon="24.916667"><ele>21.4</ele></trkpt>
      <trkpt lat="60.199487" lon="24.916627"><ele>21.6</ele></trkpt>
      <trkpt lat="60.199522" lon="24.916595"><ele>21.6</ele></trkpt>
      <trkpt lat="60.199562" lon="24.916567"><ele>21.8</ele></trkpt>
      <trkpt lat="60.19961" lon="24.916557"><ele>22</ele></trkpt>
      <trkpt lat="60.19966" lon="24.916547"><ele>22</ele></trkpt>
      <trkpt lat="60.199707" lon="24.916542"><ele>22</ele></trkpt>
      <trkpt lat="60.199752" lon="24.916532"><ele>22.2</ele></trkpt>
      <trkpt lat="60.1998" lon="24.916522"><ele>22.2</ele></trkpt>
      <trkpt lat="60.199847" lon="24.916505"><ele>22.2</ele></trkpt>
      <trkpt lat="60.199897" lon="24.916487"><ele>22.4</ele></trkpt>
      <trkpt lat="60.199955" lon="24.916457"><ele>22.4</ele></trkpt>
      <trkpt lat="60.200012" lon="24.916427"><ele>22.6</ele></trkpt>
      <trkpt lat="60.200067" lon="24.916417"><ele>22.6</ele></trkpt>
      <trkpt lat="60.200122" lon="24.916397"><ele>22.6</ele></trkpt>
      <trkpt lat="60.200172" lon="24.916382"><ele>22.4</ele></trkpt>
      <trkpt lat="60.20022" lon="24.91634"><ele>22.4</ele></trkpt>
      <trkpt lat="60.200267" lon="24.91627"><ele>22.4</ele></trkpt>
      <trkpt lat="60.200317" lon="24.916202"><ele>22.4</ele></trkpt>
      <trkpt lat="60.200362" lon="24.916165"><ele>22.4</ele></trkpt>
      <trkpt lat="60.200395" lon="24.91614"><ele>22.4</ele></trkpt>
      <trkpt lat="60.200417" lon="24.91611"><ele>22.6</ele></trkpt>
      <trkpt lat="60.200442" lon="24.916087"><ele>23</ele></trkpt>
      <trkpt lat="60.200472" lon="24.916065"><ele>23.2</ele></trkpt>
      <trkpt lat="60.200495" lon="24.916047"><ele>23.6</ele></trkpt>
      <trkpt lat="60.200522" lon="24.916007"><ele>24</ele></trkpt>
      <trkpt lat="60.200555" lon="24.915965"><ele>24.2</ele></trkpt>
      <trkpt lat="60.200587" lon="24.915925"><ele>24.4</ele></trkpt>
      <trkpt lat="60.200622" lon="24.915885"><ele>24.6</ele></trkpt>
      <trkpt lat="60.200655" lon="24.915827"><ele>24.8</ele></trkpt>
      <trkpt lat="60.20069" lon="24.915762"><ele>24.8</ele></trkpt>
      <trkpt lat="60.200737" lon="24.915725"><ele>24.6</ele></trkpt>
      <trkpt lat="60.20078" lon="24.91571"><ele>24.6</ele></trkpt>
      <trkpt lat="60.200812" lon="24.915702"><ele>24.4</ele></trkpt>
      <trkpt lat="60.200847" lon="24.915682"><ele>24.4</ele></trkpt>
      <trkpt lat="60.200882" lon="24.91567"><ele>24.4</ele></trkpt>
      <trkpt lat="60.200902" lon="24.91564"><ele>24.2</ele></trkpt>
      <trkpt lat="60.200923" lon="24.915615"><ele>24.2</ele></trkpt>
      <trkpt lat="60.20095" lon="24.915592"><ele>24.2</ele></trkpt>
      <trkpt lat="60.200977" lon="24.915557"><ele>24.4</ele></trkpt>
      <trkpt lat="60.201007" lon="24.915512"><ele>24.4</ele></trkpt>
      <trkpt lat="60.201027" lon="24.915468"><ele>24.6</ele></trkpt>
      <trkpt lat="60.201045" lon="24.915422"><ele>24.8</ele></trkpt>
      <trkpt lat="60.201055" lon="24.91537"><ele>25</ele></trkpt>
      <trkpt lat="60.201052" lon="24.915317"><ele>25.2</ele></trkpt>
      <trkpt lat="60.201042" lon="24.91527"><ele>25.2</ele></trkpt>
      <trkpt lat="60.201035" lon="24.915225"><ele>25.4</ele></trkpt>
      <trkpt lat="60.201022" lon="24.915177"><ele>25.6</ele></trkpt>
      <trkpt lat="60.201007" lon="24.915127"><ele>25.8</ele></trkpt>
      <trkpt lat="60.200992" lon="24.915077"><ele>25.8</ele></trkpt>
      <trkpt lat="60.200977" lon="24.915017"><ele>25.8</ele></trkpt>
      <trkpt lat="60.200967" lon="24.914955"><ele>25.8</ele></trkpt>
      <trkpt lat="60.200957" lon="24.914892"><ele>25.8</ele></trkpt>
      <trkpt lat="60.200947" lon="24.914837"><ele>26</ele></trkpt>
      <trkpt lat="60.200935" lon="24.914795"><ele>25.8</ele></trkpt>
      <trkpt lat="60.200922" lon="24.914755"><ele>25.8</ele></trkpt>
      <trkpt lat="60.200907" lon="24.914722"><ele>26</ele></trkpt>
      <trkpt lat="60.200892" lon="24.914682"><ele>26</ele></trkpt>
      <trkpt lat="60.200882" lon="24.914647"><ele>26</ele></trkpt>
      <trkpt lat="60.200867" lon="24.914597"><ele>26.4</ele></trkpt>
      <trkpt lat="60.200867" lon="24.914552"><ele>27.2</ele></trkpt>
      <trkpt lat="60.200857" lon="24.914505"><ele>27.6</ele></trkpt>
      <trkpt lat="60.200853" lon="24.91444"><ele>28.4</ele></trkpt>
      <trkpt lat="60.200852" lon="24.914402"><ele>28.8</ele></trkpt>
      <trkpt lat="60.200842" lon="24.914367"><ele>29</ele></trkpt>
      <trkpt lat="60.200837" lon="24.914332"><ele>29</ele></trkpt>
      <trkpt lat="60.200837" lon="24.914282"><ele>29.6</ele></trkpt>
      <trkpt lat="60.200837" lon="24.914223"><ele>30</ele></trkpt>
      <trkpt lat="60.200837" lon="24.914187"><ele>30.2</ele></trkpt>
      <trkpt lat="60.200827" lon="24.914117"><ele>30.8</ele></trkpt>
      <trkpt lat="60.200825" lon="24.914077"><ele>31.2</ele></trkpt>
      <trkpt lat="60.20081" lon="24.914012"><ele>31.6</ele></trkpt>
      <trkpt lat="60.200807" lon="24.913977"><ele>32</ele></trkpt>
      <trkpt lat="60.200817" lon="24.91391"><ele>32.6</ele></trkpt>
      <trkpt lat="60.200822" lon="24.913872"><ele>32.8</ele></trkpt>
      <trkpt lat="60.200822" lon="24.913822"><ele>33</ele></trkpt>
      <trkpt lat="60.200822" lon="24.91377"><ele>33.2</ele></trkpt>
      <trkpt lat="60.200825" lon="24.91371"><ele>33.4</ele></trkpt>
      <trkpt lat="60.200825" lon="24.913647"><ele>33.4</ele></trkpt>
      <trkpt lat="60.200827" lon="24.913592"><ele>33.4</ele></trkpt>
      <trkpt lat="60.200837" lon="24.913532"><ele>33.6</ele></trkpt>
      <trkpt lat="60.200853" lon="24.913477"><ele>33.6</ele></trkpt>
      <trkpt lat="60.200872" lon="24.913435"><ele>33.6</ele></trkpt>
      <trkpt lat="60.200892" lon="24.913395"><ele>33.8</ele></trkpt>
      <trkpt lat="60.200917" lon="24.913352"><ele>34</ele></trkpt>
      <trkpt lat="60.200937" lon="24.913312"><ele>34.2</ele></trkpt>
      <trkpt lat="60.200967" lon="24.913265"><ele>34.4</ele></trkpt>
      <trkpt lat="60.201002" lon="24.913215"><ele>34.4</ele></trkpt>
      <trkpt lat="60.201037" lon="24.913165"><ele>34.6</ele></trkpt>
      <trkpt lat="60.201067" lon="24.913122"><ele>34.6</ele></trkpt>
      <trkpt lat="60.2011" lon="24.913082"><ele>34.8</ele></trkpt>
      <trkpt lat="60.201137" lon="24.913055"><ele>34.8</ele></trkpt>
      <trkpt lat="60.201177" lon="24.913012"><ele>34.8</ele></trkpt>
      <trkpt lat="60.201225" lon="24.912957"><ele>34.8</ele></trkpt>
      <trkpt lat="60.201257" lon="24.912877"><ele>34.4</ele></trkpt>
      <trkpt lat="60.2013" lon="24.912827"><ele>34</ele></trkpt>
      <trkpt lat="60.201337" lon="24.912795"><ele>33.8</ele></trkpt>
      <trkpt lat="60.201372" lon="24.912747"><ele>33.8</ele></trkpt>
      <trkpt lat="60.201407" lon="24.912697"><ele>33.6</ele></trkpt>
      <trkpt lat="60.201442" lon="24.912667"><ele>33.4</ele></trkpt>
      <trkpt lat="60.201485" lon="24.912632"><ele>33</ele></trkpt>
      <trkpt lat="60.201535" lon="24.912617"><ele>32.4</ele></trkpt>
      <trkpt lat="60.20158" lon="24.912632"><ele>31.6</ele></trkpt>
      <trkpt lat="60.201625" lon="24.912635"><ele>31.2</ele></trkpt>
      <trkpt lat="60.201672" lon="24.912632"><ele>30.6</ele></trkpt>
      <trkpt lat="60.201722" lon="24.912635"><ele>30.2</ele></trkpt>
      <trkpt lat="60.201762" lon="24.912645"><ele>30</ele></trkpt>
      <trkpt lat="60.201802" lon="24.912672"><ele>29.6</ele></trkpt>
      <trkpt lat="60.201842" lon="24.912712"><ele>29.2</ele></trkpt>
      <trkpt lat="60.201887" lon="24.912735"><ele>28.8</ele></trkpt>
      <trkpt lat="60.201927" lon="24.912755"><ele>28.4</ele></trkpt>
      <trkpt lat="60.201955" lon="24.912765"><ele>28.2</ele></trkpt>
      <trkpt lat="60.201977" lon="24.91277"><ele>28</ele></trkpt>
      <trkpt lat="60.202017" lon="24.912795"><ele>27.8</ele></trkpt>
      <trkpt lat="60.202037" lon="24.912812"><ele>27.8</ele></trkpt>
      <trkpt lat="60.202057" lon="24.912817"><ele>27.8</ele></trkpt>
      <trkpt lat="60.202085" lon="24.91282"><ele>27.6</ele></trkpt>
      <trkpt lat="60.202115" lon="24.91282"><ele>27.6</ele></trkpt>
      <trkpt lat="60.202147" lon="24.912825"><ele>27.8</ele></trkpt>
      <trkpt lat="60.202182" lon="24.912827"><ele>27.8</ele></trkpt>
      <trkpt lat="60.202212" lon="24.912812"><ele>27.8</ele></trkpt>
      <trkpt lat="60.202247" lon="24.912782"><ele>27.8</ele></trkpt>
      <trkpt lat="60.202287" lon="24.912762"><ele>28</ele></trkpt>
      <trkpt lat="60.202335" lon="24.912747"><ele>28.2</ele></trkpt>
      <trkpt lat="60.202382" lon="24.912732"><ele>28.2</ele></trkpt>
      <trkpt lat="60.202417" lon="24.912717"><ele>28.2</ele></trkpt>
      <trkpt lat="60.202455" lon="24.912703"><ele>28.2</ele></trkpt>
      <trkpt lat="60.202482" lon="24.912687"><ele>28.2</ele></trkpt>
      <trkpt lat="60.202522" lon="24.91268"><ele>28.2</ele></trkpt>
      <trkpt lat="60.202562" lon="24.912675"><ele>28.2</ele></trkpt>
      <trkpt lat="60.202617" lon="24.912672"><ele>28.2</ele></trkpt>
      <trkpt lat="60.202665" lon="24.912662"><ele>28.2</ele></trkpt>
      <trkpt lat="60.202712" lon="24.912637"><ele>28</ele></trkpt>
      <trkpt lat="60.202757" lon="24.912587"><ele>27.6</ele></trkpt>
      <trkpt lat="60.202802" lon="24.912557"><ele>27.4</ele></trkpt>
      <trkpt lat="60.202852" lon="24.912537"><ele>27.2</ele></trkpt>
      <trkpt lat="60.202897" lon="24.912517"><ele>27</ele></trkpt>
      <trkpt lat="60.202942" lon="24.91249"><ele>26.6</ele></trkpt>
      <trkpt lat="60.202978" lon="24.912467"><ele>26.4</ele></trkpt>
      <trkpt lat="60.203017" lon="24.912477"><ele>26.4</ele></trkpt>
      <trkpt lat="60.203055" lon="24.91251"><ele>26.6</ele></trkpt>
      <trkpt lat="60.20309" lon="24.912535"><ele>26.6</ele></trkpt>
      <trkpt lat="60.203118" lon="24.91256"><ele>26.8</ele></trkpt>
      <trkpt lat="60.20316" lon="24.912597"><ele>27</ele></trkpt>
      <trkpt lat="60.203197" lon="24.91263"><ele>27.2</ele></trkpt>
      <trkpt lat="60.203237" lon="24.912642"><ele>27.2</ele></trkpt>
      <trkpt lat="60.203277" lon="24.912642"><ele>27.4</ele></trkpt>
      <trkpt lat="60.203307" lon="24.912615"><ele>27.4</ele></trkpt>
      <trkpt lat="60.203327" lon="24.912587"><ele>27.4</ele></trkpt>
      <trkpt lat="60.203345" lon="24.912542"><ele>27.6</ele></trkpt>
      <trkpt lat="60.203377" lon="24.912502"><ele>27.8</ele></trkpt>
      <trkpt lat="60.203415" lon="24.912462"><ele>28</ele></trkpt>
      <trkpt lat="60.203452" lon="24.91242"><ele>28</ele></trkpt>
      <trkpt lat="60.203495" lon="24.912375"><ele>27.8</ele></trkpt>
      <trkpt lat="60.203537" lon="24.912347"><ele>27.8</ele></trkpt>
      <trkpt lat="60.20358" lon="24.912315"><ele>27.6</ele></trkpt>
      <trkpt lat="60.203615" lon="24.912285"><ele>27.4</ele></trkpt>
      <trkpt lat="60.203652" lon="24.912247"><ele>27.4</ele></trkpt>
      <trkpt lat="60.203685" lon="24.9122"><ele>27.2</ele></trkpt>
      <trkpt lat="60.203702" lon="24.91216"><ele>27.2</ele></trkpt>
      <trkpt lat="60.203712" lon="24.912115"><ele>27.4</ele></trkpt>
      <trkpt lat="60.203717" lon="24.912052"><ele>27.6</ele></trkpt>
      <trkpt lat="60.203727" lon="24.911987"><ele>27.8</ele></trkpt>
      <trkpt lat="60.203737" lon="24.911927"><ele>28</ele></trkpt>
      <trkpt lat="60.203757" lon="24.911885"><ele>28.2</ele></trkpt>
      <trkpt lat="60.203775" lon="24.911862"><ele>28.6</ele></trkpt>
      <trkpt lat="60.203792" lon="24.911817"><ele>28.6</ele></trkpt>
      <trkpt lat="60.203808" lon="24.911775"><ele>28.8</ele></trkpt>
      <trkpt lat="60.203837" lon="24.91171"><ele>28.8</ele></trkpt>
      <trkpt lat="60.203867" lon="24.911645"><ele>29</ele></trkpt>
      <trkpt lat="60.203902" lon="24.911572"><ele>29</ele></trkpt>
      <trkpt lat="60.203952" lon="24.911527"><ele>28.8</ele></trkpt>
      <trkpt lat="60.203997" lon="24.911487"><ele>28.8</ele></trkpt>
      <trkpt lat="60.204052" lon="24.911447"><ele>28.8</ele></trkpt>
      <trkpt lat="60.204102" lon="24.911417"><ele>28.8</ele></trkpt>
      <trkpt lat="60.204155" lon="24.911367"><ele>28.8</ele></trkpt>
      <trkpt lat="60.204205" lon="24.911312"><ele>29</ele></trkpt>
      <trkpt lat="60.204257" lon="24.911262"><ele>29</ele></trkpt>
      <trkpt lat="60.204305" lon="24.911202"><ele>28.8</ele></trkpt>
      <trkpt lat="60.204357" lon="24.911135"><ele>28.8</ele></trkpt>
      <trkpt lat="60.204412" lon="24.911078"><ele>28.8</ele></trkpt>
      <trkpt lat="60.204467" lon="24.911012"><ele>28.6</ele></trkpt>
      <trkpt lat="60.204525" lon="24.910942"><ele>28.2</ele></trkpt>
      <trkpt lat="60.204575" lon="24.910865"><ele>27.8</ele></trkpt>
      <trkpt lat="60.204612" lon="24.910782"><ele>27.4</ele></trkpt>
      <trkpt lat="60.204642" lon="24.910702"><ele>26.8</ele></trkpt>
      <trkpt lat="60.20467" lon="24.910632"><ele>26.4</ele></trkpt>
      <trkpt lat="60.204695" lon="24.910557"><ele>26</ele></trkpt>
      <trkpt lat="60.204725" lon="24.910505"><ele>25.6</ele></trkpt>
      <trkpt lat="60.204747" lon="24.910457"><ele>25.6</ele></trkpt>
      <trkpt lat="60.204767" lon="24.910402"><ele>25.4</ele></trkpt>
      <trkpt lat="60.204782" lon="24.910332"><ele>25.2</ele></trkpt>
      <trkpt lat="60.204802" lon="24.910245"><ele>25</ele></trkpt>
      <trkpt lat="60.20484" lon="24.910175"><ele>24.8</ele></trkpt>
      <trkpt lat="60.204875" lon="24.910115"><ele>24.6</ele></trkpt>
      <trkpt lat="60.20492" lon="24.910047"><ele>24.4</ele></trkpt>
      <trkpt lat="60.204967" lon="24.909977"><ele>24.4</ele></trkpt>
      <trkpt lat="60.205002" lon="24.909897"><ele>24.4</ele></trkpt>
      <trkpt lat="60.205035" lon="24.909825"><ele>24.4</ele></trkpt>
      <trkpt lat="60.205065" lon="24.909755"><ele>24.4</ele></trkpt>
      <trkpt lat="60.205082" lon="24.9097"><ele>24.6</ele></trkpt>
      <trkpt lat="60.205087" lon="24.909645"><ele>24.6</ele></trkpt>
      <trkpt lat="60.205105" lon="24.909572"><ele>24.8</ele></trkpt>
      <trkpt lat="60.205137" lon="24.90951"><ele>25</ele></trkpt>
      <trkpt lat="60.205172" lon="24.909462"><ele>25.2</ele></trkpt>
      <trkpt lat="60.205207" lon="24.909422"><ele>25.4</ele></trkpt>
      <trkpt lat="60.205232" lon="24.909377"><ele>25.6</ele></trkpt>
      <trkpt lat="60.205265" lon="24.909322"><ele>25.8</ele></trkpt>
      <trkpt lat="60.205302" lon="24.909252"><ele>25.8</ele></trkpt>
      <trkpt lat="60.205337" lon="24.909197"><ele>26</ele></trkpt>
      <trkpt lat="60.20538" lon="24.909172"><ele>26</ele></trkpt>
      <trkpt lat="60.205422" lon="24.90917"><ele>26</ele></trkpt>
      <trkpt lat="60.205472" lon="24.909152"><ele>26</ele></trkpt>
      <trkpt lat="60.20552" lon="24.909117"><ele>26.2</ele></trkpt>
      <trkpt lat="60.205567" lon="24.909072"><ele>26</ele></trkpt>
      <trkpt lat="60.205602" lon="24.909032"><ele>25.8</ele></trkpt>
      <trkpt lat="60.205637" lon="24.908987"><ele>25.6</ele></trkpt>
      <trkpt lat="60.205667" lon="24.908947"><ele>25.2</ele></trkpt>
      <trkpt lat="60.205695" lon="24.908937"><ele>25</ele></trkpt>
      <trkpt lat="60.20573" lon="24.908937"><ele>24.8</ele></trkpt>
      <trkpt lat="60.20576" lon="24.908947"><ele>25</ele></trkpt>
      <trkpt lat="60.205785" lon="24.908957"><ele>25</ele></trkpt>
      <trkpt lat="60.205815" lon="24.908957"><ele>25.2</ele></trkpt>
      <trkpt lat="60.205847" lon="24.908935"><ele>25.2</ele></trkpt>
      <trkpt lat="60.205875" lon="24.90893"><ele>25</ele></trkpt>
      <trkpt lat="60.205897" lon="24.908917"><ele>24.8</ele></trkpt>
      <trkpt lat="60.205927" lon="24.908892"><ele>24.8</ele></trkpt>
      <trkpt lat="60.205957" lon="24.908872"><ele>24.8</ele></trkpt>
      <trkpt lat="60.205992" lon="24.908852"><ele>24.8</ele></trkpt>
      <trkpt lat="60.206022" lon="24.908837"><ele>24.8</ele></trkpt>
      <trkpt lat="60.20605" lon="24.908827"><ele>24.8</ele></trkpt>
      <trkpt lat="60.20607" lon="24.908805"><ele>24.8</ele></trkpt>
      <trkpt lat="60.206092" lon="24.908785"><ele>25</ele></trkpt>
      <trkpt lat="60.206115" lon="24.90877"><ele>25</ele></trkpt>
      <trkpt lat="60.20614" lon="24.908752"><ele>24.8</ele></trkpt>
      <trkpt lat="60.206162" lon="24.908715"><ele>24.8</ele></trkpt>
      <trkpt lat="60.20618" lon="24.908677"><ele>24.8</ele></trkpt>
      <trkpt lat="60.206205" lon="24.908627"><ele>24.8</ele></trkpt>
      <trkpt lat="60.206232" lon="24.908577"><ele>24.8</ele></trkpt>
      <trkpt lat="60.206257" lon="24.908522"><ele>24.8</ele></trkpt>
      <trkpt lat="60.206277" lon="24.908467"><ele>24.6</ele></trkpt>
      <trkpt lat="60.206295" lon="24.908412"><ele>24.4</ele></trkpt>
      <trkpt lat="60.206313" lon="24.908352"><ele>24.2</ele></trkpt>
      <trkpt lat="60.206335" lon="24.908302"><ele>24</ele></trkpt>
      <trkpt lat="60.206352" lon="24.908262"><ele>23.8</ele></trkpt>
      <trkpt lat="60.206377" lon="24.908252"><ele>24</ele></trkpt>
      <trkpt lat="60.206407" lon="24.908247"><ele>24</ele></trkpt>
      <trkpt lat="60.206432" lon="24.908242"><ele>24.2</ele></trkpt>
      <trkpt lat="60.20645" lon="24.908247"><ele>24.4</ele></trkpt>
      <trkpt lat="60.206472" lon="24.908235"><ele>24.6</ele></trkpt>
      <trkpt lat="60.206492" lon="24.908232"><ele>24.8</ele></trkpt>
      <trkpt lat="60.206517" lon="24.908227"><ele>25</ele></trkpt>
      <trkpt lat="60.206552" lon="24.908227"><ele>25</ele></trkpt>
      <trkpt lat="60.206582" lon="24.908222"><ele>25.2</ele></trkpt>
      <trkpt lat="60.206622" lon="24.908217"><ele>25.2</ele></trkpt>
      <trkpt lat="60.20665" lon="24.90822"><ele>25.4</ele></trkpt>
      <trkpt lat="60.206672" lon="24.908232"><ele>25.4</ele></trkpt>
      <trkpt lat="60.206697" lon="24.908247"><ele>25.6</ele></trkpt>
      <trkpt lat="60.206727" lon="24.908267"><ele>25.8</ele></trkpt>
      <trkpt lat="60.206757" lon="24.908277"><ele>26</ele></trkpt>
      <trkpt lat="60.206787" lon="24.908277"><ele>26.2</ele></trkpt>
      <trkpt lat="60.20682" lon="24.908272"><ele>26.4</ele></trkpt>
      <trkpt lat="60.20685" lon="24.908275"><ele>26.6</ele></trkpt>
      <trkpt lat="60.206882" lon="24.90829"><ele>26.6</ele></trkpt>
      <trkpt lat="60.206912" lon="24.908305"><ele>27</ele></trkpt>
      <trkpt lat="60.206935" lon="24.908302"><ele>27.2</ele></trkpt>
      <trkpt lat="60.206955" lon="24.908287"><ele>27.2</ele></trkpt>
      <trkpt lat="60.206977" lon="24.908267"><ele>27.4</ele></trkpt>
      <trkpt lat="60.207002" lon="24.908262"><ele>27.4</ele></trkpt>
      <trkpt lat="60.207027" lon="24.908252"><ele>27.6</ele></trkpt>
      <trkpt lat="60.207047" lon="24.908242"><ele>27.8</ele></trkpt>
      <trkpt lat="60.207065" lon="24.908232"><ele>28.2</ele></trkpt>
      <trkpt lat="60.207077" lon="24.908207"><ele>28.4</ele></trkpt>
      <trkpt lat="60.207097" lon="24.908185"><ele>28.6</ele></trkpt>
      <trkpt lat="60.207122" lon="24.908167"><ele>28.8</ele></trkpt>
      <trkpt lat="60.207147" lon="24.908152"><ele>29</ele></trkpt>
      <trkpt lat="60.207172" lon="24.908142"><ele>29</ele></trkpt>
      <trkpt lat="60.207202" lon="24.908137"><ele>29.2</ele></trkpt>
      <trkpt lat="60.207225" lon="24.90813"><ele>29.4</ele></trkpt>
      <trkpt lat="60.207267" lon="24.908117"><ele>29.8</ele></trkpt>
      <trkpt lat="60.207287" lon="24.908117"><ele>29.8</ele></trkpt>
      <trkpt lat="60.207307" lon="24.90812"><ele>30</ele></trkpt>
      <trkpt lat="60.207342" lon="24.908102"><ele>30.2</ele></trkpt>
      <trkpt lat="60.207357" lon="24.908075"><ele>30.2</ele></trkpt>
      <trkpt lat="60.207372" lon="24.908042"><ele>30.4</ele></trkpt>
      <trkpt lat="60.20739" lon="24.908002"><ele>30.4</ele></trkpt>
      <trkpt lat="60.20741" lon="24.90796"><ele>30.6</ele></trkpt>
      <trkpt lat="60.207427" lon="24.907915"><ele>30.6</ele></trkpt>
      <trkpt lat="60.207452" lon="24.907862"><ele>30.8</ele></trkpt>
      <trkpt lat="60.207487" lon="24.907817"><ele>30.8</ele></trkpt>
      <trkpt lat="60.207517" lon="24.90776"><ele>31</ele></trkpt>
      <trkpt lat="60.207547" lon="24.907712"><ele>31</ele></trkpt>
      <trkpt lat="60.207572" lon="24.907675"><ele>31</ele></trkpt>
      <trkpt lat="60.207597" lon="24.907655"><ele>30.8</ele></trkpt>
      <trkpt lat="60.207625" lon="24.907645"><ele>31</ele></trkpt>
      <trkpt lat="60.207652" lon="24.907637"><ele>31</ele></trkpt>
      <trkpt lat="60.207682" lon="24.907632"><ele>31.2</ele></trkpt>
      <trkpt lat="60.20771" lon="24.907615"><ele>31.4</ele></trkpt>
      <trkpt lat="60.207732" lon="24.907588"><ele>31.6</ele></trkpt>
      <trkpt lat="60.207757" lon="24.907582"><ele>31.8</ele></trkpt>
      <trkpt lat="60.207777" lon="24.907605"><ele>31.8</ele></trkpt>
      <trkpt lat="60.2078" lon="24.907605"><ele>32</ele></trkpt>
      <trkpt lat="60.207827" lon="24.907605"><ele>32</ele></trkpt>
      <trkpt lat="60.207852" lon="24.907612"><ele>32.2</ele></trkpt>
      <trkpt lat="60.20788" lon="24.907625"><ele>32.2</ele></trkpt>
      <trkpt lat="60.207907" lon="24.90763"><ele>32.2</ele></trkpt>
      <trkpt lat="60.207927" lon="24.907637"><ele>32.2</ele></trkpt>
      <trkpt lat="60.207957" lon="24.907627"><ele>32.2</ele></trkpt>
      <trkpt lat="60.207982" lon="24.907632"><ele>32.2</ele></trkpt>
      <trkpt lat="60.207997" lon="24.907667"><ele>32.2</ele></trkpt>
      <trkpt lat="60.20801" lon="24.907707"><ele>32.2</ele></trkpt>
      <trkpt lat="60.208012" lon="24.907755"><ele>32.2</ele></trkpt>
      <trkpt lat="60.208022" lon="24.907817"><ele>32.2</ele></trkpt>
      <trkpt lat="60.208027" lon="24.907882"><ele>32.2</ele></trkpt>
      <trkpt lat="60.20803" lon="24.907957"><ele>32.4</ele></trkpt>
      <trkpt lat="60.208027" lon="24.908032"><ele>32.2</ele></trkpt>
      <trkpt lat="60.20803" lon="24.908092"><ele>32</ele></trkpt>
      <trkpt lat="60.208027" lon="24.908158"><ele>32</ele></trkpt>
      <trkpt lat="60.208027" lon="24.908227"><ele>31.6</ele></trkpt>
      <trkpt lat="60.20803" lon="24.908282"><ele>31.4</ele></trkpt>
      <trkpt lat="60.20804" lon="24.908317"><ele>31</ele></trkpt>
      <trkpt lat="60.208052" lon="24.908362"><ele>30.6</ele></trkpt>
      <trkpt lat="60.20807" lon="24.90842"><ele>30.2</ele></trkpt>
      <trkpt lat="60.208107" lon="24.908487"><ele>29.8</ele></trkpt>
      <trkpt lat="60.208127" lon="24.908587"><ele>29.4</ele></trkpt>
      <trkpt lat="60.208128" lon="24.908705"><ele>29</ele></trkpt>
      <trkpt lat="60.208132" lon="24.908827"><ele>28.4</ele></trkpt>
      <trkpt lat="60.208137" lon="24.908962"><ele>27.8</ele></trkpt>
      <trkpt lat="60.208147" lon="24.909107"><ele>27.4</ele></trkpt>
      <trkpt lat="60.208152" lon="24.90926"><ele>26.8</ele></trkpt>
      <trkpt lat="60.208162" lon="24.909407"><ele>26.4</ele></trkpt>
      <trkpt lat="60.208172" lon="24.909558"><ele>25.8</ele></trkpt>
      <trkpt lat="60.20821" lon="24.90968"><ele>25</ele></trkpt>
      <trkpt lat="60.208265" lon="24.909762"><ele>24.6</ele></trkpt>
      <trkpt lat="60.208325" lon="24.90982"><ele>24.2</ele></trkpt>
      <trkpt lat="60.208387" lon="24.909867"><ele>23.6</ele></trkpt>
      <trkpt lat="60.208447" lon="24.909912"><ele>23</ele></trkpt>
      <trkpt lat="60.208505" lon="24.909952"><ele>22.6</ele></trkpt>
      <trkpt lat="60.208545" lon="24.909932"><ele>22.4</ele></trkpt>
      <trkpt lat="60.208585" lon="24.909912"><ele>22.2</ele></trkpt>
      <trkpt lat="60.208627" lon="24.909892"><ele>21.8</ele></trkpt>
      <trkpt lat="60.208655" lon="24.909872"><ele>21.8</ele></trkpt>
      <trkpt lat="60.208677" lon="24.909862"><ele>21.8</ele></trkpt>
      <trkpt lat="60.208702" lon="24.909815"><ele>22.2</ele></trkpt>
      <trkpt lat="60.208733" lon="24.909747"><ele>22.8</ele></trkpt>
      <trkpt lat="60.208745" lon="24.909687"><ele>23.2</ele></trkpt>
      <trkpt lat="60.208752" lon="24.909622"><ele>23.6</ele></trkpt>
      <trkpt lat="60.208767" lon="24.909558"><ele>24</ele></trkpt>
      <trkpt lat="60.208785" lon="24.909495"><ele>24.4</ele></trkpt>
      <trkpt lat="60.208812" lon="24.909442"><ele>24.8</ele></trkpt>
      <trkpt lat="60.208835" lon="24.909402"><ele>25.2</ele></trkpt>
      <trkpt lat="60.208845" lon="24.909352"><ele>25.6</ele></trkpt>
      <trkpt lat="60.208857" lon="24.909312"><ele>25.6</ele></trkpt>
      <trkpt lat="60.208857" lon="24.909257"><ele>25.8</ele></trkpt>
      <trkpt lat="60.208867" lon="24.909207"><ele>26</ele></trkpt>
      <trkpt lat="60.208882" lon="24.909157"><ele>26</ele></trkpt>
      <trkpt lat="60.208902" lon="24.909122"><ele>26.2</ele></trkpt>
      <trkpt lat="60.208912" lon="24.909067"><ele>26.2</ele></trkpt>
      <trkpt lat="60.20893" lon="24.909015"><ele>26.4</ele></trkpt>
      <trkpt lat="60.208947" lon="24.908953"><ele>26.6</ele></trkpt>
      <trkpt lat="60.208957" lon="24.9089"><ele>26.6</ele></trkpt>
      <trkpt lat="60.208962" lon="24.908852"><ele>26.8</ele></trkpt>
      <trkpt lat="60.20897" lon="24.908797"><ele>27</ele></trkpt>
      <trkpt lat="60.20899" lon="24.908755"><ele>27</ele></trkpt>
      <trkpt lat="60.209007" lon="24.908715"><ele>27.4</ele></trkpt>
      <trkpt lat="60.20902" lon="24.908672"><ele>27.6</ele></trkpt>
      <trkpt lat="60.209025" lon="24.908622"><ele>28</ele></trkpt>
      <trkpt lat="60.209032" lon="24.90856"><ele>28.4</ele></trkpt>
      <trkpt lat="60.209045" lon="24.908497"><ele>28.6</ele></trkpt>
      <trkpt lat="60.209067" lon="24.908462"><ele>28.8</ele></trkpt>
      <trkpt lat="60.209082" lon="24.908417"><ele>29</ele></trkpt>
      <trkpt lat="60.209097" lon="24.908367"><ele>29.2</ele></trkpt>
      <trkpt lat="60.20912" lon="24.908332"><ele>29.4</ele></trkpt>
      <trkpt lat="60.209132" lon="24.908295"><ele>29.6</ele></trkpt>
      <trkpt lat="60.209137" lon="24.908257"><ele>29.6</ele></trkpt>
      <trkpt lat="60.209145" lon="24.908225"><ele>29.6</ele></trkpt>
      <trkpt lat="60.209157" lon="24.90818"><ele>29.8</ele></trkpt>
      <trkpt lat="60.209162" lon="24.908132"><ele>29.8</ele></trkpt>
      <trkpt lat="60.209172" lon="24.908072"><ele>29.8</ele></trkpt>
      <trkpt lat="60.209187" lon="24.908002"><ele>30</ele></trkpt>
      <trkpt lat="60.209207" lon="24.907933"><ele>30</ele></trkpt>
      <trkpt lat="60.209225" lon="24.907875"><ele>29.8</ele></trkpt>
      <trkpt lat="60.209247" lon="24.907815"><ele>29.8</ele></trkpt>
      <trkpt lat="60.209272" lon="24.90777"><ele>29.6</ele></trkpt>
      <trkpt lat="60.209297" lon="24.907743"><ele>29.4</ele></trkpt>
      <trkpt lat="60.209315" lon="24.907722"><ele>29</ele></trkpt>
      <trkpt lat="60.209342" lon="24.90771"><ele>29</ele></trkpt>
      <trkpt lat="60.209372" lon="24.907677"><ele>29</ele></trkpt>
      <trkpt lat="60.209405" lon="24.907632"><ele>29.2</ele></trkpt>
      <trkpt lat="60.20944" lon="24.907582"><ele>29.2</ele></trkpt>
      <trkpt lat="60.209472" lon="24.907542"><ele>29.2</ele></trkpt>
      <trkpt lat="60.209497" lon="24.907497"><ele>29</ele></trkpt>
      <trkpt lat="60.209512" lon="24.907452"><ele>29</ele></trkpt>
      <trkpt lat="60.209532" lon="24.907422"><ele>28.8</ele></trkpt>
      <trkpt lat="60.209552" lon="24.907402"><ele>28.8</ele></trkpt>
      <trkpt lat="60.209582" lon="24.907375"><ele>28.8</ele></trkpt>
      <trkpt lat="60.20961" lon="24.907355"><ele>28.8</ele></trkpt>
      <trkpt lat="60.209625" lon="24.907325"><ele>28.8</ele></trkpt>
      <trkpt lat="60.209642" lon="24.907295"><ele>28.6</ele></trkpt>
      <trkpt lat="60.209667" lon="24.907262"><ele>28.6</ele></trkpt>
      <trkpt lat="60.209702" lon="24.907242"><ele>28.4</ele></trkpt>
      <trkpt lat="60.209732" lon="24.907242"><ele>28.6</ele></trkpt>
      <trkpt lat="60.209765" lon="24.90723"><ele>28.6</ele></trkpt>
      <trkpt lat="60.209792" lon="24.907235"><ele>28.6</ele></trkpt>
      <trkpt lat="60.209822" lon="24.90725"><ele>28.8</ele></trkpt>
      <trkpt lat="60.209852" lon="24.907257"><ele>28.8</ele></trkpt>
      <trkpt lat="60.209887" lon="24.907255"><ele>28.8</ele></trkpt>
      <trkpt lat="60.209925" lon="24.907232"><ele>29</ele></trkpt>
      <trkpt lat="60.209967" lon="24.907202"><ele>29</ele></trkpt>
      <trkpt lat="60.210005" lon="24.907162"><ele>29.2</ele></trkpt>
      <trkpt lat="60.210035" lon="24.907112"><ele>29</ele></trkpt>
      <trkpt lat="60.210065" lon="24.907082"><ele>28.8</ele></trkpt>
      <trkpt lat="60.210097" lon="24.90705"><ele>28.6</ele></trkpt>
      <trkpt lat="60.210132" lon="24.907027"><ele>28.6</ele></trkpt>
      <trkpt lat="60.210168" lon="24.907002"><ele>28.6</ele></trkpt>
      <trkpt lat="60.210202" lon="24.906972"><ele>28.8</ele></trkpt>
      <trkpt lat="60.210242" lon="24.906942"><ele>28.8</ele></trkpt>
      <trkpt lat="60.210277" lon="24.90691"><ele>29</ele></trkpt>
      <trkpt lat="60.210307" lon="24.906867"><ele>28.8</ele></trkpt>
      <trkpt lat="60.210337" lon="24.906827"><ele>28.8</ele></trkpt>
      <trkpt lat="60.210372" lon="24.906797"><ele>28.8</ele></trkpt>
      <trkpt lat="60.210397" lon="24.90677"><ele>28.8</ele></trkpt>
      <trkpt lat="60.210427" lon="24.906752"><ele>28.8</ele></trkpt>
      <trkpt lat="60.210457" lon="24.90675"><ele>28.8</ele></trkpt>
      <trkpt lat="60.210482" lon="24.906747"><ele>28.8</ele></trkpt>
      <trkpt lat="60.210515" lon="24.906745"><ele>28.8</ele></trkpt>
      <trkpt lat="60.210547" lon="24.906742"><ele>29</ele></trkpt>
      <trkpt lat="60.210582" lon="24.906735"><ele>29</ele></trkpt>
      <trkpt lat="60.210622" lon="24.906715"><ele>29</ele></trkpt>
      <trkpt lat="60.210667" lon="24.906705"><ele>29.2</ele></trkpt>
      <trkpt lat="60.210717" lon="24.9067"><ele>29.2</ele></trkpt>
      <trkpt lat="60.210777" lon="24.906722"><ele>29.2</ele></trkpt>
      <trkpt lat="60.210827" lon="24.906752"><ele>29</ele></trkpt>
      <trkpt lat="60.210882" lon="24.906752"><ele>28.8</ele></trkpt>
      <trkpt lat="60.210942" lon="24.906762"><ele>28.4</ele></trkpt>
      <trkpt lat="60.210997" lon="24.906812"><ele>28.2</ele></trkpt>
      <trkpt lat="60.211047" lon="24.906857"><ele>27.6</ele></trkpt>
      <trkpt lat="60.211092" lon="24.906882"><ele>27.2</ele></trkpt>
      <trkpt lat="60.211142" lon="24.906912"><ele>27</ele></trkpt>
      <trkpt lat="60.211185" lon="24.906947"><ele>26.6</ele></trkpt>
      <trkpt lat="60.211237" lon="24.906967"><ele>26.4</ele></trkpt>
      <trkpt lat="60.211297" lon="24.90697"><ele>26</ele></trkpt>
      <trkpt lat="60.211362" lon="24.90698"><ele>25.8</ele></trkpt>
      <trkpt lat="60.211427" lon="24.907"><ele>25.6</ele></trkpt>
      <trkpt lat="60.211497" lon="24.907012"><ele>25.4</ele></trkpt>
      <trkpt lat="60.211572" lon="24.906992"><ele>25.2</ele></trkpt>
      <trkpt lat="60.21164" lon="24.906983"><ele>25.2</ele></trkpt>
      <trkpt lat="60.211712" lon="24.907017"><ele>24.8</ele></trkpt>
      <trkpt lat="60.211785" lon="24.907045"><ele>24.4</ele></trkpt>
      <trkpt lat="60.211857" lon="24.907077"><ele>23.8</ele></trkpt>
      <trkpt lat="60.211927" lon="24.907077"><ele>23.4</ele></trkpt>
      <trkpt lat="60.21199" lon="24.90704"><ele>22.6</ele></trkpt>
      <trkpt lat="60.212052" lon="24.906992"><ele>21.8</ele></trkpt>
      <trkpt lat="60.212112" lon="24.906942"><ele>21.2</ele></trkpt>
      <trkpt lat="60.212157" lon="24.906887"><ele>20.4</ele></trkpt>
      <trkpt lat="60.212195" lon="24.906822"><ele>20.2</ele></trkpt>
      <trkpt lat="60.212227" lon="24.906755"><ele>20</ele></trkpt>
      <trkpt lat="60.212267" lon="24.906712"><ele>19.8</ele></trkpt>
      <trkpt lat="60.21231" lon="24.906682"><ele>20</ele></trkpt>
      <trkpt lat="60.212357" lon="24.906657"><ele>20</ele></trkpt>
      <trkpt lat="60.212407" lon="24.906627"><ele>20.2</ele></trkpt>
      <trkpt lat="60.21246" lon="24.90659"><ele>20.2</ele></trkpt>
      <trkpt lat="60.212517" lon="24.906557"><ele>20.2</ele></trkpt>
      <trkpt lat="60.212577" lon="24.906532"><ele>20.2</ele></trkpt>
      <trkpt lat="60.212637" lon="24.90651"><ele>20</ele></trkpt>
      <trkpt lat="60.212702" lon="24.906487"><ele>19.8</ele></trkpt>
      <trkpt lat="60.212767" lon="24.906467"><ele>19.6</ele></trkpt>
      <trkpt lat="60.212832" lon="24.906447"><ele>19.4</ele></trkpt>
      <trkpt lat="60.212895" lon="24.906427"><ele>19.2</ele></trkpt>
      <trkpt lat="60.212957" lon="24.906413"><ele>19</ele></trkpt>
      <trkpt lat="60.213017" lon="24.906397"><ele>18.6</ele></trkpt>
      <trkpt lat="60.21308" lon="24.906377"><ele>18.4</ele></trkpt>
      <trkpt lat="60.213142" lon="24.90635"><ele>18.2</ele></trkpt>
      <trkpt lat="60.213207" lon="24.906327"><ele>18</ele></trkpt>
      <trkpt lat="60.21327" lon="24.9063"><ele>18</ele></trkpt>
      <trkpt lat="60.213327" lon="24.906262"><ele>17.8</ele></trkpt>
      <trkpt lat="60.213385" lon="24.906235"><ele>17.6</ele></trkpt>
      <trkpt lat="60.213442" lon="24.90621"><ele>17.4</ele></trkpt>
      <trkpt lat="60.213503" lon="24.90621"><ele>17.4</ele></trkpt>
      <trkpt lat="60.213562" lon="24.906245"><ele>17.2</ele></trkpt>
      <trkpt lat="60.213612" lon="24.906327"><ele>17</ele></trkpt>
      <trkpt lat="60.213642" lon="24.906437"><ele>17</ele></trkpt>
      <trkpt lat="60.213657" lon="24.906557"><ele>16.8</ele></trkpt>
      <trkpt lat="60.213675" lon="24.90668"><ele>16.4</ele></trkpt>
      <trkpt lat="60.213687" lon="24.906802"><ele>16.2</ele></trkpt>
      <trkpt lat="60.213685" lon="24.906937"><ele>15.8</ele></trkpt>
      <trkpt lat="60.213667" lon="24.90706"><ele>15.4</ele></trkpt>
      <trkpt lat="60.213647" lon="24.907172"><ele>15.2</ele></trkpt>
      <trkpt lat="60.213632" lon="24.907282"><ele>15</ele></trkpt>
      <trkpt lat="60.213617" lon="24.907385"><ele>14.8</ele></trkpt>
      <trkpt lat="60.213605" lon="24.907482"><ele>14.6</ele></trkpt>
      <trkpt lat="60.213585" lon="24.907567"><ele>14.2</ele></trkpt>
      <trkpt lat="60.21357" lon="24.907655"><ele>14</ele></trkpt>
      <trkpt lat="60.213557" lon="24.907742"><ele>13.8</ele></trkpt>
      <trkpt lat="60.213537" lon="24.907832"><ele>13.6</ele></trkpt>
      <trkpt lat="60.213517" lon="24.907915"><ele>13.6</ele></trkpt>
      <trkpt lat="60.213502" lon="24.908"><ele>13.8</ele></trkpt>
      <trkpt lat="60.213485" lon="24.908087"><ele>14</ele></trkpt>
      <trkpt lat="60.213462" lon="24.908167"><ele>14</ele></trkpt>
      <trkpt lat="60.213442" lon="24.908242"><ele>14.2</ele></trkpt>
      <trkpt lat="60.213422" lon="24.908315"><ele>14.2</ele></trkpt>
      <trkpt lat="60.213407" lon="24.90839"><ele>14.4</ele></trkpt>
      <trkpt lat="60.213392" lon="24.908467"><ele>14.4</ele></trkpt>
      <trkpt lat="60.21338" lon="24.908542"><ele>14.6</ele></trkpt>
      <trkpt lat="60.21338" lon="24.908612"><ele>14.6</ele></trkpt>
      <trkpt lat="60.213392" lon="24.90868"><ele>14.6</ele></trkpt>
      <trkpt lat="60.213417" lon="24.908727"><ele>14.4</ele></trkpt>
      <trkpt lat="60.213447" lon="24.908752"><ele>14.6</ele></trkpt>
      <trkpt lat="60.213482" lon="24.908763"><ele>14.8</ele></trkpt>
      <trkpt lat="60.213517" lon="24.908787"><ele>15</ele></trkpt>
      <trkpt lat="60.213555" lon="24.90882"><ele>15.2</ele></trkpt>
      <trkpt lat="60.213587" lon="24.908852"><ele>15.4</ele></trkpt>
      <trkpt lat="60.213627" lon="24.908897"><ele>15.4</ele></trkpt>
      <trkpt lat="60.21367" lon="24.908927"><ele>15.6</ele></trkpt>
      <trkpt lat="60.213705" lon="24.908967"><ele>15.6</ele></trkpt>
      <trkpt lat="60.213742" lon="24.909015"><ele>15.6</ele></trkpt>
      <trkpt lat="60.213775" lon="24.909062"><ele>15.6</ele></trkpt>
      <trkpt lat="60.213805" lon="24.909105"><ele>15.6</ele></trkpt>
      <trkpt lat="60.213822" lon="24.90914"><ele>15.8</ele></trkpt>
      <trkpt lat="60.213827" lon="24.909177"><ele>15.8</ele></trkpt>
      <trkpt lat="60.213842" lon="24.90922"><ele>16</ele></trkpt>
      <trkpt lat="60.213855" lon="24.90927"><ele>16</ele></trkpt>
      <trkpt lat="60.213867" lon="24.909317"><ele>16.2</ele></trkpt>
      <trkpt lat="60.213877" lon="24.90939"><ele>16.4</ele></trkpt>
      <trkpt lat="60.213883" lon="24.909445"><ele>16.4</ele></trkpt>
      <trkpt lat="60.213892" lon="24.909497"><ele>16.6</ele></trkpt>
      <trkpt lat="60.213895" lon="24.909552"><ele>16.8</ele></trkpt>
      <trkpt lat="60.213897" lon="24.909602"><ele>16.8</ele></trkpt>
      <trkpt lat="60.213897" lon="24.909647"><ele>17.4</ele></trkpt>
      <trkpt lat="60.213907" lon="24.90969"><ele>17.8</ele></trkpt>
      <trkpt lat="60.213912" lon="24.909745"><ele>18.4</ele></trkpt>
      <trkpt lat="60.213917" lon="24.909795"><ele>18.6</ele></trkpt>
      <trkpt lat="60.213927" lon="24.909847"><ele>18.6</ele></trkpt>
      <trkpt lat="60.213937" lon="24.909897"><ele>18.8</ele></trkpt>
      <trkpt lat="60.213952" lon="24.909947"><ele>19</ele></trkpt>
      <trkpt lat="60.213972" lon="24.910007"><ele>19.2</ele></trkpt>
      <trkpt lat="60.213992" lon="24.910072"><ele>19.2</ele></trkpt>
      <trkpt lat="60.214017" lon="24.910142"><ele>19.4</ele></trkpt>
      <trkpt lat="60.214045" lon="24.910217"><ele>19.4</ele></trkpt>
      <trkpt lat="60.214072" lon="24.910297"><ele>19.4</ele></trkpt>
      <trkpt lat="60.214102" lon="24.910367"><ele>19.4</ele></trkpt>
      <trkpt lat="60.214127" lon="24.910437"><ele>19.2</ele></trkpt>
      <trkpt lat="60.214157" lon="24.910502"><ele>19</ele></trkpt>
      <trkpt lat="60.214187" lon="24.910562"><ele>19</ele></trkpt>
      <trkpt lat="60.214212" lon="24.910625"><ele>18.8</ele></trkpt>
      <trkpt lat="60.214242" lon="24.91068"><ele>18.8</ele></trkpt>
      <trkpt lat="60.214277" lon="24.91074"><ele>18.8</ele></trkpt>
      <trkpt lat="60.214305" lon="24.910787"><ele>19</ele></trkpt>
      <trkpt lat="60.214342" lon="24.910825"><ele>19</ele></trkpt>
      <trkpt lat="60.21437" lon="24.910882"><ele>19</ele></trkpt>
      <trkpt lat="60.21437" lon="24.91097"><ele>19</ele></trkpt>
      <trkpt lat="60.214365" lon="24.911052"><ele>19</ele></trkpt>
      <trkpt lat="60.214367" lon="24.91114"><ele>19.2</ele></trkpt>
      <trkpt lat="60.214362" lon="24.911222"><ele>19.2</ele></trkpt>
      <trkpt lat="60.21434" lon="24.911295"><ele>19.2</ele></trkpt>
      <trkpt lat="60.21431" lon="24.91138"><ele>19.2</ele></trkpt>
      <trkpt lat="60.21428" lon="24.911452"><ele>19.4</ele></trkpt>
      <trkpt lat="60.214245" lon="24.911537"><ele>19.2</ele></trkpt>
      <trkpt lat="60.214212" lon="24.911607"><ele>19.2</ele></trkpt>
      <trkpt lat="60.214182" lon="24.911662"><ele>19</ele></trkpt>
      <trkpt lat="60.214167" lon="24.911702"><ele>19</ele></trkpt>
      <trkpt lat="60.214157" lon="24.91175"><ele>19.4</ele></trkpt>
      <trkpt lat="60.214162" lon="24.911787"><ele>19.8</ele></trkpt>
      <trkpt lat="60.214182" lon="24.911825"><ele>20</ele></trkpt>
      <trkpt lat="60.21421" lon="24.911825"><ele>20.4</ele></trkpt>
      <trkpt lat="60.214232" lon="24.911802"><ele>20.6</ele></trkpt>
      <trkpt lat="60.21426" lon="24.911807"><ele>20.8</ele></trkpt>
      <trkpt lat="60.214285" lon="24.911835"><ele>21</ele></trkpt>
      <trkpt lat="60.21432" lon="24.91186"><ele>21</ele></trkpt>
      <trkpt lat="60.214345" lon="24.911882"><ele>21</ele></trkpt>
      <trkpt lat="60.214367" lon="24.911927"><ele>21</ele></trkpt>
      <trkpt lat="60.214377" lon="24.911997"><ele>20.8</ele></trkpt>
      <trkpt lat="60.214387" lon="24.912062"><ele>20.8</ele></trkpt>
      <trkpt lat="60.214402" lon="24.912115"><ele>20.8</ele></trkpt>
      <trkpt lat="60.21441" lon="24.912162"><ele>20.8</ele></trkpt>
      <trkpt lat="60.214418" lon="24.912205"><ele>20.8</ele></trkpt>
      <trkpt lat="60.21444" lon="24.912272"><ele>21</ele></trkpt>
      <trkpt lat="60.214465" lon="24.912337"><ele>21.4</ele></trkpt>
      <trkpt lat="60.2145" lon="24.912372"><ele>21.6</ele></trkpt>
      <trkpt lat="60.214537" lon="24.912382"><ele>21.6</ele></trkpt>
      <trkpt lat="60.214575" lon="24.912387"><ele>21.4</ele></trkpt>
      <trkpt lat="60.21461" lon="24.91239"><ele>21.2</ele></trkpt>
      <trkpt lat="60.214647" lon="24.91239"><ele>21.2</ele></trkpt>
      <trkpt lat="60.21469" lon="24.9124"><ele>21.2</ele></trkpt>
      <trkpt lat="60.214722" lon="24.912417"><ele>21</ele></trkpt>
      <trkpt lat="60.214752" lon="24.91244"><ele>21</ele></trkpt>
      <trkpt lat="60.214787" lon="24.912477"><ele>20.8</ele></trkpt>
      <trkpt lat="60.214822" lon="24.91251"><ele>21</ele></trkpt>
      <trkpt lat="60.214857" lon="24.91254"><ele>21</ele></trkpt>
      <trkpt lat="60.214892" lon="24.912565"><ele>21</ele></trkpt>
      <trkpt lat="60.214932" lon="24.912572"><ele>21.2</ele></trkpt>
      <trkpt lat="60.21497" lon="24.912592"><ele>21.2</ele></trkpt>
      <trkpt lat="60.215002" lon="24.912622"><ele>21.2</ele></trkpt>
      <trkpt lat="60.215037" lon="24.912662"><ele>21.2</ele></trkpt>
      <trkpt lat="60.215072" lon="24.912687"><ele>21</ele></trkpt>
      <trkpt lat="60.215112" lon="24.912722"><ele>21</ele></trkpt>
      <trkpt lat="60.215147" lon="24.91278"><ele>20.8</ele></trkpt>
      <trkpt lat="60.215172" lon="24.91281"><ele>20.8</ele></trkpt>
      <trkpt lat="60.2152" lon="24.912852"><ele>20.8</ele></trkpt>
      <trkpt lat="60.215222" lon="24.91288"><ele>20.8</ele></trkpt>
      <trkpt lat="60.215242" lon="24.912897"><ele>20.8</ele></trkpt>
      <trkpt lat="60.21526" lon="24.912925"><ele>21</ele></trkpt>
      <trkpt lat="60.215277" lon="24.912957"><ele>21</ele></trkpt>
      <trkpt lat="60.2153" lon="24.913002"><ele>21.2</ele></trkpt>
      <trkpt lat="60.215322" lon="24.913037"><ele>21.2</ele></trkpt>
      <trkpt lat="60.215357" lon="24.913057"><ele>21.4</ele></trkpt>
      <trkpt lat="60.215382" lon="24.913057"><ele>21.4</ele></trkpt>
      <trkpt lat="60.215407" lon="24.913057"><ele>21.4</ele></trkpt>
      <trkpt lat="60.215437" lon="24.913055"><ele>21.6</ele></trkpt>
      <trkpt lat="60.215452" lon="24.913035"><ele>21.6</ele></trkpt>
      <trkpt lat="60.215472" lon="24.91301"><ele>21.6</ele></trkpt>
      <trkpt lat="60.215495" lon="24.91299"><ele>21.6</ele></trkpt>
      <trkpt lat="60.215517" lon="24.912975"><ele>21.6</ele></trkpt>
      <trkpt lat="60.21555" lon="24.912952"><ele>21.8</ele></trkpt>
      <trkpt lat="60.215577" lon="24.912945"><ele>21.8</ele></trkpt>
      <trkpt lat="60.2156" lon="24.91295"><ele>21.8</ele></trkpt>
      <trkpt lat="60.21562" lon="24.912952"><ele>21.8</ele></trkpt>
      <trkpt lat="60.215637" lon="24.91295"><ele>22</ele></trkpt>
      <trkpt lat="60.215675" lon="24.912955"><ele>22.2</ele></trkpt>
      <trkpt lat="60.21569" lon="24.912977"><ele>22.2</ele></trkpt>
      <trkpt lat="60.215712" lon="24.91299"><ele>22.2</ele></trkpt>
      <trkpt lat="60.215737" lon="24.912997"><ele>22.4</ele></trkpt>
      <trkpt lat="60.21576" lon="24.913017"><ele>22.6</ele></trkpt>
      <trkpt lat="60.215782" lon="24.91303"><ele>22.6</ele></trkpt>
      <trkpt lat="60.215802" lon="24.91303"><ele>22.8</ele></trkpt>
      <trkpt lat="60.21583" lon="24.913035"><ele>23</ele></trkpt>
      <trkpt lat="60.215857" lon="24.913035"><ele>23.2</ele></trkpt>
      <trkpt lat="60.21588" lon="24.91304"><ele>23.4</ele></trkpt>
      <trkpt lat="60.2159" lon="24.913047"><ele>23.4</ele></trkpt>
      <trkpt lat="60.215917" lon="24.913057"><ele>23.6</ele></trkpt>
      <trkpt lat="60.215942" lon="24.913057"><ele>23.8</ele></trkpt>
      <trkpt lat="60.215977" lon="24.913082"><ele>24</ele></trkpt>
      <trkpt lat="60.215995" lon="24.913102"><ele>24.2</ele></trkpt>
      <trkpt lat="60.216012" lon="24.913122"><ele>24.2</ele></trkpt>
      <trkpt lat="60.21603" lon="24.913147"><ele>24.4</ele></trkpt>
      <trkpt lat="60.21605" lon="24.91317"><ele>24.6</ele></trkpt>
      <trkpt lat="60.216067" lon="24.913185"><ele>24.6</ele></trkpt>
      <trkpt lat="60.216082" lon="24.913207"><ele>24.6</ele></trkpt>
      <trkpt lat="60.21611" lon="24.913237"><ele>24.8</ele></trkpt>
      <trkpt lat="60.216127" lon="24.913272"><ele>25</ele></trkpt>
      <trkpt lat="60.216142" lon="24.913312"><ele>25.2</ele></trkpt>
      <trkpt lat="60.216163" lon="24.913332"><ele>25.6</ele></trkpt>
      <trkpt lat="60.216185" lon="24.913352"><ele>26.4</ele></trkpt>
      <trkpt lat="60.21621" lon="24.913357"><ele>26.4</ele></trkpt>
      <trkpt lat="60.216227" lon="24.913382"><ele>26.6</ele></trkpt>
      <trkpt lat="60.216242" lon="24.913412"><ele>26.6</ele></trkpt>
      <trkpt lat="60.216257" lon="24.913447"><ele>26.8</ele></trkpt>
      <trkpt lat="60.216272" lon="24.913475"><ele>27</ele></trkpt>
      <trkpt lat="60.21629" lon="24.913507"><ele>27.2</ele></trkpt>
      <trkpt lat="60.216317" lon="24.913532"><ele>27.6</ele></trkpt>
      <trkpt lat="60.21634" lon="24.913552"><ele>28.2</ele></trkpt>
      <trkpt lat="60.216367" lon="24.913562"><ele>28.4</ele></trkpt>
      <trkpt lat="60.216387" lon="24.913552"><ele>28.6</ele></trkpt>
      <trkpt lat="60.216407" lon="24.913545"><ele>28.8</ele></trkpt>
      <trkpt lat="60.216425" lon="24.913537"><ele>29</ele></trkpt>
      <trkpt lat="60.216445" lon="24.913527"><ele>29.2</ele></trkpt>
      <trkpt lat="60.216467" lon="24.91353"><ele>29.4</ele></trkpt>
      <trkpt lat="60.216487" lon="24.913542"><ele>29.4</ele></trkpt>
      <trkpt lat="60.216507" lon="24.913557"><ele>29.6</ele></trkpt>
      <trkpt lat="60.216525" lon="24.913567"><ele>29.8</ele></trkpt>
      <trkpt lat="60.216542" lon="24.913587"><ele>30</ele></trkpt>
      <trkpt lat="60.216567" lon="24.913597"><ele>30.2</ele></trkpt>
      <trkpt lat="60.216587" lon="24.913592"><ele>30.4</ele></trkpt>
      <trkpt lat="60.216607" lon="24.913592"><ele>30.4</ele></trkpt>
      <trkpt lat="60.216625" lon="24.913582"><ele>30.6</ele></trkpt>
      <trkpt lat="60.21665" lon="24.91356"><ele>30.8</ele></trkpt>
      <trkpt lat="60.216667" lon="24.913547"><ele>30.8</ele></trkpt>
      <trkpt lat="60.216702" lon="24.913542"><ele>31.2</ele></trkpt>
      <trkpt lat="60.216722" lon="24.913542"><ele>31.4</ele></trkpt>
      <trkpt lat="60.216742" lon="24.913537"><ele>31.4</ele></trkpt>
      <trkpt lat="60.216767" lon="24.913532"><ele>31.6</ele></trkpt>
      <trkpt lat="60.216797" lon="24.91353"><ele>31.6</ele></trkpt>
      <trkpt lat="60.216817" lon="24.913532"><ele>31.8</ele></trkpt>
      <trkpt lat="60.216837" lon="24.913527"><ele>31.6</ele></trkpt>
      <trkpt lat="60.216862" lon="24.913527"><ele>31.6</ele></trkpt>
      <trkpt lat="60.216882" lon="24.913535"><ele>31.6</ele></trkpt>
      <trkpt lat="60.216917" lon="24.913547"><ele>31.8</ele></trkpt>
      <trkpt lat="60.21694" lon="24.913542"><ele>31.8</ele></trkpt>
      <trkpt lat="60.216962" lon="24.913545"><ele>31.8</ele></trkpt>
      <trkpt lat="60.216987" lon="24.913562"><ele>32</ele></trkpt>
      <trkpt lat="60.217" lon="24.91359"><ele>32</ele></trkpt>
      <trkpt lat="60.21701" lon="24.913627"><ele>32</ele></trkpt>
      <trkpt lat="60.217025" lon="24.913662"><ele>32.2</ele></trkpt>
      <trkpt lat="60.21704" lon="24.913707"><ele>32.4</ele></trkpt>
      <trkpt lat="60.217037" lon="24.91376"><ele>32.4</ele></trkpt>
      <trkpt lat="60.217027" lon="24.913812"><ele>32.6</ele></trkpt>
      <trkpt lat="60.217012" lon="24.913872"><ele>32.8</ele></trkpt>
      <trkpt lat="60.216992" lon="24.91393"><ele>33</ele></trkpt>
      <trkpt lat="60.216975" lon="24.91399"><ele>33</ele></trkpt>
      <trkpt lat="60.216962" lon="24.914047"><ele>33.2</ele></trkpt>
      <trkpt lat="60.216947" lon="24.914097"><ele>33.2</ele></trkpt>
      <trkpt lat="60.216937" lon="24.914147"><ele>33.2</ele></trkpt>
      <trkpt lat="60.216922" lon="24.91421"><ele>33.2</ele></trkpt>
      <trkpt lat="60.216907" lon="24.91427"><ele>33.2</ele></trkpt>
      <trkpt lat="60.216887" lon="24.914322"><ele>33.2</ele></trkpt>
      <trkpt lat="60.216872" lon="24.914362"><ele>33.4</ele></trkpt>
      <trkpt lat="60.216852" lon="24.914412"><ele>33.4</ele></trkpt>
      <trkpt lat="60.216838" lon="24.914447"><ele>34.4</ele></trkpt>
      <trkpt lat="60.216817" lon="24.914477"><ele>34.8</ele></trkpt>
      <trkpt lat="60.216807" lon="24.914505"><ele>35.4</ele></trkpt>
      <trkpt lat="60.216782" lon="24.914542"><ele>35.6</ele></trkpt>
      <trkpt lat="60.216767" lon="24.914572"><ele>35.6</ele></trkpt>
      <trkpt lat="60.216752" lon="24.914595"><ele>35.6</ele></trkpt>
      <trkpt lat="60.216737" lon="24.914622"><ele>35.8</ele></trkpt>
      <trkpt lat="60.216725" lon="24.914647"><ele>35.8</ele></trkpt>
      <trkpt lat="60.216715" lon="24.914682"><ele>36</ele></trkpt>
      <trkpt lat="60.216702" lon="24.914747"><ele>36.2</ele></trkpt>
      <trkpt lat="60.21669" lon="24.914775"><ele>36.4</ele></trkpt>
      <trkpt lat="60.216677" lon="24.9148"><ele>36.6</ele></trkpt>
      <trkpt lat="60.216667" lon="24.914832"><ele>36.8</ele></trkpt>
      <trkpt lat="60.216652" lon="24.91488"><ele>37</ele></trkpt>
      <trkpt lat="60.216635" lon="24.914927"><ele>37</ele></trkpt>
      <trkpt lat="60.216617" lon="24.914972"><ele>36.8</ele></trkpt>
      <trkpt lat="60.216605" lon="24.915027"><ele>36.8</ele></trkpt>
      <trkpt lat="60.216587" lon="24.91508"><ele>36.8</ele></trkpt>
      <trkpt lat="60.216572" lon="24.915132"><ele>36.8</ele></trkpt>
      <trkpt lat="60.216552" lon="24.915185"><ele>36.8</ele></trkpt>
      <trkpt lat="60.216535" lon="24.915232"><ele>36.6</ele></trkpt>
      <trkpt lat="60.21652" lon="24.915287"><ele>36.6</ele></trkpt>
      <trkpt lat="60.216517" lon="24.915365"><ele>36.6</ele></trkpt>
      <trkpt lat="60.216525" lon="24.91544"><ele>36.4</ele></trkpt>
      <trkpt lat="60.216537" lon="24.91551"><ele>36.4</ele></trkpt>
      <trkpt lat="60.216542" lon="24.915575"><ele>36.4</ele></trkpt>
      <trkpt lat="60.216542" lon="24.915645"><ele>36.4</ele></trkpt>
      <trkpt lat="60.216555" lon="24.91571"><ele>36.6</ele></trkpt>
      <trkpt lat="60.216572" lon="24.915767"><ele>36.6</ele></trkpt>
      <trkpt lat="60.216595" lon="24.915807"><ele>36.8</ele></trkpt>
      <trkpt lat="60.21662" lon="24.915842"><ele>36.8</ele></trkpt>
      <trkpt lat="60.216642" lon="24.915857"><ele>36.8</ele></trkpt>
      <trkpt lat="60.216672" lon="24.915867"><ele>36.8</ele></trkpt>
      <trkpt lat="60.216697" lon="24.915897"><ele>37</ele></trkpt>
      <trkpt lat="60.216715" lon="24.91593"><ele>37</ele></trkpt>
      <trkpt lat="60.216752" lon="24.915962"><ele>37.2</ele></trkpt>
      <trkpt lat="60.21678" lon="24.915987"><ele>37.2</ele></trkpt>
      <trkpt lat="60.216797" lon="24.91601"><ele>37.2</ele></trkpt>
      <trkpt lat="60.216832" lon="24.916022"><ele>37.2</ele></trkpt>
      <trkpt lat="60.216852" lon="24.916052"><ele>37.2</ele></trkpt>
      <trkpt lat="60.216867" lon="24.916087"><ele>37.2</ele></trkpt>
      <trkpt lat="60.21688" lon="24.916122"><ele>37.2</ele></trkpt>
      <trkpt lat="60.216902" lon="24.916172"><ele>37</ele></trkpt>
      <trkpt lat="60.216922" lon="24.916187"><ele>37.2</ele></trkpt>
      <trkpt lat="60.216942" lon="24.916192"><ele>37</ele></trkpt>
      <trkpt lat="60.216962" lon="24.91619"><ele>37</ele></trkpt>
      <trkpt lat="60.216992" lon="24.916202"><ele>37.2</ele></trkpt>
      <trkpt lat="60.21701" lon="24.916197"><ele>37.2</ele></trkpt>
      <trkpt lat="60.217035" lon="24.916197"><ele>37.4</ele></trkpt>
      <trkpt lat="60.21706" lon="24.9162"><ele>37.4</ele></trkpt>
      <trkpt lat="60.217085" lon="24.916192"><ele>37.4</ele></trkpt>
      <trkpt lat="60.217112" lon="24.916182"><ele>37.6</ele></trkpt>
      <trkpt lat="60.21714" lon="24.916155"><ele>37.6</ele></trkpt>
      <trkpt lat="60.217172" lon="24.916147"><ele>37.6</ele></trkpt>
      <trkpt lat="60.217187" lon="24.916187"><ele>37.6</ele></trkpt>
      <trkpt lat="60.217197" lon="24.916257"><ele>36.8</ele></trkpt>
      <trkpt lat="60.217217" lon="24.916317"><ele>36.2</ele></trkpt>
      <trkpt lat="60.217235" lon="24.916355"><ele>36</ele></trkpt>
      <trkpt lat="60.217257" lon="24.91639"><ele>35.8</ele></trkpt>
      <trkpt lat="60.217277" lon="24.91643"><ele>35.6</ele></trkpt>
      <trkpt lat="60.217297" lon="24.916467"><ele>35.6</ele></trkpt>
      <trkpt lat="60.217317" lon="24.916497"><ele>35.4</ele></trkpt>
      <trkpt lat="60.21734" lon="24.916512"><ele>35.4</ele></trkpt>
      <trkpt lat="60.217365" lon="24.916535"><ele>35.4</ele></trkpt>
      <trkpt lat="60.217387" lon="24.916575"><ele>35.2</ele></trkpt>
      <trkpt lat="60.2174" lon="24.916627"><ele>35</ele></trkpt>
      <trkpt lat="60.217415" lon="24.916687"><ele>35</ele></trkpt>
      <trkpt lat="60.217432" lon="24.916742"><ele>35</ele></trkpt>
      <trkpt lat="60.217447" lon="24.916767"><ele>34.8</ele></trkpt>
      <trkpt lat="60.217477" lon="24.916798"><ele>34.8</ele></trkpt>
      <trkpt lat="60.217492" lon="24.916825"><ele>35</ele></trkpt>
      <trkpt lat="60.217507" lon="24.916857"><ele>35</ele></trkpt>
      <trkpt lat="60.217517" lon="24.916917"><ele>35.2</ele></trkpt>
      <trkpt lat="60.217537" lon="24.916972"><ele>35.2</ele></trkpt>
      <trkpt lat="60.217565" lon="24.917005"><ele>35.4</ele></trkpt>
      <trkpt lat="60.217582" lon="24.91701"><ele>35.4</ele></trkpt>
      <trkpt lat="60.217615" lon="24.917032"><ele>35.6</ele></trkpt>
      <trkpt lat="60.217635" lon="24.917047"><ele>35.6</ele></trkpt>
      <trkpt lat="60.217655" lon="24.917057"><ele>35.6</ele></trkpt>
      <trkpt lat="60.217675" lon="24.91707"><ele>35.6</ele></trkpt>
      <trkpt lat="60.21771" lon="24.917102"><ele>35.8</ele></trkpt>
      <trkpt lat="60.217727" lon="24.917115"><ele>36</ele></trkpt>
      <trkpt lat="60.217742" lon="24.917137"><ele>36</ele></trkpt>
      <trkpt lat="60.217752" lon="24.917172"><ele>36.2</ele></trkpt>
      <trkpt lat="60.217772" lon="24.9172"><ele>35.8</ele></trkpt>
      <trkpt lat="60.217782" lon="24.917267"><ele>36</ele></trkpt>
      <trkpt lat="60.217797" lon="24.917337"><ele>35.8</ele></trkpt>
      <trkpt lat="60.21782" lon="24.91743"><ele>35.8</ele></trkpt>
      <trkpt lat="60.217823" lon="24.91754"><ele>35.6</ele></trkpt>
      <trkpt lat="60.217815" lon="24.917635"><ele>35.2</ele></trkpt>
      <trkpt lat="60.217812" lon="24.917722"><ele>34.6</ele></trkpt>
      <trkpt lat="60.217807" lon="24.917805"><ele>34.2</ele></trkpt>
      <trkpt lat="60.217782" lon="24.917872"><ele>34</ele></trkpt>
      <trkpt lat="60.217752" lon="24.917917"><ele>33.6</ele></trkpt>
      <trkpt lat="60.217732" lon="24.917987"><ele>33.2</ele></trkpt>
      <trkpt lat="60.217715" lon="24.918065"><ele>33</ele></trkpt>
      <trkpt lat="60.217707" lon="24.918132"><ele>33</ele></trkpt>
      <trkpt lat="60.217692" lon="24.918192"><ele>32.6</ele></trkpt>
      <trkpt lat="60.217677" lon="24.91825"><ele>32.4</ele></trkpt>
      <trkpt lat="60.217662" lon="24.918292"><ele>32.2</ele></trkpt>
      <trkpt lat="60.217647" lon="24.918347"><ele>32</ele></trkpt>
      <trkpt lat="60.21763" lon="24.9184"><ele>32</ele></trkpt>
      <trkpt lat="60.217607" lon="24.918465"><ele>32.2</ele></trkpt>
      <trkpt lat="60.217587" lon="24.918532"><ele>32.2</ele></trkpt>
      <trkpt lat="60.217577" lon="24.918602"><ele>32.2</ele></trkpt>
      <trkpt lat="60.217562" lon="24.918662"><ele>32.2</ele></trkpt>
      <trkpt lat="60.217547" lon="24.918725"><ele>32.2</ele></trkpt>
      <trkpt lat="60.217535" lon="24.918772"><ele>32.4</ele></trkpt>
      <trkpt lat="60.21752" lon="24.918837"><ele>32.6</ele></trkpt>
      <trkpt lat="60.217507" lon="24.91891"><ele>32.6</ele></trkpt>
      <trkpt lat="60.217495" lon="24.91898"><ele>32.6</ele></trkpt>
      <trkpt lat="60.217482" lon="24.919042"><ele>32.6</ele></trkpt>
      <trkpt lat="60.217472" lon="24.919105"><ele>32.6</ele></trkpt>
      <trkpt lat="60.217465" lon="24.919167"><ele>32.4</ele></trkpt>
      <trkpt lat="60.217462" lon="24.919235"><ele>32.4</ele></trkpt>
      <trkpt lat="60.217457" lon="24.919297"><ele>32.4</ele></trkpt>
      <trkpt lat="60.217447" lon="24.919367"><ele>32.4</ele></trkpt>
      <trkpt lat="60.217435" lon="24.91944"><ele>32.4</ele></trkpt>
      <trkpt lat="60.217437" lon="24.91951"><ele>32.4</ele></trkpt>
      <trkpt lat="60.217437" lon="24.919595"><ele>32.2</ele></trkpt>
      <trkpt lat="60.217437" lon="24.91969"><ele>32.2</ele></trkpt>
      <trkpt lat="60.21744" lon="24.919797"><ele>32</ele></trkpt>
      <trkpt lat="60.21745" lon="24.919897"><ele>31.8</ele></trkpt>
      <trkpt lat="60.217462" lon="24.919992"><ele>31.6</ele></trkpt>
      <trkpt lat="60.217467" lon="24.920077"><ele>31.6</ele></trkpt>
      <trkpt lat="60.217467" lon="24.920182"><ele>31.4</ele></trkpt>
      <trkpt lat="60.21748" lon="24.920295"><ele>31.4</ele></trkpt>
      <trkpt lat="60.217497" lon="24.920402"><ele>31.2</ele></trkpt>
      <trkpt lat="60.217515" lon="24.920502"><ele>31.2</ele></trkpt>
      <trkpt lat="60.217535" lon="24.920597"><ele>31</ele></trkpt>
      <trkpt lat="60.21756" lon="24.920682"><ele>31</ele></trkpt>
      <trkpt lat="60.217582" lon="24.920762"><ele>31.2</ele></trkpt>
      <trkpt lat="60.217595" lon="24.92083"><ele>31.2</ele></trkpt>
      <trkpt lat="60.217607" lon="24.920892"><ele>31.4</ele></trkpt>
      <trkpt lat="60.217602" lon="24.920957"><ele>31.6</ele></trkpt>
      <trkpt lat="60.217597" lon="24.921022"><ele>31.8</ele></trkpt>
      <trkpt lat="60.217592" lon="24.921082"><ele>32</ele></trkpt>
      <trkpt lat="60.217597" lon="24.921137"><ele>32.2</ele></trkpt>
      <trkpt lat="60.21761" lon="24.92118"><ele>32.4</ele></trkpt>
      <trkpt lat="60.217632" lon="24.921222"><ele>32.4</ele></trkpt>
      <trkpt lat="60.217652" lon="24.921252"><ele>32.4</ele></trkpt>
      <trkpt lat="60.217675" lon="24.921285"><ele>32.6</ele></trkpt>
      <trkpt lat="60.217695" lon="24.921308"><ele>32.6</ele></trkpt>
      <trkpt lat="60.217717" lon="24.921327"><ele>32.8</ele></trkpt>
      <trkpt lat="60.21774" lon="24.92134"><ele>33.2</ele></trkpt>
      <trkpt lat="60.21776" lon="24.921357"><ele>33.4</ele></trkpt>
      <trkpt lat="60.217777" lon="24.9214"><ele>33.8</ele></trkpt>
      <trkpt lat="60.217802" lon="24.921402"><ele>34.2</ele></trkpt>
      <trkpt lat="60.217832" lon="24.921387"><ele>34.6</ele></trkpt>
      <trkpt lat="60.21786" lon="24.921402"><ele>35</ele></trkpt>
      <trkpt lat="60.21789" lon="24.921427"><ele>35.4</ele></trkpt>
      <trkpt lat="60.217917" lon="24.921405"><ele>35.6</ele></trkpt>
      <trkpt lat="60.217932" lon="24.921378"><ele>35.8</ele></trkpt>
      <trkpt lat="60.21795" lon="24.92135"><ele>35.8</ele></trkpt>
      <trkpt lat="60.217967" lon="24.921332"><ele>36</ele></trkpt>
      <trkpt lat="60.217997" lon="24.921332"><ele>36.2</ele></trkpt>
      <trkpt lat="60.21803" lon="24.921312"><ele>36.8</ele></trkpt>
      <trkpt lat="60.218052" lon="24.921262"><ele>37.2</ele></trkpt>
      <trkpt lat="60.218055" lon="24.921212"><ele>37.4</ele></trkpt>
      <trkpt lat="60.218065" lon="24.921162"><ele>37.6</ele></trkpt>
      <trkpt lat="60.218085" lon="24.921135"><ele>37.8</ele></trkpt>
      <trkpt lat="60.21811" lon="24.921112"><ele>37.8</ele></trkpt>
      <trkpt lat="60.218133" lon="24.921097"><ele>37.8</ele></trkpt>
      <trkpt lat="60.218162" lon="24.921087"><ele>38</ele></trkpt>
      <trkpt lat="60.21819" lon="24.92109"><ele>38</ele></trkpt>
      <trkpt lat="60.218212" lon="24.921082"><ele>38</ele></trkpt>
      <trkpt lat="60.218232" lon="24.921065"><ele>38.2</ele></trkpt>
      <trkpt lat="60.218255" lon="24.92106"><ele>38.2</ele></trkpt>
      <trkpt lat="60.218277" lon="24.921062"><ele>38.2</ele></trkpt>
      <trkpt lat="60.218297" lon="24.92106"><ele>38.2</ele></trkpt>
      <trkpt lat="60.218317" lon="24.921042"><ele>38.4</ele></trkpt>
      <trkpt lat="60.218342" lon="24.921037"><ele>38.4</ele></trkpt>
      <trkpt lat="60.218365" lon="24.921017"><ele>38.4</ele></trkpt>
      <trkpt lat="60.218392" lon="24.921012"><ele>38.4</ele></trkpt>
      <trkpt lat="60.218422" lon="24.92101"><ele>38.6</ele></trkpt>
      <trkpt lat="60.218452" lon="24.921002"><ele>38.6</ele></trkpt>
      <trkpt lat="60.218487" lon="24.920982"><ele>38.6</ele></trkpt>
      <trkpt lat="60.218525" lon="24.920975"><ele>38.6</ele></trkpt>
      <trkpt lat="60.218555" lon="24.92098"><ele>38.6</ele></trkpt>
      <trkpt lat="60.218577" lon="24.920987"><ele>38.4</ele></trkpt>
      <trkpt lat="60.218607" lon="24.92098"><ele>38.2</ele></trkpt>
      <trkpt lat="60.218642" lon="24.920963"><ele>38.2</ele></trkpt>
      <trkpt lat="60.218672" lon="24.92097"><ele>38.2</ele></trkpt>
      <trkpt lat="60.218712" lon="24.920947"><ele>38</ele></trkpt>
      <trkpt lat="60.218742" lon="24.920942"><ele>38</ele></trkpt>
      <trkpt lat="60.218777" lon="24.920942"><ele>38</ele></trkpt>
      <trkpt lat="60.218812" lon="24.920947"><ele>38</ele></trkpt>
      <trkpt lat="60.218847" lon="24.920955"><ele>38</ele></trkpt>
      <trkpt lat="60.218887" lon="24.920952"><ele>38</ele></trkpt>
      <trkpt lat="60.218935" lon="24.920952"><ele>38</ele></trkpt>
      <trkpt lat="60.21897" lon="24.920972"><ele>38</ele></trkpt>
      <trkpt lat="60.219" lon="24.920987"><ele>38</ele></trkpt>
      <trkpt lat="60.219027" lon="24.921"><ele>38</ele></trkpt>
      <trkpt lat="60.219052" lon="24.921002"><ele>38</ele></trkpt>
      <trkpt lat="60.219075" lon="24.921002"><ele>38.2</ele></trkpt>
      <trkpt lat="60.219095" lon="24.921015"><ele>38.2</ele></trkpt>
      <trkpt lat="60.219132" lon="24.921017"><ele>38.6</ele></trkpt>
      <trkpt lat="60.219152" lon="24.921015"><ele>38.8</ele></trkpt>
      <trkpt lat="60.219187" lon="24.921037"><ele>38.8</ele></trkpt>
      <trkpt lat="60.219212" lon="24.921057"><ele>38.8</ele></trkpt>
      <trkpt lat="60.219252" lon="24.921077"><ele>39</ele></trkpt>
      <trkpt lat="60.219277" lon="24.92107"><ele>39</ele></trkpt>
      <trkpt lat="60.219302" lon="24.921065"><ele>39.2</ele></trkpt>
      <trkpt lat="60.219325" lon="24.921062"><ele>39.2</ele></trkpt>
      <trkpt lat="60.219343" lon="24.921067"><ele>39.2</ele></trkpt>
      <trkpt lat="60.219372" lon="24.921102"><ele>39.4</ele></trkpt>
      <trkpt lat="60.219387" lon="24.921147"><ele>39.4</ele></trkpt>
      <trkpt lat="60.219405" lon="24.921187"><ele>39.6</ele></trkpt>
      <trkpt lat="60.219422" lon="24.921222"><ele>39.8</ele></trkpt>
      <trkpt lat="60.219437" lon="24.921247"><ele>39.8</ele></trkpt>
      <trkpt lat="60.219457" lon="24.921277"><ele>39.8</ele></trkpt>
      <trkpt lat="60.219485" lon="24.921315"><ele>39.8</ele></trkpt>
      <trkpt lat="60.219512" lon="24.921343"><ele>39.8</ele></trkpt>
      <trkpt lat="60.219545" lon="24.921357"><ele>40</ele></trkpt>
      <trkpt lat="60.219577" lon="24.921357"><ele>40</ele></trkpt>
      <trkpt lat="60.219612" lon="24.92136"><ele>40</ele></trkpt>
      <trkpt lat="60.219652" lon="24.921378"><ele>40</ele></trkpt>
      <trkpt lat="60.219687" lon="24.921377"><ele>40</ele></trkpt>
      <trkpt lat="60.219717" lon="24.921377"><ele>40</ele></trkpt>
      <trkpt lat="60.219747" lon="24.921378"><ele>40.2</ele></trkpt>
      <trkpt lat="60.219787" lon="24.921365"><ele>40</ele></trkpt>
      <trkpt lat="60.219807" lon="24.92137"><ele>40</ele></trkpt>
      <trkpt lat="60.219845" lon="24.921375"><ele>40.2</ele></trkpt>
      <trkpt lat="60.219867" lon="24.921367"><ele>40.2</ele></trkpt>
      <trkpt lat="60.219887" lon="24.92136"><ele>40.2</ele></trkpt>
      <trkpt lat="60.219907" lon="24.921352"><ele>40.2</ele></trkpt>
      <trkpt lat="60.219932" lon="24.921347"><ele>40.4</ele></trkpt>
      <trkpt lat="60.219947" lon="24.921372"><ele>40.4</ele></trkpt>
      <trkpt lat="60.219962" lon="24.921405"><ele>40.6</ele></trkpt>
      <trkpt lat="60.219977" lon="24.921447"><ele>40.6</ele></trkpt>
      <trkpt lat="60.219987" lon="24.921487"><ele>40.6</ele></trkpt>
      <trkpt lat="60.220002" lon="24.921517"><ele>40.8</ele></trkpt>
      <trkpt lat="60.220022" lon="24.92155"><ele>40.6</ele></trkpt>
      <trkpt lat="60.220042" lon="24.921568"><ele>40.6</ele></trkpt>
      <trkpt lat="60.220077" lon="24.921602"><ele>40.6</ele></trkpt>
      <trkpt lat="60.220097" lon="24.921622"><ele>40.4</ele></trkpt>
      <trkpt lat="60.220122" lon="24.921627"><ele>40.4</ele></trkpt>
      <trkpt lat="60.220145" lon="24.921637"><ele>40.4</ele></trkpt>
      <trkpt lat="60.220172" lon="24.921672"><ele>40.4</ele></trkpt>
      <trkpt lat="60.2202" lon="24.921712"><ele>40.4</ele></trkpt>
      <trkpt lat="60.220225" lon="24.921755"><ele>40.2</ele></trkpt>
      <trkpt lat="60.220257" lon="24.921812"><ele>40.2</ele></trkpt>
      <trkpt lat="60.220307" lon="24.921867"><ele>39.8</ele></trkpt>
      <trkpt lat="60.220355" lon="24.921917"><ele>39.4</ele></trkpt>
      <trkpt lat="60.220397" lon="24.921987"><ele>39</ele></trkpt>
      <trkpt lat="60.220427" lon="24.922077"><ele>38.6</ele></trkpt>
      <trkpt lat="60.220442" lon="24.922167"><ele>38.4</ele></trkpt>
      <trkpt lat="60.220455" lon="24.922255"><ele>38.2</ele></trkpt>
      <trkpt lat="60.220467" lon="24.92234"><ele>38</ele></trkpt>
      <trkpt lat="60.22048" lon="24.922422"><ele>38</ele></trkpt>
      <trkpt lat="60.220495" lon="24.9225"><ele>38.2</ele></trkpt>
      <trkpt lat="60.220512" lon="24.922577"><ele>38.4</ele></trkpt>
      <trkpt lat="60.220527" lon="24.922657"><ele>38.6</ele></trkpt>
      <trkpt lat="60.220537" lon="24.922732"><ele>38.8</ele></trkpt>
      <trkpt lat="60.22054" lon="24.9228"><ele>39.2</ele></trkpt>
      <trkpt lat="60.220553" lon="24.922852"><ele>39.4</ele></trkpt>
      <trkpt lat="60.220582" lon="24.922862"><ele>39.8</ele></trkpt>
      <trkpt lat="60.220612" lon="24.922857"><ele>40</ele></trkpt>
      <trkpt lat="60.220642" lon="24.922855"><ele>40.2</ele></trkpt>
      <trkpt lat="60.220667" lon="24.922862"><ele>40.2</ele></trkpt>
      <trkpt lat="60.220697" lon="24.922882"><ele>40.4</ele></trkpt>
      <trkpt lat="60.220722" lon="24.922907"><ele>40.6</ele></trkpt>
      <trkpt lat="60.220745" lon="24.922927"><ele>40.6</ele></trkpt>
      <trkpt lat="60.220762" lon="24.922942"><ele>40.6</ele></trkpt>
      <trkpt lat="60.220787" lon="24.92295"><ele>40.8</ele></trkpt>
      <trkpt lat="60.220812" lon="24.922957"><ele>40.8</ele></trkpt>
      <trkpt lat="60.22084" lon="24.922965"><ele>40.8</ele></trkpt>
      <trkpt lat="60.22087" lon="24.922972"><ele>40.8</ele></trkpt>
      <trkpt lat="60.220892" lon="24.922997"><ele>40.8</ele></trkpt>
      <trkpt lat="60.220917" lon="24.923027"><ele>40.8</ele></trkpt>
      <trkpt lat="60.220933" lon="24.923067"><ele>41</ele></trkpt>
      <trkpt lat="60.220952" lon="24.923107"><ele>41</ele></trkpt>
      <trkpt lat="60.220977" lon="24.92314"><ele>41.2</ele></trkpt>
      <trkpt lat="60.220997" lon="24.923165"><ele>41.2</ele></trkpt>
      <trkpt lat="60.221012" lon="24.92319"><ele>41.2</ele></trkpt>
      <trkpt lat="60.221035" lon="24.923212"><ele>41.2</ele></trkpt>
      <trkpt lat="60.221055" lon="24.923247"><ele>41.2</ele></trkpt>
      <trkpt lat="60.221077" lon="24.923272"><ele>41.2</ele></trkpt>
      <trkpt lat="60.221097" lon="24.923313"><ele>41.2</ele></trkpt>
      <trkpt lat="60.221117" lon="24.923362"><ele>41.2</ele></trkpt>
      <trkpt lat="60.221132" lon="24.923417"><ele>41.2</ele></trkpt>
      <trkpt lat="60.221147" lon="24.923465"><ele>41.2</ele></trkpt>
      <trkpt lat="60.221165" lon="24.923502"><ele>41.2</ele></trkpt>
      <trkpt lat="60.22119" lon="24.923527"><ele>41.2</ele></trkpt>
      <trkpt lat="60.221222" lon="24.923532"><ele>41.2</ele></trkpt>
      <trkpt lat="60.221252" lon="24.923522"><ele>41.4</ele></trkpt>
      <trkpt lat="60.221285" lon="24.923512"><ele>41.4</ele></trkpt>
      <trkpt lat="60.22132" lon="24.923502"><ele>41.4</ele></trkpt>
      <trkpt lat="60.22136" lon="24.923475"><ele>41.6</ele></trkpt>
      <trkpt lat="60.221395" lon="24.923437"><ele>41.6</ele></trkpt>
      <trkpt lat="60.22143" lon="24.923425"><ele>41.4</ele></trkpt>
      <trkpt lat="60.221457" lon="24.923432"><ele>41.2</ele></trkpt>
      <trkpt lat="60.221485" lon="24.923447"><ele>41</ele></trkpt>
      <trkpt lat="60.221515" lon="24.923462"><ele>40.8</ele></trkpt>
      <trkpt lat="60.221552" lon="24.92346"><ele>40.8</ele></trkpt>
      <trkpt lat="60.221592" lon="24.923445"><ele>40.6</ele></trkpt>
      <trkpt lat="60.22164" lon="24.923462"><ele>40.4</ele></trkpt>
      <trkpt lat="60.221677" lon="24.923487"><ele>40.2</ele></trkpt>
      <trkpt lat="60.221707" lon="24.923507"><ele>39.8</ele></trkpt>
      <trkpt lat="60.221742" lon="24.923517"><ele>39.6</ele></trkpt>
      <trkpt lat="60.22178" lon="24.92352"><ele>39.2</ele></trkpt>
      <trkpt lat="60.221817" lon="24.923535"><ele>39</ele></trkpt>
      <trkpt lat="60.22187" lon="24.923557"><ele>38.8</ele></trkpt>
      <trkpt lat="60.221922" lon="24.923565"><ele>38.4</ele></trkpt>
      <trkpt lat="60.221967" lon="24.923577"><ele>38</ele></trkpt>
      <trkpt lat="60.222015" lon="24.9236"><ele>37.6</ele></trkpt>
      <trkpt lat="60.222067" lon="24.923617"><ele>37.2</ele></trkpt>
      <trkpt lat="60.22212" lon="24.923635"><ele>36.6</ele></trkpt>
      <trkpt lat="60.22217" lon="24.923672"><ele>36.2</ele></trkpt>
      <trkpt lat="60.222232" lon="24.9237"><ele>36</ele></trkpt>
      <trkpt lat="60.22229" lon="24.923722"><ele>35.8</ele></trkpt>
      <trkpt lat="60.222347" lon="24.92372"><ele>35.6</ele></trkpt>
      <trkpt lat="60.222405" lon="24.923702"><ele>35.6</ele></trkpt>
      <trkpt lat="60.222447" lon="24.923685"><ele>35.4</ele></trkpt>
      <trkpt lat="60.222475" lon="24.923682"><ele>35.4</ele></trkpt>
      <trkpt lat="60.222492" lon="24.923712"><ele>35.2</ele></trkpt>
      <trkpt lat="60.22252" lon="24.923742"><ele>35.2</ele></trkpt>
      <trkpt lat="60.222552" lon="24.923762"><ele>35.2</ele></trkpt>
      <trkpt lat="60.22259" lon="24.92379"><ele>35.2</ele></trkpt>
      <trkpt lat="60.222635" lon="24.923807"><ele>35.2</ele></trkpt>
      <trkpt lat="60.222675" lon="24.923837"><ele>35.2</ele></trkpt>
      <trkpt lat="60.22271" lon="24.923882"><ele>35.2</ele></trkpt>
      <trkpt lat="60.222752" lon="24.923917"><ele>35.2</ele></trkpt>
      <trkpt lat="60.222797" lon="24.923935"><ele>35.2</ele></trkpt>
      <trkpt lat="60.222837" lon="24.923962"><ele>35</ele></trkpt>
      <trkpt lat="60.222867" lon="24.923997"><ele>35</ele></trkpt>
      <trkpt lat="60.222897" lon="24.924037"><ele>34.8</ele></trkpt>
      <trkpt lat="60.222937" lon="24.924082"><ele>34.6</ele></trkpt>
      <trkpt lat="60.222982" lon="24.92414"><ele>34.6</ele></trkpt>
      <trkpt lat="60.223025" lon="24.924197"><ele>34.4</ele></trkpt>
      <trkpt lat="60.223072" lon="24.924263"><ele>34.2</ele></trkpt>
      <trkpt lat="60.223132" lon="24.924347"><ele>34</ele></trkpt>
      <trkpt lat="60.223192" lon="24.924427"><ele>33.4</ele></trkpt>
      <trkpt lat="60.223245" lon="24.924505"><ele>32.4</ele></trkpt>
      <trkpt lat="60.223292" lon="24.924572"><ele>31.6</ele></trkpt>
      <trkpt lat="60.223337" lon="24.924627"><ele>30.6</ele></trkpt>
      <trkpt lat="60.223387" lon="24.924677"><ele>29.6</ele></trkpt>
      <trkpt lat="60.223438" lon="24.924737"><ele>28.6</ele></trkpt>
      <trkpt lat="60.22349" lon="24.924802"><ele>27.8</ele></trkpt>
      <trkpt lat="60.223537" lon="24.924867"><ele>26.8</ele></trkpt>
      <trkpt lat="60.223587" lon="24.924927"><ele>26</ele></trkpt>
      <trkpt lat="60.223637" lon="24.924985"><ele>25.4</ele></trkpt>
      <trkpt lat="60.223682" lon="24.92504"><ele>24.8</ele></trkpt>
      <trkpt lat="60.223732" lon="24.925082"><ele>24.4</ele></trkpt>
      <trkpt lat="60.223777" lon="24.925102"><ele>24.2</ele></trkpt>
      <trkpt lat="60.22382" lon="24.925082"><ele>24</ele></trkpt>
      <trkpt lat="60.223852" lon="24.925027"><ele>23.6</ele></trkpt>
      <trkpt lat="60.223877" lon="24.924957"><ele>23.4</ele></trkpt>
      <trkpt lat="60.2239" lon="24.924882"><ele>23.2</ele></trkpt>
      <trkpt lat="60.223927" lon="24.924807"><ele>23</ele></trkpt>
      <trkpt lat="60.22395" lon="24.924727"><ele>22.8</ele></trkpt>
      <trkpt lat="60.223975" lon="24.924652"><ele>22.8</ele></trkpt>
      <trkpt lat="60.224" lon="24.92458"><ele>22.8</ele></trkpt>
      <trkpt lat="60.224037" lon="24.924527"><ele>22.8</ele></trkpt>
      <trkpt lat="60.224077" lon="24.924487"><ele>22.8</ele></trkpt>
      <trkpt lat="60.224122" lon="24.924462"><ele>22.6</ele></trkpt>
      <trkpt lat="60.224167" lon="24.92444"><ele>22.6</ele></trkpt>
      <trkpt lat="60.224212" lon="24.924407"><ele>22.4</ele></trkpt>
      <trkpt lat="60.224255" lon="24.92437"><ele>22.4</ele></trkpt>
      <trkpt lat="60.224297" lon="24.924322"><ele>22.4</ele></trkpt>
      <trkpt lat="60.224335" lon="24.924272"><ele>22.2</ele></trkpt>
      <trkpt lat="60.224375" lon="24.924215"><ele>22.2</ele></trkpt>
      <trkpt lat="60.224412" lon="24.924152"><ele>22.2</ele></trkpt>
      <trkpt lat="60.224447" lon="24.924077"><ele>22.2</ele></trkpt>
      <trkpt lat="60.22448" lon="24.923995"><ele>22.2</ele></trkpt>
      <trkpt lat="60.224512" lon="24.92391"><ele>22.2</ele></trkpt>
      <trkpt lat="60.224542" lon="24.923822"><ele>22.2</ele></trkpt>
      <trkpt lat="60.22458" lon="24.923747"><ele>22.2</ele></trkpt>
      <trkpt lat="60.224615" lon="24.923672"><ele>22.2</ele></trkpt>
      <trkpt lat="60.224652" lon="24.923597"><ele>22</ele></trkpt>
      <trkpt lat="60.224692" lon="24.923527"><ele>22</ele></trkpt>
      <trkpt lat="60.22473" lon="24.923462"><ele>22</ele></trkpt>
      <trkpt lat="60.224772" lon="24.923395"><ele>22</ele></trkpt>
      <trkpt lat="60.224812" lon="24.923327"><ele>22</ele></trkpt>
      <trkpt lat="60.224857" lon="24.923267"><ele>22</ele></trkpt>
      <trkpt lat="60.224902" lon="24.923207"><ele>22</ele></trkpt>
      <trkpt lat="60.224947" lon="24.92316"><ele>22</ele></trkpt>
      <trkpt lat="60.224995" lon="24.923107"><ele>22</ele></trkpt>
      <trkpt lat="60.225045" lon="24.92306"><ele>22</ele></trkpt>
      <trkpt lat="60.225092" lon="24.92301"><ele>21.8</ele></trkpt>
      <trkpt lat="60.225145" lon="24.922965"><ele>21.8</ele></trkpt>
      <trkpt lat="60.225197" lon="24.92292"><ele>21.6</ele></trkpt>
      <trkpt lat="60.225247" lon="24.922875"><ele>21.4</ele></trkpt>
      <trkpt lat="60.225297" lon="24.922822"><ele>21.2</ele></trkpt>
      <trkpt lat="60.225352" lon="24.922772"><ele>21.2</ele></trkpt>
      <trkpt lat="60.225407" lon="24.922732"><ele>21</ele></trkpt>
      <trkpt lat="60.225467" lon="24.922692"><ele>20.8</ele></trkpt>
      <trkpt lat="60.225522" lon="24.922657"><ele>20.6</ele></trkpt>
      <trkpt lat="60.225572" lon="24.922622"><ele>20.4</ele></trkpt>
      <trkpt lat="60.225627" lon="24.922587"><ele>20.2</ele></trkpt>
      <trkpt lat="60.225682" lon="24.92255"><ele>20.4</ele></trkpt>
      <trkpt lat="60.225737" lon="24.922507"><ele>20.8</ele></trkpt>
      <trkpt lat="60.22579" lon="24.922462"><ele>20.8</ele></trkpt>
      <trkpt lat="60.225847" lon="24.922415"><ele>20.8</ele></trkpt>
      <trkpt lat="60.225902" lon="24.922372"><ele>20.8</ele></trkpt>
      <trkpt lat="60.225957" lon="24.922332"><ele>20.6</ele></trkpt>
      <trkpt lat="60.226012" lon="24.922285"><ele>20.4</ele></trkpt>
      <trkpt lat="60.226062" lon="24.922232"><ele>20.2</ele></trkpt>
      <trkpt lat="60.226107" lon="24.922185"><ele>20.2</ele></trkpt>
      <trkpt lat="60.226155" lon="24.922142"><ele>20.2</ele></trkpt>
      <trkpt lat="60.226207" lon="24.922122"><ele>20.4</ele></trkpt>
      <trkpt lat="60.226252" lon="24.922112"><ele>20.4</ele></trkpt>
      <trkpt lat="60.226295" lon="24.922127"><ele>20.4</ele></trkpt>
      <trkpt lat="60.226332" lon="24.922152"><ele>20.8</ele></trkpt>
      <trkpt lat="60.226375" lon="24.922185"><ele>21</ele></trkpt>
      <trkpt lat="60.226412" lon="24.92221"><ele>21.2</ele></trkpt>
      <trkpt lat="60.226442" lon="24.922225"><ele>21.4</ele></trkpt>
      <trkpt lat="60.226472" lon="24.922232"><ele>21.6</ele></trkpt>
      <trkpt lat="60.226502" lon="24.922237"><ele>21.6</ele></trkpt>
      <trkpt lat="60.226537" lon="24.922225"><ele>21.8</ele></trkpt>
      <trkpt lat="60.226572" lon="24.922212"><ele>22</ele></trkpt>
      <trkpt lat="60.226607" lon="24.922192"><ele>22.2</ele></trkpt>
      <trkpt lat="60.226637" lon="24.92217"><ele>22.4</ele></trkpt>
      <trkpt lat="60.226667" lon="24.922142"><ele>22.4</ele></trkpt>
      <trkpt lat="60.226697" lon="24.92211"><ele>22.6</ele></trkpt>
      <trkpt lat="60.226727" lon="24.922075"><ele>22.8</ele></trkpt>
      <trkpt lat="60.22676" lon="24.922037"><ele>23</ele></trkpt>
      <trkpt lat="60.226797" lon="24.922002"><ele>23</ele></trkpt>
      <trkpt lat="60.226837" lon="24.921967"><ele>23.2</ele></trkpt>
      <trkpt lat="60.226877" lon="24.921935"><ele>23.2</ele></trkpt>
      <trkpt lat="60.226922" lon="24.921905"><ele>23.4</ele></trkpt>
      <trkpt lat="60.226965" lon="24.921877"><ele>23.2</ele></trkpt>
      <trkpt lat="60.227012" lon="24.921842"><ele>23.2</ele></trkpt>
      <trkpt lat="60.227057" lon="24.92182"><ele>23.2</ele></trkpt>
      <trkpt lat="60.227102" lon="24.9218"><ele>23.2</ele></trkpt>
      <trkpt lat="60.22715" lon="24.921782"><ele>23</ele></trkpt>
      <trkpt lat="60.227192" lon="24.921767"><ele>23</ele></trkpt>
      <trkpt lat="60.227237" lon="24.921747"><ele>22.8</ele></trkpt>
      <trkpt lat="60.22727" lon="24.92172"><ele>22.8</ele></trkpt>
      <trkpt lat="60.227293" lon="24.92168"><ele>22.6</ele></trkpt>
      <trkpt lat="60.227312" lon="24.921642"><ele>22.6</ele></trkpt>
      <trkpt lat="60.22733" lon="24.921607"><ele>22.6</ele></trkpt>
      <trkpt lat="60.227352" lon="24.921567"><ele>22.4</ele></trkpt>
      <trkpt lat="60.227372" lon="24.921522"><ele>22.4</ele></trkpt>
      <trkpt lat="60.227397" lon="24.92147"><ele>22.4</ele></trkpt>
      <trkpt lat="60.22742" lon="24.921412"><ele>22.4</ele></trkpt>
      <trkpt lat="60.227447" lon="24.921352"><ele>22.2</ele></trkpt>
      <trkpt lat="60.227475" lon="24.921297"><ele>22.2</ele></trkpt>
      <trkpt lat="60.227502" lon="24.921242"><ele>22.2</ele></trkpt>
      <trkpt lat="60.227535" lon="24.921185"><ele>22</ele></trkpt>
      <trkpt lat="60.22757" lon="24.921127"><ele>22</ele></trkpt>
      <trkpt lat="60.227607" lon="24.921067"><ele>21.8</ele></trkpt>
      <trkpt lat="60.227642" lon="24.921002"><ele>21.8</ele></trkpt>
      <trkpt lat="60.227677" lon="24.92094"><ele>21.8</ele></trkpt>
      <trkpt lat="60.227712" lon="24.920877"><ele>21.6</ele></trkpt>
      <trkpt lat="60.22775" lon="24.920817"><ele>21.6</ele></trkpt>
      <trkpt lat="60.227787" lon="24.920757"><ele>21.4</ele></trkpt>
      <trkpt lat="60.227827" lon="24.9207"><ele>21.4</ele></trkpt>
      <trkpt lat="60.227865" lon="24.92064"><ele>21.4</ele></trkpt>
      <trkpt lat="60.227907" lon="24.920582"><ele>21.2</ele></trkpt>
      <trkpt lat="60.227952" lon="24.920527"><ele>21.2</ele></trkpt>
      <trkpt lat="60.227997" lon="24.920477"><ele>21.2</ele></trkpt>
      <trkpt lat="60.228045" lon="24.920427"><ele>21</ele></trkpt>
      <trkpt lat="60.228092" lon="24.920385"><ele>21</ele></trkpt>
      <trkpt lat="60.228142" lon="24.92034"><ele>21</ele></trkpt>
      <trkpt lat="60.228187" lon="24.920297"><ele>20.8</ele></trkpt>
      <trkpt lat="60.228232" lon="24.920252"><ele>20.8</ele></trkpt>
      <trkpt lat="60.228275" lon="24.92021"><ele>20.8</ele></trkpt>
      <trkpt lat="60.228317" lon="24.920172"><ele>20.8</ele></trkpt>
      <trkpt lat="60.228355" lon="24.920125"><ele>20.8</ele></trkpt>
      <trkpt lat="60.22839" lon="24.92007"><ele>20.8</ele></trkpt>
      <trkpt lat="60.228422" lon="24.920012"><ele>20.8</ele></trkpt>
      <trkpt lat="60.228447" lon="24.91995"><ele>20.8</ele></trkpt>
      <trkpt lat="60.228475" lon="24.91988"><ele>20.8</ele></trkpt>
      <trkpt lat="60.228502" lon="24.919815"><ele>20.8</ele></trkpt>
      <trkpt lat="60.228535" lon="24.919752"><ele>20.8</ele></trkpt>
      <trkpt lat="60.228572" lon="24.919702"><ele>20.8</ele></trkpt>
      <trkpt lat="60.228612" lon="24.91966"><ele>20.6</ele></trkpt>
      <trkpt lat="60.228652" lon="24.919612"><ele>20.6</ele></trkpt>
      <trkpt lat="60.228692" lon="24.919572"><ele>20.6</ele></trkpt>
      <trkpt lat="60.228732" lon="24.919525"><ele>20.6</ele></trkpt>
      <trkpt lat="60.228775" lon="24.919477"><ele>20.4</ele></trkpt>
      <trkpt lat="60.228817" lon="24.919437"><ele>20.4</ele></trkpt>
      <trkpt lat="60.22886" lon="24.919397"><ele>20.4</ele></trkpt>
      <trkpt lat="60.228902" lon="24.919357"><ele>20.4</ele></trkpt>
      <trkpt lat="60.228945" lon="24.919317"><ele>20.4</ele></trkpt>
      <trkpt lat="60.228987" lon="24.919277"><ele>20.4</ele></trkpt>
      <trkpt lat="60.22903" lon="24.919237"><ele>20.4</ele></trkpt>
      <trkpt lat="60.229075" lon="24.919197"><ele>20.4</ele></trkpt>
      <trkpt lat="60.229117" lon="24.919157"><ele>20.4</ele></trkpt>
      <trkpt lat="60.229157" lon="24.919115"><ele>20.2</ele></trkpt>
      <trkpt lat="60.229197" lon="24.919077"><ele>20.2</ele></trkpt>
      <trkpt lat="60.229235" lon="24.919035"><ele>20.2</ele></trkpt>
      <trkpt lat="60.229263" lon="24.918982"><ele>20.2</ele></trkpt>
      <trkpt lat="60.229295" lon="24.918927"><ele>20.2</ele></trkpt>
      <trkpt lat="60.22932" lon="24.918877"><ele>20.2</ele></trkpt>
      <trkpt lat="60.229348" lon="24.918857"><ele>20.2</ele></trkpt>
      <trkpt lat="60.229375" lon="24.918875"><ele>20.2</ele></trkpt>
      <trkpt lat="60.2294" lon="24.91891"><ele>20.2</ele></trkpt>
      <trkpt lat="60.229422" lon="24.918957"><ele>20.2</ele></trkpt>
      <trkpt lat="60.229447" lon="24.919007"><ele>20.2</ele></trkpt>
      <trkpt lat="60.229475" lon="24.919067"><ele>20.2</ele></trkpt>
      <trkpt lat="60.2295" lon="24.919127"><ele>20.2</ele></trkpt>
      <trkpt lat="60.229525" lon="24.919192"><ele>20.2</ele></trkpt>
      <trkpt lat="60.229552" lon="24.919252"><ele>20.2</ele></trkpt>
      <trkpt lat="60.22958" lon="24.919312"><ele>20.2</ele></trkpt>
      <trkpt lat="60.22961" lon="24.919372"><ele>20.2</ele></trkpt>
      <trkpt lat="60.229637" lon="24.919432"><ele>20.2</ele></trkpt>
      <trkpt lat="60.229667" lon="24.9195"><ele>20.2</ele></trkpt>
      <trkpt lat="60.229695" lon="24.919562"><ele>20.4</ele></trkpt>
      <trkpt lat="60.229722" lon="24.919627"><ele>20.4</ele></trkpt>
      <trkpt lat="60.229752" lon="24.919687"><ele>20.4</ele></trkpt>
      <trkpt lat="60.22978" lon="24.919752"><ele>20.4</ele></trkpt>
      <trkpt lat="60.229807" lon="24.91982"><ele>20.4</ele></trkpt>
      <trkpt lat="60.229835" lon="24.919887"><ele>20.4</ele></trkpt>
      <trkpt lat="60.229867" lon="24.919952"><ele>20.4</ele></trkpt>
      <trkpt lat="60.229897" lon="24.920022"><ele>20.4</ele></trkpt>
      <trkpt lat="60.229927" lon="24.920087"><ele>20.4</ele></trkpt>
      <trkpt lat="60.229957" lon="24.920152"><ele>20.4</ele></trkpt>
      <trkpt lat="60.229987" lon="24.920222"><ele>20.4</ele></trkpt>
      <trkpt lat="60.230017" lon="24.920292"><ele>20.4</ele></trkpt>
      <trkpt lat="60.230045" lon="24.920357"><ele>20.4</ele></trkpt>
      <trkpt lat="60.230072" lon="24.920422"><ele>20.2</ele></trkpt>
      <trkpt lat="60.230102" lon="24.920492"><ele>20.2</ele></trkpt>
      <trkpt lat="60.230127" lon="24.920557"><ele>20.2</ele></trkpt>
      <trkpt lat="60.230157" lon="24.92062"><ele>20.2</ele></trkpt>
      <trkpt lat="60.230185" lon="24.920685"><ele>20.4</ele></trkpt>
      <trkpt lat="60.230215" lon="24.920745"><ele>20.4</ele></trkpt>
      <trkpt lat="60.230245" lon="24.920807"><ele>20.2</ele></trkpt>
      <trkpt lat="60.230277" lon="24.920872"><ele>20.2</ele></trkpt>
      <trkpt lat="60.230307" lon="24.920937"><ele>20.2</ele></trkpt>
      <trkpt lat="60.230333" lon="24.920995"><ele>20.4</ele></trkpt>
      <trkpt lat="60.230362" lon="24.92105"><ele>20.4</ele></trkpt>
      <trkpt lat="60.230385" lon="24.9211"><ele>20.4</ele></trkpt>
      <trkpt lat="60.230402" lon="24.921142"><ele>20.6</ele></trkpt>
      <trkpt lat="60.230412" lon="24.921175"><ele>20.6</ele></trkpt>
      <trkpt lat="60.230432" lon="24.921207"><ele>20.8</ele></trkpt>
      <trkpt lat="60.23045" lon="24.921212"><ele>21</ele></trkpt>
      <trkpt lat="60.23047" lon="24.921192"><ele>21.2</ele></trkpt>
      <trkpt lat="60.230492" lon="24.92117"><ele>21.4</ele></trkpt>
      <trkpt lat="60.23052" lon="24.921142"><ele>21.4</ele></trkpt>
      <trkpt lat="60.230547" lon="24.921107"><ele>21.6</ele></trkpt>
      <trkpt lat="60.230575" lon="24.921067"><ele>21.6</ele></trkpt>
      <trkpt lat="60.230605" lon="24.921027"><ele>21.8</ele></trkpt>
      <trkpt lat="60.230637" lon="24.920992"><ele>21.8</ele></trkpt>
      <trkpt lat="60.230667" lon="24.920952"><ele>21.8</ele></trkpt>
      <trkpt lat="60.230695" lon="24.92091"><ele>21.8</ele></trkpt>
      <trkpt lat="60.230722" lon="24.920867"><ele>21.6</ele></trkpt>
      <trkpt lat="60.23075" lon="24.920832"><ele>21.6</ele></trkpt>
      <trkpt lat="60.230777" lon="24.920797"><ele>21.4</ele></trkpt>
      <trkpt lat="60.2308" lon="24.920767"><ele>21.4</ele></trkpt>
      <trkpt lat="60.23082" lon="24.92073"><ele>21.2</ele></trkpt>
      <trkpt lat="60.230837" lon="24.920692"><ele>21.2</ele></trkpt>
      <trkpt lat="60.230852" lon="24.920647"><ele>21.2</ele></trkpt>
      <trkpt lat="60.23086" lon="24.920602"><ele>21</ele></trkpt>
      <trkpt lat="60.230857" lon="24.920555"><ele>21</ele></trkpt>
      <trkpt lat="60.230862" lon="24.920505"><ele>21</ele></trkpt>
      <trkpt lat="60.23088" lon="24.920465"><ele>21</ele></trkpt>
      <trkpt lat="60.230902" lon="24.920432"><ele>21</ele></trkpt>
      <trkpt lat="60.230922" lon="24.920393"><ele>21.2</ele></trkpt>
      <trkpt lat="60.230947" lon="24.92035"><ele>21.2</ele></trkpt>
      <trkpt lat="60.230972" lon="24.920302"><ele>21.2</ele></trkpt>
      <trkpt lat="60.230995" lon="24.920257"><ele>21.2</ele></trkpt>
      <trkpt lat="60.231022" lon="24.920222"><ele>21.2</ele></trkpt>
      <trkpt lat="60.231042" lon="24.920185"><ele>21.2</ele></trkpt>
      <trkpt lat="60.231052" lon="24.920127"><ele>21.2</ele></trkpt>
      <trkpt lat="60.231047" lon="24.920065"><ele>21.4</ele></trkpt>
      <trkpt lat="60.231027" lon="24.920002"><ele>21.4</ele></trkpt>
      <trkpt lat="60.231007" lon="24.919932"><ele>21.4</ele></trkpt>
      <trkpt lat="60.23099" lon="24.91987"><ele>21.4</ele></trkpt>
      <trkpt lat="60.230967" lon="24.919807"><ele>21.6</ele></trkpt>
      <trkpt lat="60.230938" lon="24.919745"><ele>21.8</ele></trkpt>
      <trkpt lat="60.230915" lon="24.919677"><ele>21.8</ele></trkpt>
      <trkpt lat="60.230887" lon="24.91961"><ele>22</ele></trkpt>
      <trkpt lat="60.230853" lon="24.919545"><ele>22</ele></trkpt>
      <trkpt lat="60.23082" lon="24.919482"><ele>22</ele></trkpt>
      <trkpt lat="60.230782" lon="24.919422"><ele>22.2</ele></trkpt>
      <trkpt lat="60.230745" lon="24.91936"><ele>22.2</ele></trkpt>
      <trkpt lat="60.23071" lon="24.919292"><ele>22.2</ele></trkpt>
      <trkpt lat="60.230675" lon="24.919217"><ele>22.2</ele></trkpt>
      <trkpt lat="60.230642" lon="24.919142"><ele>22.2</ele></trkpt>
      <trkpt lat="60.23061" lon="24.919065"><ele>22.2</ele></trkpt>
      <trkpt lat="60.230577" lon="24.918982"><ele>22</ele></trkpt>
      <trkpt lat="60.23055" lon="24.918895"><ele>22</ele></trkpt>
      <trkpt lat="60.230522" lon="24.918802"><ele>22</ele></trkpt>
      <trkpt lat="60.2305" lon="24.918707"><ele>22</ele></trkpt>
      <trkpt lat="60.230477" lon="24.918612"><ele>22</ele></trkpt>
      <trkpt lat="60.230457" lon="24.918517"><ele>22</ele></trkpt>
      <trkpt lat="60.230437" lon="24.918422"><ele>22</ele></trkpt>
      <trkpt lat="60.230422" lon="24.918327"><ele>21.8</ele></trkpt>
      <trkpt lat="60.230397" lon="24.918237"><ele>21.8</ele></trkpt>
      <trkpt lat="60.230377" lon="24.918142"><ele>21.8</ele></trkpt>
      <trkpt lat="60.230355" lon="24.918052"><ele>21.6</ele></trkpt>
      <trkpt lat="60.230333" lon="24.917957"><ele>21.6</ele></trkpt>
      <trkpt lat="60.230312" lon="24.917862"><ele>21.6</ele></trkpt>
      <trkpt lat="60.230292" lon="24.91777"><ele>21.6</ele></trkpt>
      <trkpt lat="60.230272" lon="24.917677"><ele>21.6</ele></trkpt>
      <trkpt lat="60.230248" lon="24.917587"><ele>21.6</ele></trkpt>
      <trkpt lat="60.230227" lon="24.917492"><ele>21.6</ele></trkpt>
      <trkpt lat="60.23021" lon="24.917397"><ele>21.4</ele></trkpt>
      <trkpt lat="60.23019" lon="24.917302"><ele>21.4</ele></trkpt>
      <trkpt lat="60.23017" lon="24.917207"><ele>21.4</ele></trkpt>
      <trkpt lat="60.230152" lon="24.917112"><ele>21.4</ele></trkpt>
      <trkpt lat="60.230137" lon="24.917012"><ele>21.2</ele></trkpt>
      <trkpt lat="60.230122" lon="24.916917"><ele>21.2</ele></trkpt>
      <trkpt lat="60.230112" lon="24.916822"><ele>21.2</ele></trkpt>
      <trkpt lat="60.2301" lon="24.916727"><ele>21.2</ele></trkpt>
      <trkpt lat="60.230087" lon="24.91664"><ele>21.2</ele></trkpt>
      <trkpt lat="60.230072" lon="24.916552"><ele>21.2</ele></trkpt>
      <trkpt lat="60.230057" lon="24.916467"><ele>21</ele></trkpt>
      <trkpt lat="60.230037" lon="24.916382"><ele>21.2</ele></trkpt>
      <trkpt lat="60.23002" lon="24.916292"><ele>21.2</ele></trkpt>
      <trkpt lat="60.23" lon="24.916205"><ele>21.4</ele></trkpt>
      <trkpt lat="60.22998" lon="24.916115"><ele>21.4</ele></trkpt>
      <trkpt lat="60.229953" lon="24.916027"><ele>21.6</ele></trkpt>
      <trkpt lat="60.229922" lon="24.915945"><ele>21.6</ele></trkpt>
      <trkpt lat="60.229892" lon="24.915852"><ele>21.6</ele></trkpt>
      <trkpt lat="60.229865" lon="24.915762"><ele>21.6</ele></trkpt>
      <trkpt lat="60.229837" lon="24.91568"><ele>21.6</ele></trkpt>
      <trkpt lat="60.229807" lon="24.915595"><ele>21.6</ele></trkpt>
      <trkpt lat="60.229785" lon="24.915507"><ele>21.6</ele></trkpt>
      <trkpt lat="60.229762" lon="24.915417"><ele>21.4</ele></trkpt>
      <trkpt lat="60.229737" lon="24.91533"><ele>21.4</ele></trkpt>
      <trkpt lat="60.229717" lon="24.915247"><ele>21.4</ele></trkpt>
      <trkpt lat="60.229697" lon="24.91516"><ele>21.4</ele></trkpt>
      <trkpt lat="60.229675" lon="24.915077"><ele>21.4</ele></trkpt>
      <trkpt lat="60.229657" lon="24.914997"><ele>21.4</ele></trkpt>
      <trkpt lat="60.229637" lon="24.914917"><ele>21.4</ele></trkpt>
      <trkpt lat="60.229617" lon="24.914837"><ele>21.4</ele></trkpt>
      <trkpt lat="60.229597" lon="24.914757"><ele>21.4</ele></trkpt>
      <trkpt lat="60.22958" lon="24.914677"><ele>21.4</ele></trkpt>
      <trkpt lat="60.22956" lon="24.914592"><ele>21.4</ele></trkpt>
      <trkpt lat="60.229542" lon="24.914507"><ele>21.4</ele></trkpt>
      <trkpt lat="60.229525" lon="24.914417"><ele>21.4</ele></trkpt>
      <trkpt lat="60.22951" lon="24.914332"><ele>21.4</ele></trkpt>
      <trkpt lat="60.229492" lon="24.914247"><ele>21.2</ele></trkpt>
      <trkpt lat="60.229472" lon="24.914162"><ele>21</ele></trkpt>
      <trkpt lat="60.229452" lon="24.91408"><ele>21</ele></trkpt>
      <trkpt lat="60.229432" lon="24.914"><ele>20.8</ele></trkpt>
      <trkpt lat="60.229415" lon="24.913922"><ele>20.8</ele></trkpt>
      <trkpt lat="60.229397" lon="24.913847"><ele>20.6</ele></trkpt>
      <trkpt lat="60.229382" lon="24.913775"><ele>20.6</ele></trkpt>
      <trkpt lat="60.22937" lon="24.913705"><ele>20.4</ele></trkpt>
      <trkpt lat="60.229357" lon="24.91364"><ele>20.2</ele></trkpt>
      <trkpt lat="60.229348" lon="24.913572"><ele>20.2</ele></trkpt>
      <trkpt lat="60.229348" lon="24.913507"><ele>20.2</ele></trkpt>
      <trkpt lat="60.22936" lon="24.913437"><ele>20.2</ele></trkpt>
      <trkpt lat="60.229375" lon="24.913367"><ele>20.2</ele></trkpt>
      <trkpt lat="60.2294" lon="24.913308"><ele>20.2</ele></trkpt>
      <trkpt lat="60.229422" lon="24.913252"><ele>20.4</ele></trkpt>
      <trkpt lat="60.229447" lon="24.913202"><ele>20.6</ele></trkpt>
      <trkpt lat="60.229462" lon="24.91315"><ele>20.8</ele></trkpt>
      <trkpt lat="60.229477" lon="24.913097"><ele>21</ele></trkpt>
      <trkpt lat="60.229487" lon="24.913048"><ele>21.2</ele></trkpt>
      <trkpt lat="60.229502" lon="24.913012"><ele>21.4</ele></trkpt>
      <trkpt lat="60.229522" lon="24.912992"><ele>21.6</ele></trkpt>
      <trkpt lat="60.229542" lon="24.912977"><ele>21.8</ele></trkpt>
      <trkpt lat="60.229565" lon="24.912982"><ele>22</ele></trkpt>
      <trkpt lat="60.229582" lon="24.913002"><ele>22.2</ele></trkpt>
      <trkpt lat="60.229605" lon="24.91297"><ele>22.6</ele></trkpt>
      <trkpt lat="60.229617" lon="24.912942"><ele>22.8</ele></trkpt>
      <trkpt lat="60.229632" lon="24.912912"><ele>22.6</ele></trkpt>
      <trkpt lat="60.22966" lon="24.912882"><ele>22.8</ele></trkpt>
      <trkpt lat="60.22969" lon="24.91288"><ele>22.8</ele></trkpt>
      <trkpt lat="60.229717" lon="24.912877"><ele>23</ele></trkpt>
      <trkpt lat="60.22974" lon="24.912858"><ele>23.2</ele></trkpt>
      <trkpt lat="60.22976" lon="24.912827"><ele>23.2</ele></trkpt>
      <trkpt lat="60.229775" lon="24.912777"><ele>23.4</ele></trkpt>
      <trkpt lat="60.22979" lon="24.912722"><ele>23.6</ele></trkpt>
      <trkpt lat="60.229802" lon="24.912675"><ele>23.8</ele></trkpt>
      <trkpt lat="60.229817" lon="24.912622"><ele>24.2</ele></trkpt>
      <trkpt lat="60.229837" lon="24.912567"><ele>24.6</ele></trkpt>
      <trkpt lat="60.229862" lon="24.91252"><ele>24.8</ele></trkpt>
      <trkpt lat="60.229887" lon="24.912478"><ele>25.2</ele></trkpt>
      <trkpt lat="60.229917" lon="24.912427"><ele>25.8</ele></trkpt>
      <trkpt lat="60.229937" lon="24.912392"><ele>26</ele></trkpt>
      <trkpt lat="60.229957" lon="24.91235"><ele>26.2</ele></trkpt>
      <trkpt lat="60.229977" lon="24.91231"><ele>26.6</ele></trkpt>
      <trkpt lat="60.229992" lon="24.912272"><ele>26.8</ele></trkpt>
      <trkpt lat="60.229997" lon="24.912237"><ele>27</ele></trkpt>
      <trkpt lat="60.23" lon="24.912192"><ele>27.2</ele></trkpt>
      <trkpt lat="60.23" lon="24.912137"><ele>27.6</ele></trkpt>
      <trkpt lat="60.23001" lon="24.91207"><ele>27.8</ele></trkpt>
      <trkpt lat="60.230017" lon="24.912007"><ele>28.2</ele></trkpt>
      <trkpt lat="60.23002" lon="24.911945"><ele>28.4</ele></trkpt>
      <trkpt lat="60.230017" lon="24.911882"><ele>28.4</ele></trkpt>
      <trkpt lat="60.230027" lon="24.911812"><ele>28.6</ele></trkpt>
      <trkpt lat="60.230042" lon="24.911752"><ele>28.6</ele></trkpt>
      <trkpt lat="60.230057" lon="24.911702"><ele>28.6</ele></trkpt>
      <trkpt lat="60.230067" lon="24.911655"><ele>28.6</ele></trkpt>
      <trkpt lat="60.230077" lon="24.91162"><ele>28.6</ele></trkpt>
      <trkpt lat="60.23008" lon="24.911582"><ele>28.6</ele></trkpt>
      <trkpt lat="60.230077" lon="24.911528"><ele>28.8</ele></trkpt>
      <trkpt lat="60.230067" lon="24.911467"><ele>28.8</ele></trkpt>
      <trkpt lat="60.230057" lon="24.911402"><ele>29</ele></trkpt>
      <trkpt lat="60.230042" lon="24.911332"><ele>29</ele></trkpt>
      <trkpt lat="60.230032" lon="24.911257"><ele>29</ele></trkpt>
      <trkpt lat="60.230022" lon="24.91118"><ele>29</ele></trkpt>
      <trkpt lat="60.230007" lon="24.911097"><ele>29</ele></trkpt>
      <trkpt lat="60.229992" lon="24.91101"><ele>29</ele></trkpt>
      <trkpt lat="60.22998" lon="24.91092"><ele>29</ele></trkpt>
      <trkpt lat="60.229962" lon="24.91083"><ele>29</ele></trkpt>
      <trkpt lat="60.229947" lon="24.910737"><ele>28.8</ele></trkpt>
      <trkpt lat="60.229932" lon="24.910637"><ele>28.6</ele></trkpt>
      <trkpt lat="60.229912" lon="24.910537"><ele>28.4</ele></trkpt>
      <trkpt lat="60.229895" lon="24.910432"><ele>28.4</ele></trkpt>
      <trkpt lat="60.22988" lon="24.910322"><ele>28</ele></trkpt>
      <trkpt lat="60.229857" lon="24.91022"><ele>27.8</ele></trkpt>
      <trkpt lat="60.22984" lon="24.910122"><ele>27.6</ele></trkpt>
      <trkpt lat="60.229822" lon="24.910042"><ele>27.4</ele></trkpt>
      <trkpt lat="60.229812" lon="24.909965"><ele>27.2</ele></trkpt>
      <trkpt lat="60.229822" lon="24.909907"><ele>27</ele></trkpt>
      <trkpt lat="60.22985" lon="24.909882"><ele>27</ele></trkpt>
      <trkpt lat="60.229868" lon="24.909852"><ele>27</ele></trkpt>
      <trkpt lat="60.229892" lon="24.909832"><ele>27</ele></trkpt>
      <trkpt lat="60.229915" lon="24.90981"><ele>27</ele></trkpt>
      <trkpt lat="60.229932" lon="24.909787"><ele>26.8</ele></trkpt>
      <trkpt lat="60.229957" lon="24.90976"><ele>26.8</ele></trkpt>
      <trkpt lat="60.22998" lon="24.909732"><ele>27</ele></trkpt>
      <trkpt lat="60.230002" lon="24.909717"><ele>27</ele></trkpt>
      <trkpt lat="60.230022" lon="24.909697"><ele>27.4</ele></trkpt>
      <trkpt lat="60.230052" lon="24.909667"><ele>27.8</ele></trkpt>
      <trkpt lat="60.230067" lon="24.909642"><ele>28</ele></trkpt>
      <trkpt lat="60.230087" lon="24.909627"><ele>28.2</ele></trkpt>
      <trkpt lat="60.230112" lon="24.909602"><ele>28.4</ele></trkpt>
      <trkpt lat="60.230137" lon="24.90959"><ele>28.6</ele></trkpt>
      <trkpt lat="60.230162" lon="24.909577"><ele>28.8</ele></trkpt>
      <trkpt lat="60.230185" lon="24.909547"><ele>29</ele></trkpt>
      <trkpt lat="60.230205" lon="24.909535"><ele>29.2</ele></trkpt>
      <trkpt lat="60.230227" lon="24.909522"><ele>29.4</ele></trkpt>
      <trkpt lat="60.230252" lon="24.909507"><ele>29.4</ele></trkpt>
      <trkpt lat="60.230275" lon="24.909485"><ele>29.6</ele></trkpt>
      <trkpt lat="60.230297" lon="24.909455"><ele>30</ele></trkpt>
      <trkpt lat="60.230315" lon="24.909417"><ele>30.2</ele></trkpt>
      <trkpt lat="60.230332" lon="24.909385"><ele>30.4</ele></trkpt>
      <trkpt lat="60.23035" lon="24.909347"><ele>30.6</ele></trkpt>
      <trkpt lat="60.230372" lon="24.909322"><ele>30.8</ele></trkpt>
      <trkpt lat="60.230392" lon="24.909287"><ele>31.2</ele></trkpt>
      <trkpt lat="60.230412" lon="24.909257"><ele>31.4</ele></trkpt>
      <trkpt lat="60.230427" lon="24.909215"><ele>31.6</ele></trkpt>
      <trkpt lat="60.230442" lon="24.909162"><ele>31.8</ele></trkpt>
      <trkpt lat="60.23046" lon="24.909108"><ele>32</ele></trkpt>
      <trkpt lat="60.23048" lon="24.909052"><ele>32.2</ele></trkpt>
      <trkpt lat="60.230507" lon="24.909007"><ele>32.4</ele></trkpt>
      <trkpt lat="60.23054" lon="24.908985"><ele>32.6</ele></trkpt>
      <trkpt lat="60.230572" lon="24.90898"><ele>32.6</ele></trkpt>
      <trkpt lat="60.230607" lon="24.908962"><ele>32.8</ele></trkpt>
      <trkpt lat="60.230637" lon="24.908922"><ele>33</ele></trkpt>
      <trkpt lat="60.230655" lon="24.90886"><ele>33</ele></trkpt>
      <trkpt lat="60.230662" lon="24.908782"><ele>33.2</ele></trkpt>
      <trkpt lat="60.230662" lon="24.9087"><ele>33.2</ele></trkpt>
      <trkpt lat="60.23067" lon="24.908617"><ele>33.2</ele></trkpt>
      <trkpt lat="60.23068" lon="24.908547"><ele>33.4</ele></trkpt>
      <trkpt lat="60.230692" lon="24.90848"><ele>33.4</ele></trkpt>
      <trkpt lat="60.230705" lon="24.908422"><ele>33.6</ele></trkpt>
      <trkpt lat="60.230722" lon="24.908383"><ele>33.6</ele></trkpt>
      <trkpt lat="60.230735" lon="24.908352"><ele>33.6</ele></trkpt>
      <trkpt lat="60.230752" lon="24.90829"><ele>33.6</ele></trkpt>
      <trkpt lat="60.230752" lon="24.908252"><ele>33.6</ele></trkpt>
      <trkpt lat="60.23076" lon="24.908215"><ele>33.6</ele></trkpt>
      <trkpt lat="60.230787" lon="24.908152"><ele>33.8</ele></trkpt>
      <trkpt lat="60.230807" lon="24.90811"><ele>33.8</ele></trkpt>
      <trkpt lat="60.230827" lon="24.908065"><ele>33.8</ele></trkpt>
      <trkpt lat="60.230852" lon="24.90802"><ele>33.8</ele></trkpt>
      <trkpt lat="60.230875" lon="24.907992"><ele>33.8</ele></trkpt>
      <trkpt lat="60.230905" lon="24.907977"><ele>33.6</ele></trkpt>
      <trkpt lat="60.230937" lon="24.90796"><ele>33.6</ele></trkpt>
      <trkpt lat="60.230972" lon="24.907925"><ele>33.6</ele></trkpt>
      <trkpt lat="60.231007" lon="24.907877"><ele>33.6</ele></trkpt>
      <trkpt lat="60.231045" lon="24.90782"><ele>33.4</ele></trkpt>
      <trkpt lat="60.231092" lon="24.907782"><ele>33.4</ele></trkpt>
      <trkpt lat="60.231142" lon="24.907757"><ele>33.2</ele></trkpt>
      <trkpt lat="60.231192" lon="24.907762"><ele>33.2</ele></trkpt>
      <trkpt lat="60.231242" lon="24.907765"><ele>33.2</ele></trkpt>
      <trkpt lat="60.231285" lon="24.907772"><ele>33.2</ele></trkpt>
      <trkpt lat="60.23133" lon="24.90775"><ele>33.2</ele></trkpt>
      <trkpt lat="60.231362" lon="24.90772"><ele>33.2</ele></trkpt>
      <trkpt lat="60.231375" lon="24.907667"><ele>33.2</ele></trkpt>
      <trkpt lat="60.231392" lon="24.907612"><ele>33.2</ele></trkpt>
      <trkpt lat="60.231412" lon="24.907562"><ele>33.4</ele></trkpt>
      <trkpt lat="60.231432" lon="24.907532"><ele>33.4</ele></trkpt>
      <trkpt lat="60.231452" lon="24.907502"><ele>33.4</ele></trkpt>
      <trkpt lat="60.231482" lon="24.907482"><ele>33.6</ele></trkpt>
      <trkpt lat="60.2315" lon="24.907447"><ele>33.8</ele></trkpt>
      <trkpt lat="60.231517" lon="24.907398"><ele>34.2</ele></trkpt>
      <trkpt lat="60.231537" lon="24.907362"><ele>34.2</ele></trkpt>
      <trkpt lat="60.231557" lon="24.907347"><ele>34.4</ele></trkpt>
      <trkpt lat="60.231575" lon="24.907352"><ele>34.6</ele></trkpt>
      <trkpt lat="60.231592" lon="24.907372"><ele>35</ele></trkpt>
      <trkpt lat="60.231607" lon="24.907402"><ele>35.2</ele></trkpt>
      <trkpt lat="60.231625" lon="24.907432"><ele>35.6</ele></trkpt>
      <trkpt lat="60.231642" lon="24.90746"><ele>35.8</ele></trkpt>
      <trkpt lat="60.231665" lon="24.90748"><ele>36</ele></trkpt>
      <trkpt lat="60.231682" lon="24.907502"><ele>36</ele></trkpt>
      <trkpt lat="60.231702" lon="24.907532"><ele>36.2</ele></trkpt>
      <trkpt lat="60.231725" lon="24.907562"><ele>36.2</ele></trkpt>
      <trkpt lat="60.23175" lon="24.907595"><ele>36.4</ele></trkpt>
      <trkpt lat="60.231777" lon="24.90763"><ele>36.4</ele></trkpt>
      <trkpt lat="60.231807" lon="24.907672"><ele>36.4</ele></trkpt>
      <trkpt lat="60.231842" lon="24.90771"><ele>36.4</ele></trkpt>
      <trkpt lat="60.231875" lon="24.907747"><ele>36.6</ele></trkpt>
      <trkpt lat="60.23191" lon="24.907782"><ele>36.6</ele></trkpt>
      <trkpt lat="60.231945" lon="24.907817"><ele>36.6</ele></trkpt>
      <trkpt lat="60.231977" lon="24.907855"><ele>36.6</ele></trkpt>
      <trkpt lat="60.232012" lon="24.907897"><ele>36.8</ele></trkpt>
      <trkpt lat="60.232045" lon="24.90794"><ele>36.8</ele></trkpt>
      <trkpt lat="60.23208" lon="24.907982"><ele>37</ele></trkpt>
      <trkpt lat="60.232112" lon="24.908027"><ele>37</ele></trkpt>
      <trkpt lat="60.232142" lon="24.908065"><ele>37</ele></trkpt>
      <trkpt lat="60.232177" lon="24.90808"><ele>37.2</ele></trkpt>
      <trkpt lat="60.232207" lon="24.908062"><ele>37.2</ele></trkpt>
      <trkpt lat="60.232232" lon="24.908035"><ele>37.2</ele></trkpt>
      <trkpt lat="60.232252" lon="24.907967"><ele>37.4</ele></trkpt>
      <trkpt lat="60.232267" lon="24.907925"><ele>37.4</ele></trkpt>
      <trkpt lat="60.232287" lon="24.90788"><ele>37.6</ele></trkpt>
      <trkpt lat="60.232302" lon="24.907857"><ele>37.8</ele></trkpt>
      <trkpt lat="60.232322" lon="24.907812"><ele>38.2</ele></trkpt>
      <trkpt lat="60.232327" lon="24.907777"><ele>38.2</ele></trkpt>
      <trkpt lat="60.23234" lon="24.9077"><ele>38.4</ele></trkpt>
      <trkpt lat="60.232345" lon="24.90766"><ele>38.6</ele></trkpt>
      <trkpt lat="60.23235" lon="24.907615"><ele>38.6</ele></trkpt>
      <trkpt lat="60.232352" lon="24.907572"><ele>38.8</ele></trkpt>
      <trkpt lat="60.232355" lon="24.907527"><ele>39</ele></trkpt>
      <trkpt lat="60.232362" lon="24.907477"><ele>39.2</ele></trkpt>
      <trkpt lat="60.232367" lon="24.907425"><ele>39.6</ele></trkpt>
      <trkpt lat="60.232372" lon="24.90737"><ele>39.8</ele></trkpt>
      <trkpt lat="60.232372" lon="24.907312"><ele>40</ele></trkpt>
      <trkpt lat="60.232365" lon="24.90725"><ele>40.2</ele></trkpt>
      <trkpt lat="60.232365" lon="24.907185"><ele>40.2</ele></trkpt>
      <trkpt lat="60.232373" lon="24.907135"><ele>40.4</ele></trkpt>
      <trkpt lat="60.232382" lon="24.907097"><ele>40.4</ele></trkpt>
      <trkpt lat="60.232412" lon="24.907047"><ele>40.6</ele></trkpt>
      <trkpt lat="60.232432" lon="24.907032"><ele>40.8</ele></trkpt>
      <trkpt lat="60.232443" lon="24.907005"><ele>41</ele></trkpt>
      <trkpt lat="60.232467" lon="24.906972"><ele>41.2</ele></trkpt>
      <trkpt lat="60.232487" lon="24.906942"><ele>41.4</ele></trkpt>
      <trkpt lat="60.232507" lon="24.906912"><ele>41.4</ele></trkpt>
      <trkpt lat="60.232522" lon="24.906867"><ele>41.4</ele></trkpt>
      <trkpt lat="60.232537" lon="24.906817"><ele>41.4</ele></trkpt>
      <trkpt lat="60.232542" lon="24.906772"><ele>41.6</ele></trkpt>
      <trkpt lat="60.232552" lon="24.906732"><ele>41.6</ele></trkpt>
      <trkpt lat="60.23256" lon="24.906692"><ele>41.8</ele></trkpt>
      <trkpt lat="60.232572" lon="24.90665"><ele>41.8</ele></trkpt>
      <trkpt lat="60.232587" lon="24.906612"><ele>42</ele></trkpt>
      <trkpt lat="60.232587" lon="24.906572"><ele>42.6</ele></trkpt>
      <trkpt lat="60.232592" lon="24.906527"><ele>42.8</ele></trkpt>
      <trkpt lat="60.232605" lon="24.906497"><ele>43.2</ele></trkpt>
      <trkpt lat="60.232615" lon="24.90646"><ele>43.4</ele></trkpt>
      <trkpt lat="60.232622" lon="24.906417"><ele>43.8</ele></trkpt>
      <trkpt lat="60.232632" lon="24.906382"><ele>43.8</ele></trkpt>
      <trkpt lat="60.232647" lon="24.906362"><ele>44.2</ele></trkpt>
      <trkpt lat="60.232672" lon="24.906345"><ele>44.2</ele></trkpt>
      <trkpt lat="60.232692" lon="24.90632"><ele>44.2</ele></trkpt>
      <trkpt lat="60.232702" lon="24.906287"><ele>44.2</ele></trkpt>
      <trkpt lat="60.23273" lon="24.906232"><ele>44.4</ele></trkpt>
      <trkpt lat="60.232742" lon="24.906197"><ele>44.4</ele></trkpt>
      <trkpt lat="60.232757" lon="24.906165"><ele>44.2</ele></trkpt>
      <trkpt lat="60.232777" lon="24.906127"><ele>44.2</ele></trkpt>
      <trkpt lat="60.232805" lon="24.906082"><ele>44</ele></trkpt>
      <trkpt lat="60.232817" lon="24.906052"><ele>44</ele></trkpt>
      <trkpt lat="60.232842" lon="24.906012"><ele>44</ele></trkpt>
      <trkpt lat="60.232857" lon="24.905987"><ele>44</ele></trkpt>
      <trkpt lat="60.232862" lon="24.905952"><ele>44</ele></trkpt>
      <trkpt lat="60.232865" lon="24.905915"><ele>44</ele></trkpt>
      <trkpt lat="60.232867" lon="24.905842"><ele>44</ele></trkpt>
      <trkpt lat="60.232877" lon="24.905782"><ele>44.2</ele></trkpt>
      <trkpt lat="60.232895" lon="24.905737"><ele>44.4</ele></trkpt>
      <trkpt lat="60.232917" lon="24.905702"><ele>45</ele></trkpt>
      <trkpt lat="60.232947" lon="24.905682"><ele>45.4</ele></trkpt>
      <trkpt lat="60.232978" lon="24.905667"><ele>45.6</ele></trkpt>
      <trkpt lat="60.233015" lon="24.905642"><ele>45.8</ele></trkpt>
      <trkpt lat="60.233037" lon="24.905622"><ele>46</ele></trkpt>
      <trkpt lat="60.233062" lon="24.905597"><ele>46.2</ele></trkpt>
      <trkpt lat="60.233092" lon="24.90558"><ele>46.2</ele></trkpt>
      <trkpt lat="60.233122" lon="24.90557"><ele>46.2</ele></trkpt>
      <trkpt lat="60.23315" lon="24.90556"><ele>46.2</ele></trkpt>
      <trkpt lat="60.233175" lon="24.905515"><ele>46</ele></trkpt>
      <trkpt lat="60.233182" lon="24.905482"><ele>46</ele></trkpt>
      <trkpt lat="60.233197" lon="24.905432"><ele>46</ele></trkpt>
      <trkpt lat="60.233217" lon="24.905372"><ele>46</ele></trkpt>
      <trkpt lat="60.233227" lon="24.905302"><ele>46</ele></trkpt>
      <trkpt lat="60.233237" lon="24.905227"><ele>46</ele></trkpt>
      <trkpt lat="60.233247" lon="24.905157"><ele>45.8</ele></trkpt>
      <trkpt lat="60.233257" lon="24.905085"><ele>45.6</ele></trkpt>
      <trkpt lat="60.233267" lon="24.905012"><ele>45.4</ele></trkpt>
      <trkpt lat="60.233287" lon="24.904965"><ele>45.2</ele></trkpt>
      <trkpt lat="60.233315" lon="24.904972"><ele>45</ele></trkpt>
      <trkpt lat="60.233337" lon="24.904997"><ele>45</ele></trkpt>
      <trkpt lat="60.233367" lon="24.905027"><ele>44.8</ele></trkpt>
      <trkpt lat="60.233397" lon="24.905037"><ele>44.8</ele></trkpt>
      <trkpt lat="60.233427" lon="24.905042"><ele>44.8</ele></trkpt>
      <trkpt lat="60.233452" lon="24.905052"><ele>44.8</ele></trkpt>
      <trkpt lat="60.233477" lon="24.905062"><ele>44.8</ele></trkpt>
      <trkpt lat="60.233502" lon="24.905072"><ele>44.8</ele></trkpt>
      <trkpt lat="60.233527" lon="24.90507"><ele>44.8</ele></trkpt>
      <trkpt lat="60.233547" lon="24.905072"><ele>44.8</ele></trkpt>
      <trkpt lat="60.23358" lon="24.905077"><ele>45</ele></trkpt>
      <trkpt lat="60.233615" lon="24.905067"><ele>45.6</ele></trkpt>
      <trkpt lat="60.23364" lon="24.90506"><ele>45.8</ele></trkpt>
      <trkpt lat="60.233672" lon="24.905055"><ele>46.2</ele></trkpt>
      <trkpt lat="60.233707" lon="24.905047"><ele>46.4</ele></trkpt>
      <trkpt lat="60.233742" lon="24.905032"><ele>46.8</ele></trkpt>
      <trkpt lat="60.233775" lon="24.90502"><ele>47</ele></trkpt>
      <trkpt lat="60.233797" lon="24.904982"><ele>47</ele></trkpt>
      <trkpt lat="60.233815" lon="24.904935"><ele>47</ele></trkpt>
      <trkpt lat="60.233827" lon="24.904892"><ele>47</ele></trkpt>
      <trkpt lat="60.23386" lon="24.904865"><ele>47</ele></trkpt>
      <trkpt lat="60.23388" lon="24.90487"><ele>47</ele></trkpt>
      <trkpt lat="60.233892" lon="24.904895"><ele>47</ele></trkpt>
      <trkpt lat="60.233897" lon="24.904967"><ele>47.2</ele></trkpt>
      <trkpt lat="60.233892" lon="24.905012"><ele>47.2</ele></trkpt>
      <trkpt lat="60.23388" lon="24.905072"><ele>47.2</ele></trkpt>
      <trkpt lat="60.23387" lon="24.905107"><ele>47.2</ele></trkpt>
      <trkpt lat="60.233857" lon="24.90514"><ele>47.4</ele></trkpt>
      <trkpt lat="60.233847" lon="24.905172"><ele>47.6</ele></trkpt>
      <trkpt lat="60.233832" lon="24.905235"><ele>47.8</ele></trkpt>
      <trkpt lat="60.233822" lon="24.905287"><ele>48.4</ele></trkpt>
      <trkpt lat="60.233817" lon="24.905327"><ele>49.2</ele></trkpt>
      <trkpt lat="60.233832" lon="24.905372"><ele>49.6</ele></trkpt>
      <trkpt lat="60.233855" lon="24.905387"><ele>49.8</ele></trkpt>
      <trkpt lat="60.233872" lon="24.905427"><ele>50</ele></trkpt>
      <trkpt lat="60.233877" lon="24.905477"><ele>50.2</ele></trkpt>
      <trkpt lat="60.233877" lon="24.905522"><ele>50.4</ele></trkpt>
      <trkpt lat="60.23388" lon="24.90558"><ele>50.4</ele></trkpt>
      <trkpt lat="60.233885" lon="24.905655"><ele>50.6</ele></trkpt>
      <trkpt lat="60.233905" lon="24.905727"><ele>50.6</ele></trkpt>
      <trkpt lat="60.233937" lon="24.905787"><ele>50.6</ele></trkpt>
      <trkpt lat="60.233967" lon="24.905862"><ele>50.6</ele></trkpt>
      <trkpt lat="60.23399" lon="24.905932"><ele>50.4</ele></trkpt>
      <trkpt lat="60.234012" lon="24.906002"><ele>50.2</ele></trkpt>
      <trkpt lat="60.234045" lon="24.90607"><ele>49.8</ele></trkpt>
      <trkpt lat="60.23408" lon="24.906147"><ele>49.6</ele></trkpt>
      <trkpt lat="60.234107" lon="24.906237"><ele>49.2</ele></trkpt>
      <trkpt lat="60.234127" lon="24.906327"><ele>48.8</ele></trkpt>
      <trkpt lat="60.234142" lon="24.906417"><ele>48.2</ele></trkpt>
      <trkpt lat="60.234145" lon="24.906512"><ele>47.8</ele></trkpt>
      <trkpt lat="60.234147" lon="24.906572"><ele>47.2</ele></trkpt>
      <trkpt lat="60.234162" lon="24.906622"><ele>46.8</ele></trkpt>
      <trkpt lat="60.234182" lon="24.906647"><ele>46.2</ele></trkpt>
      <trkpt lat="60.234212" lon="24.906657"><ele>45.8</ele></trkpt>
      <trkpt lat="60.234242" lon="24.906677"><ele>45.4</ele></trkpt>
      <trkpt lat="60.23427" lon="24.906715"><ele>45</ele></trkpt>
      <trkpt lat="60.234307" lon="24.906762"><ele>44.4</ele></trkpt>
      <trkpt lat="60.234352" lon="24.906827"><ele>44</ele></trkpt>
      <trkpt lat="60.234402" lon="24.9069"><ele>43.6</ele></trkpt>
      <trkpt lat="60.234457" lon="24.906977"><ele>43</ele></trkpt>
      <trkpt lat="60.234512" lon="24.907057"><ele>42.2</ele></trkpt>
      <trkpt lat="60.234575" lon="24.907137"><ele>41.4</ele></trkpt>
      <trkpt lat="60.234637" lon="24.907222"><ele>40.4</ele></trkpt>
      <trkpt lat="60.234692" lon="24.907317"><ele>39.2</ele></trkpt>
      <trkpt lat="60.234745" lon="24.907417"><ele>38</ele></trkpt>
      <trkpt lat="60.234792" lon="24.907527"><ele>37.2</ele></trkpt>
      <trkpt lat="60.234832" lon="24.907632"><ele>36.6</ele></trkpt>
      <trkpt lat="60.23487" lon="24.90773"><ele>36.2</ele></trkpt>
      <trkpt lat="60.234902" lon="24.907812"><ele>35.8</ele></trkpt>
      <trkpt lat="60.234922" lon="24.907865"><ele>35.6</ele></trkpt>
      <trkpt lat="60.234947" lon="24.907905"><ele>35.4</ele></trkpt>
      <trkpt lat="60.23497" lon="24.907957"><ele>35.6</ele></trkpt>
      <trkpt lat="60.234997" lon="24.908027"><ele>35.8</ele></trkpt>
      <trkpt lat="60.235017" lon="24.908107"><ele>36</ele></trkpt>
      <trkpt lat="60.235037" lon="24.90818"><ele>36.2</ele></trkpt>
      <trkpt lat="60.23505" lon="24.908242"><ele>36.4</ele></trkpt>
      <trkpt lat="60.235057" lon="24.908307"><ele>36.4</ele></trkpt>
      <trkpt lat="60.235062" lon="24.908377"><ele>36.4</ele></trkpt>
      <trkpt lat="60.23508" lon="24.908417"><ele>36.4</ele></trkpt>
      <trkpt lat="60.235102" lon="24.908427"><ele>36.4</ele></trkpt>
      <trkpt lat="60.235135" lon="24.908432"><ele>36.6</ele></trkpt>
      <trkpt lat="60.23517" lon="24.908435"><ele>36.6</ele></trkpt>
      <trkpt lat="60.235207" lon="24.908437"><ele>36.8</ele></trkpt>
      <trkpt lat="60.235247" lon="24.90844"><ele>37</ele></trkpt>
      <trkpt lat="60.235292" lon="24.908455"><ele>37.2</ele></trkpt>
      <trkpt lat="60.235337" lon="24.908467"><ele>37.4</ele></trkpt>
      <trkpt lat="60.235392" lon="24.90847"><ele>37.4</ele></trkpt>
      <trkpt lat="60.235455" lon="24.90846"><ele>37.4</ele></trkpt>
      <trkpt lat="60.23552" lon="24.908452"><ele>37.4</ele></trkpt>
      <trkpt lat="60.235585" lon="24.908452"><ele>37.2</ele></trkpt>
      <trkpt lat="60.235647" lon="24.90845"><ele>36.8</ele></trkpt>
      <trkpt lat="60.235707" lon="24.908445"><ele>36.4</ele></trkpt>
      <trkpt lat="60.23576" lon="24.908447"><ele>36.2</ele></trkpt>
      <trkpt lat="60.235797" lon="24.908447"><ele>36</ele></trkpt>
      <trkpt lat="60.235817" lon="24.908455"><ele>35.6</ele></trkpt>
      <trkpt lat="60.235835" lon="24.908487"><ele>35.6</ele></trkpt>
      <trkpt lat="60.235842" lon="24.908542"><ele>35.4</ele></trkpt>
      <trkpt lat="60.235852" lon="24.908612"><ele>35.2</ele></trkpt>
      <trkpt lat="60.23586" lon="24.908702"><ele>35.2</ele></trkpt>
      <trkpt lat="60.235862" lon="24.908792"><ele>35</ele></trkpt>
      <trkpt lat="60.235867" lon="24.908877"><ele>35</ele></trkpt>
      <trkpt lat="60.23588" lon="24.908942"><ele>34.8</ele></trkpt>
      <trkpt lat="60.2359" lon="24.908997"><ele>34.6</ele></trkpt>
      <trkpt lat="60.23592" lon="24.909047"><ele>34.4</ele></trkpt>
      <trkpt lat="60.235945" lon="24.909065"><ele>34.4</ele></trkpt>
      <trkpt lat="60.235975" lon="24.909097"><ele>34.2</ele></trkpt>
      <trkpt lat="60.235992" lon="24.909142"><ele>34</ele></trkpt>
      <trkpt lat="60.236002" lon="24.909202"><ele>34.2</ele></trkpt>
      <trkpt lat="60.236007" lon="24.909267"><ele>34.2</ele></trkpt>
      <trkpt lat="60.236012" lon="24.909327"><ele>34.2</ele></trkpt>
      <trkpt lat="60.23602" lon="24.909382"><ele>34.2</ele></trkpt>
      <trkpt lat="60.236032" lon="24.909417"><ele>34.4</ele></trkpt>
      <trkpt lat="60.236047" lon="24.909447"><ele>34.4</ele></trkpt>
      <trkpt lat="60.236072" lon="24.909462"><ele>34.4</ele></trkpt>
      <trkpt lat="60.236102" lon="24.909475"><ele>34.4</ele></trkpt>
      <trkpt lat="60.236132" lon="24.909492"><ele>34.6</ele></trkpt>
      <trkpt lat="60.236157" lon="24.909517"><ele>34.8</ele></trkpt>
      <trkpt lat="60.236177" lon="24.909537"><ele>34.8</ele></trkpt>
      <trkpt lat="60.23621" lon="24.909565"><ele>35</ele></trkpt>
      <trkpt lat="60.236247" lon="24.909577"><ele>35.2</ele></trkpt>
      <trkpt lat="60.236282" lon="24.909587"><ele>35.4</ele></trkpt>
      <trkpt lat="60.236317" lon="24.909597"><ele>35.4</ele></trkpt>
      <trkpt lat="60.236345" lon="24.909617"><ele>35.4</ele></trkpt>
      <trkpt lat="60.236362" lon="24.909637"><ele>35.4</ele></trkpt>
      <trkpt lat="60.23638" lon="24.909652"><ele>35.2</ele></trkpt>
      <trkpt lat="60.236392" lon="24.909685"><ele>35.4</ele></trkpt>
      <trkpt lat="60.236412" lon="24.90972"><ele>35.4</ele></trkpt>
      <trkpt lat="60.236447" lon="24.909742"><ele>35.6</ele></trkpt>
      <trkpt lat="60.236467" lon="24.909757"><ele>35.8</ele></trkpt>
      <trkpt lat="60.236485" lon="24.909782"><ele>35.8</ele></trkpt>
      <trkpt lat="60.236507" lon="24.909802"><ele>36</ele></trkpt>
      <trkpt lat="60.236527" lon="24.909827"><ele>36</ele></trkpt>
      <trkpt lat="60.23655" lon="24.909855"><ele>36.2</ele></trkpt>
      <trkpt lat="60.236572" lon="24.90988"><ele>36.4</ele></trkpt>
      <trkpt lat="60.236595" lon="24.909907"><ele>36.6</ele></trkpt>
      <trkpt lat="60.236617" lon="24.909932"><ele>36.8</ele></trkpt>
      <trkpt lat="60.236637" lon="24.90996"><ele>37</ele></trkpt>
      <trkpt lat="60.236662" lon="24.909992"><ele>37.2</ele></trkpt>
      <trkpt lat="60.236687" lon="24.910027"><ele>37.4</ele></trkpt>
      <trkpt lat="60.236712" lon="24.910062"><ele>37.4</ele></trkpt>
      <trkpt lat="60.236737" lon="24.910097"><ele>37.6</ele></trkpt>
      <trkpt lat="60.236763" lon="24.910137"><ele>37.6</ele></trkpt>
      <trkpt lat="60.236792" lon="24.910182"><ele>37.8</ele></trkpt>
      <trkpt lat="60.236822" lon="24.910227"><ele>37.8</ele></trkpt>
      <trkpt lat="60.236855" lon="24.910277"><ele>37.8</ele></trkpt>
      <trkpt lat="60.236892" lon="24.910332"><ele>37.8</ele></trkpt>
      <trkpt lat="60.236932" lon="24.910385"><ele>37.8</ele></trkpt>
      <trkpt lat="60.23698" lon="24.910437"><ele>37.6</ele></trkpt>
      <trkpt lat="60.237025" lon="24.91048"><ele>37.6</ele></trkpt>
      <trkpt lat="60.237092" lon="24.91052"><ele>37.2</ele></trkpt>
      <trkpt lat="60.237162" lon="24.910527"><ele>37</ele></trkpt>
      <trkpt lat="60.237232" lon="24.910532"><ele>36.6</ele></trkpt>
      <trkpt lat="60.237302" lon="24.910532"><ele>36.4</ele></trkpt>
      <trkpt lat="60.237368" lon="24.91052"><ele>36</ele></trkpt>
      <trkpt lat="60.237432" lon="24.910507"><ele>35.6</ele></trkpt>
      <trkpt lat="60.237497" lon="24.910492"><ele>35.2</ele></trkpt>
      <trkpt lat="60.237555" lon="24.91047"><ele>35</ele></trkpt>
      <trkpt lat="60.237612" lon="24.91044"><ele>34.8</ele></trkpt>
      <trkpt lat="60.237667" lon="24.910395"><ele>34.6</ele></trkpt>
      <trkpt lat="60.237715" lon="24.91034"><ele>34.6</ele></trkpt>
      <trkpt lat="60.237762" lon="24.91029"><ele>34.6</ele></trkpt>
      <trkpt lat="60.237802" lon="24.910237"><ele>34.6</ele></trkpt>
      <trkpt lat="60.237842" lon="24.910185"><ele>34.8</ele></trkpt>
      <trkpt lat="60.23788" lon="24.910137"><ele>35</ele></trkpt>
      <trkpt lat="60.237917" lon="24.910087"><ele>35.2</ele></trkpt>
      <trkpt lat="60.237952" lon="24.91004"><ele>35.6</ele></trkpt>
      <trkpt lat="60.237992" lon="24.909992"><ele>35.8</ele></trkpt>
      <trkpt lat="60.238027" lon="24.909945"><ele>36</ele></trkpt>
      <trkpt lat="60.238065" lon="24.9099"><ele>36.4</ele></trkpt>
      <trkpt lat="60.238102" lon="24.909857"><ele>36.8</ele></trkpt>
      <trkpt lat="60.238137" lon="24.909812"><ele>37</ele></trkpt>
      <trkpt lat="60.238175" lon="24.909772"><ele>37.4</ele></trkpt>
      <trkpt lat="60.238212" lon="24.90973"><ele>37.6</ele></trkpt>
      <trkpt lat="60.238252" lon="24.909685"><ele>37.8</ele></trkpt>
      <trkpt lat="60.238292" lon="24.909637"><ele>37.8</ele></trkpt>
      <trkpt lat="60.238335" lon="24.909592"><ele>38</ele></trkpt>
      <trkpt lat="60.238372" lon="24.909547"><ele>38</ele></trkpt>
      <trkpt lat="60.238412" lon="24.909497"><ele>38.2</ele></trkpt>
      <trkpt lat="60.238455" lon="24.90946"><ele>38</ele></trkpt>
      <trkpt lat="60.238502" lon="24.909445"><ele>38</ele></trkpt>
      <trkpt lat="60.238552" lon="24.909452"><ele>37.8</ele></trkpt>
      <trkpt lat="60.238602" lon="24.909487"><ele>37.6</ele></trkpt>
      <trkpt lat="60.238647" lon="24.909542"><ele>37.4</ele></trkpt>
      <trkpt lat="60.238687" lon="24.909597"><ele>37</ele></trkpt>
      <trkpt lat="60.238725" lon="24.909612"><ele>36.8</ele></trkpt>
      <trkpt lat="60.238762" lon="24.909577"><ele>36.2</ele></trkpt>
      <trkpt lat="60.238807" lon="24.909552"><ele>35.8</ele></trkpt>
      <trkpt lat="60.23886" lon="24.909542"><ele>35.4</ele></trkpt>
      <trkpt lat="60.23891" lon="24.909507"><ele>35</ele></trkpt>
      <trkpt lat="60.238952" lon="24.90945"><ele>34.6</ele></trkpt>
      <trkpt lat="60.238987" lon="24.909367"><ele>34.4</ele></trkpt>
      <trkpt lat="60.239032" lon="24.9093"><ele>34</ele></trkpt>
      <trkpt lat="60.239075" lon="24.909247"><ele>33.6</ele></trkpt>
      <trkpt lat="60.239117" lon="24.90921"><ele>33.4</ele></trkpt>
      <trkpt lat="60.23916" lon="24.909167"><ele>33.4</ele></trkpt>
      <trkpt lat="60.23921" lon="24.909122"><ele>33.4</ele></trkpt>
      <trkpt lat="60.239252" lon="24.909095"><ele>33.4</ele></trkpt>
      <trkpt lat="60.2393" lon="24.909087"><ele>33.4</ele></trkpt>
      <trkpt lat="60.239337" lon="24.909102"><ele>33.4</ele></trkpt>
      <trkpt lat="60.23936" lon="24.909132"><ele>33.2</ele></trkpt>
      <trkpt lat="60.23938" lon="24.909157"><ele>33.2</ele></trkpt>
      <trkpt lat="60.239397" lon="24.909175"><ele>33.2</ele></trkpt>
      <trkpt lat="60.239432" lon="24.909197"><ele>33.2</ele></trkpt>
      <trkpt lat="60.23946" lon="24.909202"><ele>33.2</ele></trkpt>
      <trkpt lat="60.239485" lon="24.909202"><ele>33.2</ele></trkpt>
      <trkpt lat="60.239497" lon="24.90923"><ele>33.4</ele></trkpt>
      <trkpt lat="60.239527" lon="24.909272"><ele>33.6</ele></trkpt>
      <trkpt lat="60.239545" lon="24.909277"><ele>33.6</ele></trkpt>
      <trkpt lat="60.239565" lon="24.909285"><ele>33.6</ele></trkpt>
      <trkpt lat="60.239605" lon="24.909312"><ele>33.6</ele></trkpt>
      <trkpt lat="60.23962" lon="24.909342"><ele>33.6</ele></trkpt>
      <trkpt lat="60.239637" lon="24.909367"><ele>33.8</ele></trkpt>
      <trkpt lat="60.239662" lon="24.909377"><ele>33.8</ele></trkpt>
      <trkpt lat="60.239682" lon="24.909392"><ele>33.8</ele></trkpt>
      <trkpt lat="60.239702" lon="24.909432"><ele>33.8</ele></trkpt>
      <trkpt lat="60.239737" lon="24.90945"><ele>33.8</ele></trkpt>
      <trkpt lat="60.239767" lon="24.909447"><ele>33.8</ele></trkpt>
      <trkpt lat="60.2398" lon="24.90945"><ele>33.6</ele></trkpt>
      <trkpt lat="60.239837" lon="24.909442"><ele>33.6</ele></trkpt>
      <trkpt lat="60.23987" lon="24.909427"><ele>33.6</ele></trkpt>
      <trkpt lat="60.239902" lon="24.90942"><ele>33.8</ele></trkpt>
      <trkpt lat="60.23993" lon="24.909402"><ele>33.8</ele></trkpt>
      <trkpt lat="60.239955" lon="24.90936"><ele>33.8</ele></trkpt>
      <trkpt lat="60.239977" lon="24.909315"><ele>33.8</ele></trkpt>
      <trkpt lat="60.239995" lon="24.909292"><ele>34</ele></trkpt>
      <trkpt lat="60.240015" lon="24.909272"><ele>34</ele></trkpt>
      <trkpt lat="60.240037" lon="24.90925"><ele>34.2</ele></trkpt>
      <trkpt lat="60.240057" lon="24.909247"><ele>34.4</ele></trkpt>
      <trkpt lat="60.240077" lon="24.909245"><ele>34.6</ele></trkpt>
      <trkpt lat="60.240098" lon="24.909242"><ele>34.6</ele></trkpt>
      <trkpt lat="60.240127" lon="24.909227"><ele>34.6</ele></trkpt>
      <trkpt lat="60.240157" lon="24.909222"><ele>34.8</ele></trkpt>
      <trkpt lat="60.240177" lon="24.909217"><ele>35</ele></trkpt>
      <trkpt lat="60.240202" lon="24.909215"><ele>35</ele></trkpt>
      <trkpt lat="60.240227" lon="24.909215"><ele>35</ele></trkpt>
      <trkpt lat="60.240257" lon="24.909217"><ele>35</ele></trkpt>
      <trkpt lat="60.240292" lon="24.909217"><ele>35</ele></trkpt>
      <trkpt lat="60.240322" lon="24.909212"><ele>35</ele></trkpt>
      <trkpt lat="60.240352" lon="24.9092"><ele>35.2</ele></trkpt>
      <trkpt lat="60.240382" lon="24.9092"><ele>35.2</ele></trkpt>
      <trkpt lat="60.240412" lon="24.909197"><ele>35</ele></trkpt>
      <trkpt lat="60.240442" lon="24.909205"><ele>35</ele></trkpt>
      <trkpt lat="60.240467" lon="24.909207"><ele>35</ele></trkpt>
      <trkpt lat="60.240502" lon="24.909195"><ele>35</ele></trkpt>
      <trkpt lat="60.24053" lon="24.909167"><ele>35</ele></trkpt>
      <trkpt lat="60.240552" lon="24.909147"><ele>35</ele></trkpt>
      <trkpt lat="60.240572" lon="24.909112"><ele>35</ele></trkpt>
      <trkpt lat="60.240585" lon="24.90908"><ele>35</ele></trkpt>
      <trkpt lat="60.240592" lon="24.909042"><ele>35</ele></trkpt>
      <trkpt lat="60.2406" lon="24.908992"><ele>35</ele></trkpt>
      <trkpt lat="60.240607" lon="24.90893"><ele>35</ele></trkpt>
      <trkpt lat="60.240622" lon="24.90888"><ele>35.2</ele></trkpt>
      <trkpt lat="60.24064" lon="24.90885"><ele>35.2</ele></trkpt>
      <trkpt lat="60.240657" lon="24.908822"><ele>35.4</ele></trkpt>
      <trkpt lat="60.24068" lon="24.908787"><ele>35.6</ele></trkpt>
      <trkpt lat="60.240703" lon="24.908757"><ele>35.8</ele></trkpt>
      <trkpt lat="60.24073" lon="24.908725"><ele>35.8</ele></trkpt>
      <trkpt lat="60.240755" lon="24.908687"><ele>35.8</ele></trkpt>
      <trkpt lat="60.240777" lon="24.908652"><ele>35.8</ele></trkpt>
      <trkpt lat="60.240795" lon="24.908627"><ele>35.8</ele></trkpt>
      <trkpt lat="60.240807" lon="24.90859"><ele>35.8</ele></trkpt>
      <trkpt lat="60.24082" lon="24.908555"><ele>35.6</ele></trkpt>
      <trkpt lat="60.240837" lon="24.908522"><ele>35.6</ele></trkpt>
      <trkpt lat="60.240857" lon="24.908502"><ele>35.6</ele></trkpt>
      <trkpt lat="60.240877" lon="24.908487"><ele>35.8</ele></trkpt>
      <trkpt lat="60.240897" lon="24.908472"><ele>35.8</ele></trkpt>
      <trkpt lat="60.240917" lon="24.908452"><ele>35.8</ele></trkpt>
      <trkpt lat="60.240942" lon="24.90843"><ele>36</ele></trkpt>
      <trkpt lat="60.240972" lon="24.908407"><ele>36</ele></trkpt>
      <trkpt lat="60.240995" lon="24.90838"><ele>35.8</ele></trkpt>
      <trkpt lat="60.241012" lon="24.908348"><ele>35.8</ele></trkpt>
      <trkpt lat="60.241027" lon="24.90832"><ele>35.8</ele></trkpt>
      <trkpt lat="60.241042" lon="24.908287"><ele>35.6</ele></trkpt>
      <trkpt lat="60.241057" lon="24.908247"><ele>35.4</ele></trkpt>
      <trkpt lat="60.241075" lon="24.908192"><ele>35.4</ele></trkpt>
      <trkpt lat="60.241083" lon="24.908147"><ele>35.4</ele></trkpt>
      <trkpt lat="60.241095" lon="24.908102"><ele>35.4</ele></trkpt>
      <trkpt lat="60.241107" lon="24.908062"><ele>35.4</ele></trkpt>
      <trkpt lat="60.241117" lon="24.908017"><ele>35.4</ele></trkpt>
      <trkpt lat="60.24114" lon="24.907972"><ele>35.4</ele></trkpt>
      <trkpt lat="60.241162" lon="24.907927"><ele>35.4</ele></trkpt>
      <trkpt lat="60.241187" lon="24.907885"><ele>35.4</ele></trkpt>
      <trkpt lat="60.241217" lon="24.907842"><ele>35.2</ele></trkpt>
      <trkpt lat="60.241252" lon="24.907787"><ele>35</ele></trkpt>
      <trkpt lat="60.241285" lon="24.907732"><ele>34.6</ele></trkpt>
      <trkpt lat="60.241317" lon="24.907692"><ele>34.2</ele></trkpt>
      <trkpt lat="60.241355" lon="24.907652"><ele>33.8</ele></trkpt>
      <trkpt lat="60.241387" lon="24.907622"><ele>33.4</ele></trkpt>
      <trkpt lat="60.24142" lon="24.907577"><ele>33.2</ele></trkpt>
      <trkpt lat="60.241455" lon="24.907553"><ele>33</ele></trkpt>
      <trkpt lat="60.241482" lon="24.907552"><ele>32.6</ele></trkpt>
      <trkpt lat="60.241507" lon="24.907553"><ele>32.4</ele></trkpt>
      <trkpt lat="60.24153" lon="24.907557"><ele>32.4</ele></trkpt>
      <trkpt lat="60.241552" lon="24.907552"><ele>32.2</ele></trkpt>
      <trkpt lat="60.24158" lon="24.907535"><ele>32</ele></trkpt>
      <trkpt lat="60.241617" lon="24.907545"><ele>32</ele></trkpt>
      <trkpt lat="60.24164" lon="24.907552"><ele>31.8</ele></trkpt>
      <trkpt lat="60.241662" lon="24.907562"><ele>31.8</ele></trkpt>
      <trkpt lat="60.241685" lon="24.907557"><ele>31.8</ele></trkpt>
      <trkpt lat="60.241715" lon="24.907522"><ele>31.6</ele></trkpt>
      <trkpt lat="60.241732" lon="24.907487"><ele>31.4</ele></trkpt>
      <trkpt lat="60.241752" lon="24.907462"><ele>31.4</ele></trkpt>
      <trkpt lat="60.241772" lon="24.907452"><ele>31.4</ele></trkpt>
      <trkpt lat="60.241792" lon="24.90743"><ele>31.4</ele></trkpt>
      <trkpt lat="60.241812" lon="24.907415"><ele>31.4</ele></trkpt>
      <trkpt lat="60.241835" lon="24.907402"><ele>31.4</ele></trkpt>
      <trkpt lat="60.241855" lon="24.907387"><ele>31.2</ele></trkpt>
      <trkpt lat="60.241872" lon="24.907372"><ele>31.2</ele></trkpt>
      <trkpt lat="60.24189" lon="24.907352"><ele>31.2</ele></trkpt>
      <trkpt lat="60.241907" lon="24.90733"><ele>31.2</ele></trkpt>
      <trkpt lat="60.241922" lon="24.907305"><ele>31</ele></trkpt>
      <trkpt lat="60.24194" lon="24.907287"><ele>31</ele></trkpt>
      <trkpt lat="60.241957" lon="24.907277"><ele>31</ele></trkpt>
      <trkpt lat="60.241982" lon="24.907252"><ele>31</ele></trkpt>
      <trkpt lat="60.242007" lon="24.90722"><ele>31</ele></trkpt>
      <trkpt lat="60.242027" lon="24.907187"><ele>31</ele></trkpt>
      <trkpt lat="60.242042" lon="24.90716"><ele>31</ele></trkpt>
      <trkpt lat="60.242065" lon="24.90711"><ele>30.8</ele></trkpt>
      <trkpt lat="60.242072" lon="24.907072"><ele>30.8</ele></trkpt>
      <trkpt lat="60.242082" lon="24.907035"><ele>31</ele></trkpt>
      <trkpt lat="60.242097" lon="24.906997"><ele>31</ele></trkpt>
      <trkpt lat="60.242112" lon="24.906962"><ele>31</ele></trkpt>
      <trkpt lat="60.242125" lon="24.90693"><ele>31</ele></trkpt>
      <trkpt lat="60.242137" lon="24.906897"><ele>31</ele></trkpt>
      <trkpt lat="60.242152" lon="24.906832"><ele>31</ele></trkpt>
      <trkpt lat="60.242167" lon="24.906787"><ele>31</ele></trkpt>
      <trkpt lat="60.242182" lon="24.906737"><ele>31</ele></trkpt>
      <trkpt lat="60.242205" lon="24.906692"><ele>31</ele></trkpt>
      <trkpt lat="60.242227" lon="24.906677"><ele>31</ele></trkpt>
      <trkpt lat="60.242247" lon="24.906697"><ele>31</ele></trkpt>
      <trkpt lat="60.242262" lon="24.90674"><ele>31</ele></trkpt>
      <trkpt lat="60.242272" lon="24.906792"><ele>31.2</ele></trkpt>
      <trkpt lat="60.24229" lon="24.906857"><ele>31.2</ele></trkpt>
      <trkpt lat="60.242312" lon="24.906922"><ele>31.2</ele></trkpt>
      <trkpt lat="60.242332" lon="24.906997"><ele>31.2</ele></trkpt>
      <trkpt lat="60.242357" lon="24.90708"><ele>31.2</ele></trkpt>
      <trkpt lat="60.242382" lon="24.907162"><ele>31</ele></trkpt>
      <trkpt lat="60.242412" lon="24.907245"><ele>30.8</ele></trkpt>
      <trkpt lat="60.242447" lon="24.90732"><ele>30.6</ele></trkpt>
      <trkpt lat="60.242492" lon="24.907372"><ele>30.4</ele></trkpt>
      <trkpt lat="60.24254" lon="24.907417"><ele>30.2</ele></trkpt>
      <trkpt lat="60.242585" lon="24.907437"><ele>30</ele></trkpt>
      <trkpt lat="60.242627" lon="24.90745"><ele>29.8</ele></trkpt>
      <trkpt lat="60.242672" lon="24.907472"><ele>29.6</ele></trkpt>
      <trkpt lat="60.242717" lon="24.907472"><ele>29.4</ele></trkpt>
      <trkpt lat="60.242762" lon="24.907452"><ele>29.4</ele></trkpt>
      <trkpt lat="60.242802" lon="24.907432"><ele>29.2</ele></trkpt>
      <trkpt lat="60.242837" lon="24.907407"><ele>29.2</ele></trkpt>
      <trkpt lat="60.242865" lon="24.907372"><ele>29.2</ele></trkpt>
      <trkpt lat="60.242892" lon="24.907345"><ele>29.2</ele></trkpt>
      <trkpt lat="60.242917" lon="24.907317"><ele>29.2</ele></trkpt>
      <trkpt lat="60.24294" lon="24.907287"><ele>29.2</ele></trkpt>
      <trkpt lat="60.24296" lon="24.907247"><ele>29.2</ele></trkpt>
      <trkpt lat="60.242982" lon="24.907195"><ele>29.4</ele></trkpt>
      <trkpt lat="60.243002" lon="24.907155"><ele>29.4</ele></trkpt>
      <trkpt lat="60.243027" lon="24.907112"><ele>29.6</ele></trkpt>
      <trkpt lat="60.243057" lon="24.907082"><ele>29.6</ele></trkpt>
      <trkpt lat="60.243092" lon="24.90705"><ele>29.8</ele></trkpt>
      <trkpt lat="60.24313" lon="24.90702"><ele>30</ele></trkpt>
      <trkpt lat="60.243167" lon="24.906997"><ele>30</ele></trkpt>
      <trkpt lat="60.243207" lon="24.906982"><ele>30.2</ele></trkpt>
      <trkpt lat="60.24325" lon="24.906967"><ele>30.2</ele></trkpt>
      <trkpt lat="60.24329" lon="24.90696"><ele>30.4</ele></trkpt>
      <trkpt lat="60.24333" lon="24.906942"><ele>30.4</ele></trkpt>
      <trkpt lat="60.243372" lon="24.906937"><ele>30.4</ele></trkpt>
      <trkpt lat="60.243415" lon="24.906935"><ele>30.4</ele></trkpt>
      <trkpt lat="60.243462" lon="24.906942"><ele>30.6</ele></trkpt>
      <trkpt lat="60.243512" lon="24.906962"><ele>30.6</ele></trkpt>
      <trkpt lat="60.243562" lon="24.906987"><ele>30.6</ele></trkpt>
      <trkpt lat="60.243612" lon="24.907012"><ele>30.4</ele></trkpt>
      <trkpt lat="60.243665" lon="24.907037"><ele>30.4</ele></trkpt>
      <trkpt lat="60.243715" lon="24.90707"><ele>29.8</ele></trkpt>
      <trkpt lat="60.243762" lon="24.907122"><ele>29.2</ele></trkpt>
      <trkpt lat="60.243805" lon="24.907172"><ele>29</ele></trkpt>
      <trkpt lat="60.243847" lon="24.907212"><ele>28.8</ele></trkpt>
      <trkpt lat="60.24389" lon="24.907242"><ele>28.8</ele></trkpt>
      <trkpt lat="60.243932" lon="24.907252"><ele>29</ele></trkpt>
      <trkpt lat="60.243977" lon="24.907257"><ele>29.2</ele></trkpt>
      <trkpt lat="60.244022" lon="24.907262"><ele>29.2</ele></trkpt>
      <trkpt lat="60.244072" lon="24.907262"><ele>29.4</ele></trkpt>
      <trkpt lat="60.244117" lon="24.907262"><ele>29.6</ele></trkpt>
      <trkpt lat="60.24416" lon="24.907262"><ele>29.8</ele></trkpt>
      <trkpt lat="60.244205" lon="24.907255"><ele>30</ele></trkpt>
      <trkpt lat="60.244252" lon="24.907252"><ele>30</ele></trkpt>
      <trkpt lat="60.2443" lon="24.907255"><ele>30.2</ele></trkpt>
      <trkpt lat="60.244347" lon="24.907265"><ele>30.4</ele></trkpt>
      <trkpt lat="60.244397" lon="24.907282"><ele>30.4</ele></trkpt>
      <trkpt lat="60.244447" lon="24.907295"><ele>30.4</ele></trkpt>
      <trkpt lat="60.244495" lon="24.907302"><ele>30.4</ele></trkpt>
      <trkpt lat="60.244542" lon="24.907295"><ele>30.4</ele></trkpt>
      <trkpt lat="60.244592" lon="24.907267"><ele>30.4</ele></trkpt>
      <trkpt lat="60.24464" lon="24.907237"><ele>30.6</ele></trkpt>
      <trkpt lat="60.244687" lon="24.907195"><ele>30.4</ele></trkpt>
      <trkpt lat="60.244732" lon="24.907152"><ele>30.4</ele></trkpt>
      <trkpt lat="60.244785" lon="24.90711"><ele>30.4</ele></trkpt>
      <trkpt lat="60.244832" lon="24.907072"><ele>30.4</ele></trkpt>
      <trkpt lat="60.244882" lon="24.90703"><ele>30.2</ele></trkpt>
      <trkpt lat="60.244927" lon="24.906982"><ele>30.2</ele></trkpt>
      <trkpt lat="60.244972" lon="24.906927"><ele>30.2</ele></trkpt>
      <trkpt lat="60.245012" lon="24.906875"><ele>30.2</ele></trkpt>
      <trkpt lat="60.245052" lon="24.90681"><ele>30.2</ele></trkpt>
      <trkpt lat="60.245092" lon="24.906762"><ele>30.2</ele></trkpt>
      <trkpt lat="60.245142" lon="24.906727"><ele>30.2</ele></trkpt>
      <trkpt lat="60.245192" lon="24.906697"><ele>30</ele></trkpt>
      <trkpt lat="60.245252" lon="24.90668"><ele>30.2</ele></trkpt>
      <trkpt lat="60.245305" lon="24.90671"><ele>30.2</ele></trkpt>
      <trkpt lat="60.245357" lon="24.906772"><ele>30</ele></trkpt>
      <trkpt lat="60.245402" lon="24.906852"><ele>29.8</ele></trkpt>
      <trkpt lat="60.245447" lon="24.906922"><ele>29.6</ele></trkpt>
      <trkpt lat="60.245487" lon="24.906997"><ele>29.4</ele></trkpt>
      <trkpt lat="60.245517" lon="24.907077"><ele>29.2</ele></trkpt>
      <trkpt lat="60.24554" lon="24.907152"><ele>29</ele></trkpt>
      <trkpt lat="60.245572" lon="24.907208"><ele>28.8</ele></trkpt>
      <trkpt lat="60.245607" lon="24.90725"><ele>28.8</ele></trkpt>
      <trkpt lat="60.245642" lon="24.907287"><ele>28.8</ele></trkpt>
      <trkpt lat="60.245682" lon="24.907305"><ele>28.8</ele></trkpt>
      <trkpt lat="60.245725" lon="24.90732"><ele>28.8</ele></trkpt>
      <trkpt lat="60.245767" lon="24.907317"><ele>28.8</ele></trkpt>
      <trkpt lat="60.245817" lon="24.907312"><ele>29</ele></trkpt>
      <trkpt lat="60.245872" lon="24.907302"><ele>29</ele></trkpt>
      <trkpt lat="60.24593" lon="24.907322"><ele>29.2</ele></trkpt>
      <trkpt lat="60.245992" lon="24.907362"><ele>29.2</ele></trkpt>
      <trkpt lat="60.24605" lon="24.907432"><ele>29.2</ele></trkpt>
      <trkpt lat="60.246093" lon="24.907512"><ele>29.4</ele></trkpt>
      <trkpt lat="60.246142" lon="24.907585"><ele>29.4</ele></trkpt>
      <trkpt lat="60.246182" lon="24.907672"><ele>29.2</ele></trkpt>
      <trkpt lat="60.246215" lon="24.907755"><ele>29</ele></trkpt>
      <trkpt lat="60.246235" lon="24.907845"><ele>29</ele></trkpt>
      <trkpt lat="60.246252" lon="24.907933"><ele>29</ele></trkpt>
      <trkpt lat="60.246277" lon="24.908005"><ele>29</ele></trkpt>
      <trkpt lat="60.246307" lon="24.908062"><ele>29</ele></trkpt>
      <trkpt lat="60.246335" lon="24.908145"><ele>29</ele></trkpt>
      <trkpt lat="60.246352" lon="24.908242"><ele>29</ele></trkpt>
      <trkpt lat="60.246365" lon="24.908347"><ele>29</ele></trkpt>
      <trkpt lat="60.246372" lon="24.908437"><ele>29</ele></trkpt>
      <trkpt lat="60.246392" lon="24.908497"><ele>29.2</ele></trkpt>
      <trkpt lat="60.24641" lon="24.908537"><ele>29.2</ele></trkpt>
      <trkpt lat="60.246427" lon="24.908565"><ele>29.2</ele></trkpt>
      <trkpt lat="60.24644" lon="24.908595"><ele>29.4</ele></trkpt>
      <trkpt lat="60.246452" lon="24.908625"><ele>30.4</ele></trkpt>
      <trkpt lat="60.24646" lon="24.908662"><ele>30.6</ele></trkpt>
      <trkpt lat="60.246473" lon="24.908692"><ele>30.6</ele></trkpt>
      <trkpt lat="60.246485" lon="24.90874"><ele>30.8</ele></trkpt>
      <trkpt lat="60.246495" lon="24.908787"><ele>30.8</ele></trkpt>
      <trkpt lat="60.246492" lon="24.908847"><ele>30.8</ele></trkpt>
      <trkpt lat="60.246487" lon="24.908907"><ele>30.6</ele></trkpt>
      <trkpt lat="60.246472" lon="24.908952"><ele>30.8</ele></trkpt>
      <trkpt lat="60.246472" lon="24.90899"><ele>30.8</ele></trkpt>
      <trkpt lat="60.246472" lon="24.909037"><ele>31</ele></trkpt>
      <trkpt lat="60.246495" lon="24.909062"><ele>31</ele></trkpt>
      <trkpt lat="60.246507" lon="24.909107"><ele>31.2</ele></trkpt>
      <trkpt lat="60.246517" lon="24.90916"><ele>31.2</ele></trkpt>
      <trkpt lat="60.24653" lon="24.909207"><ele>31.2</ele></trkpt>
      <trkpt lat="60.246542" lon="24.909267"><ele>31</ele></trkpt>
      <trkpt lat="60.246552" lon="24.909327"><ele>31</ele></trkpt>
      <trkpt lat="60.246555" lon="24.909377"><ele>31</ele></trkpt>
      <trkpt lat="60.246557" lon="24.909425"><ele>31</ele></trkpt>
      <trkpt lat="60.246562" lon="24.909477"><ele>31</ele></trkpt>
      <trkpt lat="60.246567" lon="24.909523"><ele>31</ele></trkpt>
      <trkpt lat="60.246567" lon="24.909577"><ele>31</ele></trkpt>
      <trkpt lat="60.246567" lon="24.909625"><ele>31</ele></trkpt>
      <trkpt lat="60.246562" lon="24.90967"><ele>31.2</ele></trkpt>
      <trkpt lat="60.246552" lon="24.909712"><ele>31.2</ele></trkpt>
      <trkpt lat="60.246543" lon="24.909777"><ele>31.2</ele></trkpt>
      <trkpt lat="60.246535" lon="24.909847"><ele>31.2</ele></trkpt>
      <trkpt lat="60.246532" lon="24.909917"><ele>31.2</ele></trkpt>
      <trkpt lat="60.24653" lon="24.909992"><ele>31.2</ele></trkpt>
      <trkpt lat="60.246525" lon="24.910057"><ele>31.2</ele></trkpt>
      <trkpt lat="60.246522" lon="24.910122"><ele>31.2</ele></trkpt>
      <trkpt lat="60.246525" lon="24.910182"><ele>31</ele></trkpt>
      <trkpt lat="60.24653" lon="24.910237"><ele>31</ele></trkpt>
      <trkpt lat="60.24654" lon="24.910297"><ele>31</ele></trkpt>
      <trkpt lat="60.246552" lon="24.910352"><ele>30.8</ele></trkpt>
      <trkpt lat="60.24656" lon="24.91041"><ele>31</ele></trkpt>
      <trkpt lat="60.246562" lon="24.910457"><ele>31</ele></trkpt>
      <trkpt lat="60.246567" lon="24.910507"><ele>31</ele></trkpt>
      <trkpt lat="60.246572" lon="24.910547"><ele>31.2</ele></trkpt>
      <trkpt lat="60.246577" lon="24.910587"><ele>31.4</ele></trkpt>
      <trkpt lat="60.246577" lon="24.910627"><ele>31.6</ele></trkpt>
      <trkpt lat="60.246577" lon="24.910667"><ele>31.8</ele></trkpt>
      <trkpt lat="60.246582" lon="24.910717"><ele>32</ele></trkpt>
      <trkpt lat="60.246577" lon="24.91076"><ele>32.4</ele></trkpt>
      <trkpt lat="60.246577" lon="24.9108"><ele>32.6</ele></trkpt>
      <trkpt lat="60.24657" lon="24.91084"><ele>32.6</ele></trkpt>
      <trkpt lat="60.246567" lon="24.910907"><ele>33.2</ele></trkpt>
      <trkpt lat="60.246577" lon="24.910955"><ele>33.4</ele></trkpt>
      <trkpt lat="60.24658" lon="24.910997"><ele>33.6</ele></trkpt>
      <trkpt lat="60.246575" lon="24.91104"><ele>33.8</ele></trkpt>
      <trkpt lat="60.24657" lon="24.911082"><ele>33.8</ele></trkpt>
      <trkpt lat="60.24656" lon="24.911127"><ele>34</ele></trkpt>
      <trkpt lat="60.246552" lon="24.911167"><ele>34.2</ele></trkpt>
      <trkpt lat="60.246542" lon="24.911207"><ele>34.4</ele></trkpt>
      <trkpt lat="60.246532" lon="24.911247"><ele>34.4</ele></trkpt>
      <trkpt lat="60.246527" lon="24.911282"><ele>34.6</ele></trkpt>
      <trkpt lat="60.246542" lon="24.911352"><ele>34.6</ele></trkpt>
      <trkpt lat="60.246557" lon="24.911407"><ele>34.8</ele></trkpt>
      <trkpt lat="60.246567" lon="24.91148"><ele>35.2</ele></trkpt>
      <trkpt lat="60.246567" lon="24.91152"><ele>35.6</ele></trkpt>
      <trkpt lat="60.246577" lon="24.911557"><ele>35.8</ele></trkpt>
      <trkpt lat="60.246587" lon="24.91159"><ele>36</ele></trkpt>
      <trkpt lat="60.2466" lon="24.911615"><ele>36.2</ele></trkpt>
      <trkpt lat="60.246622" lon="24.911667"><ele>36.6</ele></trkpt>
      <trkpt lat="60.246657" lon="24.911682"><ele>36.8</ele></trkpt>
      <trkpt lat="60.24668" lon="24.9117"><ele>36.8</ele></trkpt>
      <trkpt lat="60.246698" lon="24.911732"><ele>37</ele></trkpt>
      <trkpt lat="60.246717" lon="24.911767"><ele>37</ele></trkpt>
      <trkpt lat="60.246725" lon="24.91181"><ele>37</ele></trkpt>
      <trkpt lat="60.246735" lon="24.911852"><ele>37</ele></trkpt>
      <trkpt lat="60.246747" lon="24.911892"><ele>37</ele></trkpt>
      <trkpt lat="60.246757" lon="24.911927"><ele>37</ele></trkpt>
      <trkpt lat="60.246765" lon="24.911962"><ele>37</ele></trkpt>
      <trkpt lat="60.246777" lon="24.911997"><ele>37.2</ele></trkpt>
      <trkpt lat="60.246792" lon="24.912047"><ele>37.4</ele></trkpt>
      <trkpt lat="60.246802" lon="24.912092"><ele>37.4</ele></trkpt>
      <trkpt lat="60.246812" lon="24.912137"><ele>37.6</ele></trkpt>
      <trkpt lat="60.246832" lon="24.9122"><ele>37.6</ele></trkpt>
      <trkpt lat="60.246847" lon="24.912235"><ele>37.6</ele></trkpt>
      <trkpt lat="60.246862" lon="24.912267"><ele>37.8</ele></trkpt>
      <trkpt lat="60.246875" lon="24.912302"><ele>38</ele></trkpt>
      <trkpt lat="60.246885" lon="24.912342"><ele>38</ele></trkpt>
      <trkpt lat="60.2469" lon="24.912387"><ele>38.2</ele></trkpt>
      <trkpt lat="60.246922" lon="24.912445"><ele>38.2</ele></trkpt>
      <trkpt lat="60.246935" lon="24.912477"><ele>38.2</ele></trkpt>
      <trkpt lat="60.24695" lon="24.912512"><ele>38.2</ele></trkpt>
      <trkpt lat="60.246965" lon="24.912545"><ele>38.4</ele></trkpt>
      <trkpt lat="60.246977" lon="24.912585"><ele>38.2</ele></trkpt>
      <trkpt lat="60.246982" lon="24.912622"><ele>38.4</ele></trkpt>
      <trkpt lat="60.24699" lon="24.91266"><ele>38.4</ele></trkpt>
      <trkpt lat="60.247012" lon="24.912715"><ele>38.6</ele></trkpt>
      <trkpt lat="60.247032" lon="24.91273"><ele>38.6</ele></trkpt>
      <trkpt lat="60.247052" lon="24.912742"><ele>38.6</ele></trkpt>
      <trkpt lat="60.247077" lon="24.912747"><ele>38.6</ele></trkpt>
      <trkpt lat="60.247107" lon="24.912752"><ele>38.6</ele></trkpt>
      <trkpt lat="60.247145" lon="24.912757"><ele>38.6</ele></trkpt>
      <trkpt lat="60.247185" lon="24.912775"><ele>38.6</ele></trkpt>
      <trkpt lat="60.247225" lon="24.91279"><ele>38.4</ele></trkpt>
      <trkpt lat="60.247252" lon="24.912782"><ele>38.4</ele></trkpt>
      <trkpt lat="60.247277" lon="24.91277"><ele>38.2</ele></trkpt>
      <trkpt lat="60.247302" lon="24.912752"><ele>38</ele></trkpt>
      <trkpt lat="60.247332" lon="24.912732"><ele>37.8</ele></trkpt>
      <trkpt lat="60.247365" lon="24.912712"><ele>37.8</ele></trkpt>
      <trkpt lat="60.247395" lon="24.912685"><ele>37.8</ele></trkpt>
      <trkpt lat="60.247422" lon="24.912637"><ele>37.8</ele></trkpt>
      <trkpt lat="60.247437" lon="24.91257"><ele>37.8</ele></trkpt>
      <trkpt lat="60.247447" lon="24.912492"><ele>37.8</ele></trkpt>
      <trkpt lat="60.247457" lon="24.912405"><ele>37.8</ele></trkpt>
      <trkpt lat="60.247462" lon="24.912322"><ele>37.8</ele></trkpt>
      <trkpt lat="60.247465" lon="24.91223"><ele>37.8</ele></trkpt>
      <trkpt lat="60.247467" lon="24.912147"><ele>37.8</ele></trkpt>
      <trkpt lat="60.247472" lon="24.912055"><ele>37.6</ele></trkpt>
      <trkpt lat="60.247477" lon="24.911972"><ele>37.6</ele></trkpt>
      <trkpt lat="60.24749" lon="24.911887"><ele>37.6</ele></trkpt>
      <trkpt lat="60.247505" lon="24.911802"><ele>37.6</ele></trkpt>
      <trkpt lat="60.247517" lon="24.911715"><ele>37.8</ele></trkpt>
      <trkpt lat="60.247527" lon="24.911627"><ele>37.8</ele></trkpt>
      <trkpt lat="60.24754" lon="24.91154"><ele>37.8</ele></trkpt>
      <trkpt lat="60.247547" lon="24.91145"><ele>37.8</ele></trkpt>
      <trkpt lat="60.247552" lon="24.911362"><ele>37.8</ele></trkpt>
      <trkpt lat="60.247545" lon="24.91128"><ele>37.8</ele></trkpt>
      <trkpt lat="60.247542" lon="24.911197"><ele>37.8</ele></trkpt>
      <trkpt lat="60.247547" lon="24.911117"><ele>37.6</ele></trkpt>
      <trkpt lat="60.247555" lon="24.911037"><ele>37.6</ele></trkpt>
      <trkpt lat="60.247582" lon="24.91097"><ele>37.6</ele></trkpt>
      <trkpt lat="60.247622" lon="24.910922"><ele>37.4</ele></trkpt>
      <trkpt lat="60.247662" lon="24.910872"><ele>37.4</ele></trkpt>
      <trkpt lat="60.247705" lon="24.910815"><ele>37.4</ele></trkpt>
      <trkpt lat="60.247753" lon="24.910767"><ele>37.2</ele></trkpt>
      <trkpt lat="60.247802" lon="24.910722"><ele>37</ele></trkpt>
      <trkpt lat="60.247835" lon="24.910707"><ele>36.6</ele></trkpt>
      <trkpt lat="60.247875" lon="24.910687"><ele>36.4</ele></trkpt>
      <trkpt lat="60.247907" lon="24.910697"><ele>36</ele></trkpt>
      <trkpt lat="60.247932" lon="24.910725"><ele>35.8</ele></trkpt>
      <trkpt lat="60.247952" lon="24.91076"><ele>35.6</ele></trkpt>
      <trkpt lat="60.247978" lon="24.910787"><ele>35.4</ele></trkpt>
      <trkpt lat="60.248005" lon="24.910827"><ele>35.4</ele></trkpt>
      <trkpt lat="60.248032" lon="24.910867"><ele>35.2</ele></trkpt>
      <trkpt lat="60.248057" lon="24.910902"><ele>35.2</ele></trkpt>
      <trkpt lat="60.248082" lon="24.910907"><ele>35</ele></trkpt>
      <trkpt lat="60.24811" lon="24.910912"><ele>35</ele></trkpt>
      <trkpt lat="60.248137" lon="24.910935"><ele>35</ele></trkpt>
      <trkpt lat="60.248162" lon="24.910962"><ele>35</ele></trkpt>
      <trkpt lat="60.248195" lon="24.911002"><ele>35</ele></trkpt>
      <trkpt lat="60.248222" lon="24.91104"><ele>35.2</ele></trkpt>
      <trkpt lat="60.248245" lon="24.911087"><ele>35.2</ele></trkpt>
      <trkpt lat="60.248267" lon="24.911122"><ele>35.2</ele></trkpt>
      <trkpt lat="60.248288" lon="24.911157"><ele>35.2</ele></trkpt>
      <trkpt lat="60.248317" lon="24.911187"><ele>35.2</ele></trkpt>
      <trkpt lat="60.248347" lon="24.911207"><ele>35.2</ele></trkpt>
      <trkpt lat="60.248377" lon="24.911235"><ele>35</ele></trkpt>
      <trkpt lat="60.248405" lon="24.911252"><ele>34.8</ele></trkpt>
      <trkpt lat="60.24843" lon="24.911252"><ele>34.6</ele></trkpt>
      <trkpt lat="60.248457" lon="24.911252"><ele>34.6</ele></trkpt>
      <trkpt lat="60.248485" lon="24.911257"><ele>34.6</ele></trkpt>
      <trkpt lat="60.248517" lon="24.911268"><ele>34.4</ele></trkpt>
      <trkpt lat="60.248547" lon="24.91128"><ele>34.2</ele></trkpt>
      <trkpt lat="60.248572" lon="24.911295"><ele>34.2</ele></trkpt>
      <trkpt lat="60.248595" lon="24.911295"><ele>34.2</ele></trkpt>
      <trkpt lat="60.248617" lon="24.911287"><ele>34</ele></trkpt>
      <trkpt lat="60.248647" lon="24.911252"><ele>33.8</ele></trkpt>
      <trkpt lat="60.248668" lon="24.911217"><ele>33.6</ele></trkpt>
      <trkpt lat="60.248692" lon="24.911177"><ele>33.6</ele></trkpt>
      <trkpt lat="60.248717" lon="24.911137"><ele>33.6</ele></trkpt>
      <trkpt lat="60.248742" lon="24.911112"><ele>33.6</ele></trkpt>
      <trkpt lat="60.248775" lon="24.911095"><ele>33.6</ele></trkpt>
      <trkpt lat="60.248802" lon="24.911075"><ele>33.6</ele></trkpt>
      <trkpt lat="60.248827" lon="24.911047"><ele>33.4</ele></trkpt>
      <trkpt lat="60.248857" lon="24.911022"><ele>33.4</ele></trkpt>
      <trkpt lat="60.2489" lon="24.91099"><ele>33.4</ele></trkpt>
      <trkpt lat="60.248942" lon="24.910972"><ele>33.4</ele></trkpt>
      <trkpt lat="60.248977" lon="24.910945"><ele>33.2</ele></trkpt>
      <trkpt lat="60.249017" lon="24.910937"><ele>33.2</ele></trkpt>
      <trkpt lat="60.249057" lon="24.910942"><ele>33</ele></trkpt>
      <trkpt lat="60.249092" lon="24.910927"><ele>32.8</ele></trkpt>
      <trkpt lat="60.249127" lon="24.91091"><ele>32.8</ele></trkpt>
      <trkpt lat="60.24916" lon="24.910887"><ele>32.6</ele></trkpt>
      <trkpt lat="60.249182" lon="24.91085"><ele>32.4</ele></trkpt>
      <trkpt lat="60.249215" lon="24.910815"><ele>32.2</ele></trkpt>
      <trkpt lat="60.249242" lon="24.910785"><ele>32</ele></trkpt>
      <trkpt lat="60.249277" lon="24.910745"><ele>31.8</ele></trkpt>
      <trkpt lat="60.249312" lon="24.910698"><ele>31.6</ele></trkpt>
      <trkpt lat="60.24934" lon="24.910652"><ele>31.4</ele></trkpt>
      <trkpt lat="60.249367" lon="24.910595"><ele>31.4</ele></trkpt>
      <trkpt lat="60.249395" lon="24.910535"><ele>31.2</ele></trkpt>
      <trkpt lat="60.24942" lon="24.910485"><ele>31.2</ele></trkpt>
      <trkpt lat="60.249447" lon="24.910462"><ele>31</ele></trkpt>
      <trkpt lat="60.249477" lon="24.91046"><ele>31</ele></trkpt>
      <trkpt lat="60.249505" lon="24.910467"><ele>31</ele></trkpt>
      <trkpt lat="60.249537" lon="24.910485"><ele>31</ele></trkpt>
      <trkpt lat="60.249567" lon="24.910502"><ele>31</ele></trkpt>
      <trkpt lat="60.249607" lon="24.910497"><ele>31</ele></trkpt>
      <trkpt lat="60.249647" lon="24.91049"><ele>31</ele></trkpt>
      <trkpt lat="60.24969" lon="24.91048"><ele>31</ele></trkpt>
      <trkpt lat="60.249727" lon="24.910477"><ele>31</ele></trkpt>
      <trkpt lat="60.249765" lon="24.910477"><ele>31</ele></trkpt>
      <trkpt lat="60.249797" lon="24.910462"><ele>31</ele></trkpt>
      <trkpt lat="60.249827" lon="24.910445"><ele>31</ele></trkpt>
      <trkpt lat="60.249852" lon="24.91041"><ele>31</ele></trkpt>
      <trkpt lat="60.249877" lon="24.910372"><ele>31.2</ele></trkpt>
      <trkpt lat="60.249917" lon="24.910347"><ele>31.2</ele></trkpt>
      <trkpt lat="60.249957" lon="24.910335"><ele>31.4</ele></trkpt>
      <trkpt lat="60.250002" lon="24.910332"><ele>31.4</ele></trkpt>
      <trkpt lat="60.250047" lon="24.910318"><ele>31.4</ele></trkpt>
      <trkpt lat="60.250097" lon="24.910307"><ele>31.4</ele></trkpt>
      <trkpt lat="60.250147" lon="24.910302"><ele>31.4</ele></trkpt>
      <trkpt lat="60.250192" lon="24.910282"><ele>31.4</ele></trkpt>
      <trkpt lat="60.250237" lon="24.910262"><ele>31.4</ele></trkpt>
      <trkpt lat="60.25029" lon="24.91025"><ele>31.4</ele></trkpt>
      <trkpt lat="60.250345" lon="24.91025"><ele>31.6</ele></trkpt>
      <trkpt lat="60.250392" lon="24.91024"><ele>31.6</ele></trkpt>
      <trkpt lat="60.250425" lon="24.91023"><ele>31.6</ele></trkpt>
      <trkpt lat="60.25045" lon="24.91022"><ele>31.8</ele></trkpt>
      <trkpt lat="60.250482" lon="24.910207"><ele>32</ele></trkpt>
      <trkpt lat="60.250515" lon="24.910197"><ele>32</ele></trkpt>
      <trkpt lat="60.250547" lon="24.910182"><ele>32</ele></trkpt>
      <trkpt lat="60.250572" lon="24.910172"><ele>32.2</ele></trkpt>
      <trkpt lat="60.250595" lon="24.910167"><ele>32.2</ele></trkpt>
      <trkpt lat="60.250615" lon="24.910167"><ele>32.4</ele></trkpt>
      <trkpt lat="60.250637" lon="24.910175"><ele>32.6</ele></trkpt>
      <trkpt lat="60.250657" lon="24.910167"><ele>32.6</ele></trkpt>
      <trkpt lat="60.250677" lon="24.910182"><ele>32.8</ele></trkpt>
      <trkpt lat="60.250697" lon="24.910212"><ele>32.8</ele></trkpt>
      <trkpt lat="60.250717" lon="24.910237"><ele>32.8</ele></trkpt>
      <trkpt lat="60.250735" lon="24.910267"><ele>32.8</ele></trkpt>
      <trkpt lat="60.250752" lon="24.910287"><ele>33</ele></trkpt>
      <trkpt lat="60.250775" lon="24.910302"><ele>33.2</ele></trkpt>
      <trkpt lat="60.250792" lon="24.910307"><ele>33.2</ele></trkpt>
      <trkpt lat="60.250815" lon="24.91029"><ele>33.2</ele></trkpt>
      <trkpt lat="60.250835" lon="24.910277"><ele>33.4</ele></trkpt>
      <trkpt lat="60.250852" lon="24.910267"><ele>33.6</ele></trkpt>
      <trkpt lat="60.250877" lon="24.910262"><ele>33.6</ele></trkpt>
      <trkpt lat="60.250897" lon="24.910267"><ele>33.8</ele></trkpt>
      <trkpt lat="60.25092" lon="24.910277"><ele>33.8</ele></trkpt>
      <trkpt lat="60.25094" lon="24.91029"><ele>34</ele></trkpt>
      <trkpt lat="60.25096" lon="24.9103"><ele>34.2</ele></trkpt>
      <trkpt lat="60.250982" lon="24.910307"><ele>34.2</ele></trkpt>
      <trkpt lat="60.251005" lon="24.910302"><ele>34.4</ele></trkpt>
      <trkpt lat="60.251027" lon="24.91031"><ele>34.4</ele></trkpt>
      <trkpt lat="60.251055" lon="24.910317"><ele>34.6</ele></trkpt>
      <trkpt lat="60.251077" lon="24.910312"><ele>34.6</ele></trkpt>
      <trkpt lat="60.251097" lon="24.91031"><ele>34.6</ele></trkpt>
      <trkpt lat="60.251117" lon="24.910307"><ele>34.6</ele></trkpt>
      <trkpt lat="60.251145" lon="24.910307"><ele>34.6</ele></trkpt>
      <trkpt lat="60.251177" lon="24.910315"><ele>34.6</ele></trkpt>
      <trkpt lat="60.251197" lon="24.910322"><ele>34.4</ele></trkpt>
      <trkpt lat="60.251217" lon="24.910337"><ele>34.4</ele></trkpt>
      <trkpt lat="60.251242" lon="24.91037"><ele>34.4</ele></trkpt>
      <trkpt lat="60.25126" lon="24.91039"><ele>34.4</ele></trkpt>
      <trkpt lat="60.251277" lon="24.910362"><ele>34.4</ele></trkpt>
      <trkpt lat="60.251312" lon="24.91035"><ele>34.4</ele></trkpt>
      <trkpt lat="60.251335" lon="24.910367"><ele>34.4</ele></trkpt>
      <trkpt lat="60.251357" lon="24.910385"><ele>34.4</ele></trkpt>
      <trkpt lat="60.251377" lon="24.9104"><ele>34.4</ele></trkpt>
      <trkpt lat="60.251417" lon="24.910415"><ele>34.4</ele></trkpt>
      <trkpt lat="60.251442" lon="24.910427"><ele>34.4</ele></trkpt>
      <trkpt lat="60.251472" lon="24.910437"><ele>34.6</ele></trkpt>
      <trkpt lat="60.25149" lon="24.910432"><ele>34.6</ele></trkpt>
      <trkpt lat="60.251507" lon="24.910427"><ele>34.6</ele></trkpt>
      <trkpt lat="60.251527" lon="24.91043"><ele>34.8</ele></trkpt>
      <trkpt lat="60.251567" lon="24.910442"><ele>34.8</ele></trkpt>
      <trkpt lat="60.251592" lon="24.910457"><ele>34.8</ele></trkpt>
      <trkpt lat="60.251615" lon="24.910467"><ele>34.8</ele></trkpt>
      <trkpt lat="60.251645" lon="24.910475"><ele>34.8</ele></trkpt>
      <trkpt lat="60.251677" lon="24.910492"><ele>34.8</ele></trkpt>
      <trkpt lat="60.2517" lon="24.9105"><ele>34.6</ele></trkpt>
      <trkpt lat="60.251737" lon="24.910492"><ele>34.4</ele></trkpt>
      <trkpt lat="60.25176" lon="24.910492"><ele>34.2</ele></trkpt>
      <trkpt lat="60.251782" lon="24.910492"><ele>34</ele></trkpt>
      <trkpt lat="60.251807" lon="24.91049"><ele>33.8</ele></trkpt>
      <trkpt lat="60.251837" lon="24.910495"><ele>33.6</ele></trkpt>
      <trkpt lat="60.251862" lon="24.910515"><ele>33.4</ele></trkpt>
      <trkpt lat="60.251895" lon="24.910542"><ele>33.2</ele></trkpt>
      <trkpt lat="60.251925" lon="24.910575"><ele>33</ele></trkpt>
      <trkpt lat="60.251952" lon="24.910615"><ele>32.8</ele></trkpt>
      <trkpt lat="60.251982" lon="24.91065"><ele>32.4</ele></trkpt>
      <trkpt lat="60.252015" lon="24.910677"><ele>32</ele></trkpt>
      <trkpt lat="60.25205" lon="24.910698"><ele>32</ele></trkpt>
      <trkpt lat="60.25209" lon="24.910697"><ele>31.8</ele></trkpt>
      <trkpt lat="60.252117" lon="24.91068"><ele>31.4</ele></trkpt>
      <trkpt lat="60.252137" lon="24.910647"><ele>31.2</ele></trkpt>
      <trkpt lat="60.252152" lon="24.910627"><ele>31</ele></trkpt>
      <trkpt lat="60.252182" lon="24.910585"><ele>30.6</ele></trkpt>
      <trkpt lat="60.252197" lon="24.910527"><ele>30.6</ele></trkpt>
      <trkpt lat="60.252212" lon="24.910462"><ele>30.4</ele></trkpt>
      <trkpt lat="60.252222" lon="24.910427"><ele>30.4</ele></trkpt>
      <trkpt lat="60.252227" lon="24.910387"><ele>30.4</ele></trkpt>
      <trkpt lat="60.252227" lon="24.910347"><ele>30.4</ele></trkpt>
      <trkpt lat="60.252232" lon="24.910277"><ele>30.4</ele></trkpt>
      <trkpt lat="60.252247" lon="24.910227"><ele>30.2</ele></trkpt>
      <trkpt lat="60.252257" lon="24.910182"><ele>30.2</ele></trkpt>
      <trkpt lat="60.25227" lon="24.910157"><ele>30.2</ele></trkpt>
      <trkpt lat="60.25229" lon="24.910117"><ele>30.2</ele></trkpt>
      <trkpt lat="60.252307" lon="24.910117"><ele>30.2</ele></trkpt>
      <trkpt lat="60.252347" lon="24.910122"><ele>30.2</ele></trkpt>
      <trkpt lat="60.252372" lon="24.910127"><ele>30.2</ele></trkpt>
      <trkpt lat="60.252392" lon="24.910115"><ele>30</ele></trkpt>
      <trkpt lat="60.252407" lon="24.910097"><ele>30</ele></trkpt>
      <trkpt lat="60.25243" lon="24.910075"><ele>30</ele></trkpt>
      <trkpt lat="60.252453" lon="24.91005"><ele>30</ele></trkpt>
      <trkpt lat="60.252477" lon="24.91003"><ele>30</ele></trkpt>
      <trkpt lat="60.252495" lon="24.910007"><ele>29.8</ele></trkpt>
      <trkpt lat="60.252512" lon="24.909982"><ele>29.8</ele></trkpt>
      <trkpt lat="60.252527" lon="24.909955"><ele>29.8</ele></trkpt>
      <trkpt lat="60.252547" lon="24.909927"><ele>29.8</ele></trkpt>
      <trkpt lat="60.252572" lon="24.909907"><ele>29.8</ele></trkpt>
      <trkpt lat="60.252602" lon="24.909885"><ele>29.8</ele></trkpt>
      <trkpt lat="60.252627" lon="24.909867"><ele>29.8</ele></trkpt>
      <trkpt lat="60.252657" lon="24.90985"><ele>29.8</ele></trkpt>
      <trkpt lat="60.252687" lon="24.909847"><ele>30</ele></trkpt>
      <trkpt lat="60.252717" lon="24.909837"><ele>30</ele></trkpt>
      <trkpt lat="60.252742" lon="24.909802"><ele>30</ele></trkpt>
      <trkpt lat="60.252757" lon="24.909765"><ele>30</ele></trkpt>
      <trkpt lat="60.252772" lon="24.909732"><ele>30</ele></trkpt>
      <trkpt lat="60.252785" lon="24.909695"><ele>29.8</ele></trkpt>
      <trkpt lat="60.252792" lon="24.90966"><ele>29.8</ele></trkpt>
      <trkpt lat="60.252797" lon="24.909622"><ele>29.6</ele></trkpt>
      <trkpt lat="60.252805" lon="24.909572"><ele>29.6</ele></trkpt>
      <trkpt lat="60.25281" lon="24.909517"><ele>29.8</ele></trkpt>
      <trkpt lat="60.252812" lon="24.909467"><ele>29.8</ele></trkpt>
      <trkpt lat="60.252817" lon="24.909422"><ele>29.8</ele></trkpt>
      <trkpt lat="60.252822" lon="24.909365"><ele>29.8</ele></trkpt>
      <trkpt lat="60.252832" lon="24.909317"><ele>29.8</ele></trkpt>
      <trkpt lat="60.252847" lon="24.909277"><ele>29.8</ele></trkpt>
      <trkpt lat="60.25287" lon="24.909217"><ele>30</ele></trkpt>
      <trkpt lat="60.25289" lon="24.909187"><ele>30</ele></trkpt>
      <trkpt lat="60.252907" lon="24.90916"><ele>30</ele></trkpt>
      <trkpt lat="60.252925" lon="24.90913"><ele>30</ele></trkpt>
      <trkpt lat="60.25294" lon="24.909087"><ele>30</ele></trkpt>
      <trkpt lat="60.252947" lon="24.909047"><ele>30.2</ele></trkpt>
      <trkpt lat="60.25293" lon="24.90898"><ele>30</ele></trkpt>
      <trkpt lat="60.252917" lon="24.908932"><ele>30</ele></trkpt>
      <trkpt lat="60.252903" lon="24.90888"><ele>30</ele></trkpt>
      <trkpt lat="60.252892" lon="24.908822"><ele>30.2</ele></trkpt>
      <trkpt lat="60.252875" lon="24.908762"><ele>30.2</ele></trkpt>
      <trkpt lat="60.25286" lon="24.908702"><ele>30.2</ele></trkpt>
      <trkpt lat="60.252847" lon="24.908642"><ele>30.2</ele></trkpt>
      <trkpt lat="60.252832" lon="24.908587"><ele>30.2</ele></trkpt>
      <trkpt lat="60.25282" lon="24.908527"><ele>30.4</ele></trkpt>
      <trkpt lat="60.252807" lon="24.908467"><ele>30.4</ele></trkpt>
      <trkpt lat="60.252792" lon="24.908405"><ele>30.4</ele></trkpt>
      <trkpt lat="60.252777" lon="24.908342"><ele>30.4</ele></trkpt>
      <trkpt lat="60.252762" lon="24.908277"><ele>30.4</ele></trkpt>
      <trkpt lat="60.252752" lon="24.908217"><ele>30.6</ele></trkpt>
      <trkpt lat="60.252737" lon="24.908162"><ele>30.6</ele></trkpt>
      <trkpt lat="60.252727" lon="24.908102"><ele>30.8</ele></trkpt>
      <trkpt lat="60.252717" lon="24.908037"><ele>31</ele></trkpt>
      <trkpt lat="60.252707" lon="24.907957"><ele>31.2</ele></trkpt>
      <trkpt lat="60.252717" lon="24.907872"><ele>31.4</ele></trkpt>
      <trkpt lat="60.25273" lon="24.907797"><ele>31.6</ele></trkpt>
      <trkpt lat="60.252747" lon="24.90772"><ele>31.6</ele></trkpt>
      <trkpt lat="60.252785" lon="24.907652"><ele>31.8</ele></trkpt>
      <trkpt lat="60.252832" lon="24.907617"><ele>31.6</ele></trkpt>
      <trkpt lat="60.252882" lon="24.907587"><ele>31.4</ele></trkpt>
      <trkpt lat="60.252937" lon="24.907552"><ele>31.2</ele></trkpt>
      <trkpt lat="60.252987" lon="24.90752"><ele>31.2</ele></trkpt>
      <trkpt lat="60.25304" lon="24.90749"><ele>31</ele></trkpt>
      <trkpt lat="60.253097" lon="24.907457"><ele>30.8</ele></trkpt>
      <trkpt lat="60.253152" lon="24.907422"><ele>30.2</ele></trkpt>
      <trkpt lat="60.253205" lon="24.907392"><ele>29.6</ele></trkpt>
      <trkpt lat="60.25326" lon="24.907357"><ele>29.2</ele></trkpt>
      <trkpt lat="60.253305" lon="24.907327"><ele>28.8</ele></trkpt>
      <trkpt lat="60.253315" lon="24.90728"><ele>28.6</ele></trkpt>
      <trkpt lat="60.253297" lon="24.907255"><ele>28.8</ele></trkpt>
      <trkpt lat="60.253277" lon="24.907207"><ele>29</ele></trkpt>
      <trkpt lat="60.253267" lon="24.907147"><ele>29</ele></trkpt>
      <trkpt lat="60.253265" lon="24.907075"><ele>29</ele></trkpt>
      <trkpt lat="60.253272" lon="24.907002"><ele>29.2</ele></trkpt>
      <trkpt lat="60.253292" lon="24.906922"><ele>29.2</ele></trkpt>
      <trkpt lat="60.253315" lon="24.906852"><ele>29.2</ele></trkpt>
      <trkpt lat="60.253352" lon="24.906805"><ele>29.4</ele></trkpt>
      <trkpt lat="60.253397" lon="24.906775"><ele>29.4</ele></trkpt>
      <trkpt lat="60.253442" lon="24.906742"><ele>29.4</ele></trkpt>
      <trkpt lat="60.253485" lon="24.9067"><ele>29.6</ele></trkpt>
      <trkpt lat="60.253527" lon="24.906642"><ele>29.6</ele></trkpt>
      <trkpt lat="60.253567" lon="24.906587"><ele>29.6</ele></trkpt>
      <trkpt lat="60.25361" lon="24.90653"><ele>29.6</ele></trkpt>
      <trkpt lat="60.253652" lon="24.906475"><ele>29.6</ele></trkpt>
      <trkpt lat="60.253695" lon="24.90643"><ele>29.6</ele></trkpt>
      <trkpt lat="60.25374" lon="24.906387"><ele>29.6</ele></trkpt>
      <trkpt lat="60.253782" lon="24.906345"><ele>29.6</ele></trkpt>
      <trkpt lat="60.253827" lon="24.906302"><ele>29.6</ele></trkpt>
      <trkpt lat="60.253872" lon="24.906262"><ele>29.6</ele></trkpt>
      <trkpt lat="60.253917" lon="24.906217"><ele>29.6</ele></trkpt>
      <trkpt lat="60.253957" lon="24.90617"><ele>29.6</ele></trkpt>
      <trkpt lat="60.253997" lon="24.906117"><ele>29.6</ele></trkpt>
      <trkpt lat="60.254035" lon="24.90607"><ele>29.8</ele></trkpt>
      <trkpt lat="60.254072" lon="24.906033"><ele>29.8</ele></trkpt>
      <trkpt lat="60.254112" lon="24.906002"><ele>29.6</ele></trkpt>
      <trkpt lat="60.254157" lon="24.905972"><ele>29.8</ele></trkpt>
      <trkpt lat="60.254198" lon="24.905937"><ele>29.8</ele></trkpt>
      <trkpt lat="60.254242" lon="24.905905"><ele>29.8</ele></trkpt>
      <trkpt lat="60.254287" lon="24.905877"><ele>29.6</ele></trkpt>
      <trkpt lat="60.25434" lon="24.905862"><ele>29.6</ele></trkpt>
      <trkpt lat="60.25439" lon="24.905867"><ele>29.4</ele></trkpt>
      <trkpt lat="60.254437" lon="24.905895"><ele>29.4</ele></trkpt>
      <trkpt lat="60.254487" lon="24.905922"><ele>29.2</ele></trkpt>
      <trkpt lat="60.254535" lon="24.905945"><ele>29.2</ele></trkpt>
      <trkpt lat="60.254582" lon="24.905957"><ele>29.2</ele></trkpt>
      <trkpt lat="60.254632" lon="24.90597"><ele>29.2</ele></trkpt>
      <trkpt lat="60.254677" lon="24.905977"><ele>29</ele></trkpt>
      <trkpt lat="60.254722" lon="24.905972"><ele>29</ele></trkpt>
      <trkpt lat="60.254767" lon="24.905962"><ele>29</ele></trkpt>
      <trkpt lat="60.25481" lon="24.905942"><ele>29</ele></trkpt>
      <trkpt lat="60.25485" lon="24.905927"><ele>29</ele></trkpt>
      <trkpt lat="60.25489" lon="24.905912"><ele>29.2</ele></trkpt>
      <trkpt lat="60.25493" lon="24.905892"><ele>29.2</ele></trkpt>
      <trkpt lat="60.254967" lon="24.90587"><ele>29.2</ele></trkpt>
      <trkpt lat="60.255005" lon="24.905855"><ele>29.4</ele></trkpt>
      <trkpt lat="60.25504" lon="24.905842"><ele>29.4</ele></trkpt>
      <trkpt lat="60.255072" lon="24.905827"><ele>29.6</ele></trkpt>
      <trkpt lat="60.25511" lon="24.905807"><ele>29.8</ele></trkpt>
      <trkpt lat="60.255145" lon="24.905792"><ele>29.8</ele></trkpt>
      <trkpt lat="60.25518" lon="24.905777"><ele>30</ele></trkpt>
      <trkpt lat="60.255215" lon="24.905757"><ele>30.2</ele></trkpt>
      <trkpt lat="60.255252" lon="24.90574"><ele>30.4</ele></trkpt>
      <trkpt lat="60.255287" lon="24.905722"><ele>30.6</ele></trkpt>
      <trkpt lat="60.255327" lon="24.905697"><ele>30.6</ele></trkpt>
      <trkpt lat="60.255365" lon="24.905677"><ele>30.8</ele></trkpt>
      <trkpt lat="60.255402" lon="24.90565"><ele>30.8</ele></trkpt>
      <trkpt lat="60.255442" lon="24.905625"><ele>31</ele></trkpt>
      <trkpt lat="60.255482" lon="24.905602"><ele>31</ele></trkpt>
      <trkpt lat="60.255522" lon="24.905583"><ele>31</ele></trkpt>
      <trkpt lat="60.255567" lon="24.905567"><ele>31</ele></trkpt>
      <trkpt lat="60.255607" lon="24.905545"><ele>31</ele></trkpt>
      <trkpt lat="60.255645" lon="24.905517"><ele>31</ele></trkpt>
      <trkpt lat="60.255682" lon="24.905487"><ele>31</ele></trkpt>
      <trkpt lat="60.255722" lon="24.905455"><ele>31</ele></trkpt>
      <trkpt lat="60.255757" lon="24.905417"><ele>31</ele></trkpt>
      <trkpt lat="60.255795" lon="24.905377"><ele>31</ele></trkpt>
      <trkpt lat="60.255827" lon="24.90533"><ele>30.8</ele></trkpt>
      <trkpt lat="60.255852" lon="24.905275"><ele>30.8</ele></trkpt>
      <trkpt lat="60.255875" lon="24.905215"><ele>30.8</ele></trkpt>
      <trkpt lat="60.255892" lon="24.905147"><ele>30.8</ele></trkpt>
      <trkpt lat="60.255902" lon="24.90508"><ele>30.8</ele></trkpt>
      <trkpt lat="60.255912" lon="24.905017"><ele>30.8</ele></trkpt>
      <trkpt lat="60.25592" lon="24.904952"><ele>30.8</ele></trkpt>
      <trkpt lat="60.255925" lon="24.904895"><ele>30.8</ele></trkpt>
      <trkpt lat="60.255927" lon="24.904837"><ele>31</ele></trkpt>
      <trkpt lat="60.255927" lon="24.904777"><ele>31</ele></trkpt>
      <trkpt lat="60.255927" lon="24.904717"><ele>31.2</ele></trkpt>
      <trkpt lat="60.25593" lon="24.90466"><ele>31.2</ele></trkpt>
      <trkpt lat="60.25593" lon="24.904602"><ele>31.4</ele></trkpt>
      <trkpt lat="60.255927" lon="24.904545"><ele>31.4</ele></trkpt>
      <trkpt lat="60.255927" lon="24.904495"><ele>31.6</ele></trkpt>
      <trkpt lat="60.255922" lon="24.904457"><ele>31.6</ele></trkpt>
      <trkpt lat="60.255905" lon="24.9044"><ele>31.8</ele></trkpt>
      <trkpt lat="60.255902" lon="24.904342"><ele>31.6</ele></trkpt>
      <trkpt lat="60.25593" lon="24.904347"><ele>31.6</ele></trkpt>
      <trkpt lat="60.255932" lon="24.904397"><ele>31.6</ele></trkpt>
      <trkpt lat="60.255927" lon="24.90444"><ele>31.6</ele></trkpt>
      <trkpt lat="60.255922" lon="24.904487"><ele>31.6</ele></trkpt>
      <trkpt lat="60.255917" lon="24.90455"><ele>31.6</ele></trkpt>
      <trkpt lat="60.255912" lon="24.904622"><ele>31.6</ele></trkpt>
      <trkpt lat="60.255907" lon="24.904692"><ele>31.8</ele></trkpt>
      <trkpt lat="60.255907" lon="24.904762"><ele>31.8</ele></trkpt>
      <trkpt lat="60.255905" lon="24.904835"><ele>31.8</ele></trkpt>
      <trkpt lat="60.255902" lon="24.904912"><ele>31.8</ele></trkpt>
      <trkpt lat="60.2559" lon="24.904995"><ele>31.8</ele></trkpt>
      <trkpt lat="60.255892" lon="24.905082"><ele>31.8</ele></trkpt>
      <trkpt lat="60.255872" lon="24.905168"><ele>31.8</ele></trkpt>
      <trkpt lat="60.255845" lon="24.905252"><ele>31.8</ele></trkpt>
      <trkpt lat="60.255805" lon="24.90532"><ele>31.8</ele></trkpt>
      <trkpt lat="60.255762" lon="24.905377"><ele>31.6</ele></trkpt>
      <trkpt lat="60.255718" lon="24.905435"><ele>31.6</ele></trkpt>
      <trkpt lat="60.255675" lon="24.905477"><ele>31.4</ele></trkpt>
      <trkpt lat="60.25563" lon="24.90552"><ele>31.4</ele></trkpt>
      <trkpt lat="60.255585" lon="24.905547"><ele>31.2</ele></trkpt>
      <trkpt lat="60.255542" lon="24.905583"><ele>31.2</ele></trkpt>
      <trkpt lat="60.255502" lon="24.90561"><ele>30.8</ele></trkpt>
      <trkpt lat="60.255457" lon="24.905627"><ele>30.8</ele></trkpt>
      <trkpt lat="60.255415" lon="24.905645"><ele>31.2</ele></trkpt>
      <trkpt lat="60.255372" lon="24.905655"><ele>31.6</ele></trkpt>
      <trkpt lat="60.255327" lon="24.905667"><ele>31.6</ele></trkpt>
      <trkpt lat="60.255282" lon="24.905687"><ele>31.6</ele></trkpt>
      <trkpt lat="60.255237" lon="24.905707"><ele>31.4</ele></trkpt>
      <trkpt lat="60.25519" lon="24.905727"><ele>31</ele></trkpt>
      <trkpt lat="60.255142" lon="24.905752"><ele>31</ele></trkpt>
      <trkpt lat="60.255095" lon="24.90577"><ele>31</ele></trkpt>
      <trkpt lat="60.255042" lon="24.90579"><ele>31</ele></trkpt>
      <trkpt lat="60.254992" lon="24.905822"><ele>31</ele></trkpt>
      <trkpt lat="60.254937" lon="24.90586"><ele>31</ele></trkpt>
      <trkpt lat="60.254877" lon="24.90589"><ele>31</ele></trkpt>
      <trkpt lat="60.254817" lon="24.905922"><ele>31</ele></trkpt>
      <trkpt lat="60.254755" lon="24.905945"><ele>30.8</ele></trkpt>
      <trkpt lat="60.25469" lon="24.905957"><ele>30.8</ele></trkpt>
      <trkpt lat="60.254625" lon="24.905952"><ele>30.6</ele></trkpt>
      <trkpt lat="60.254557" lon="24.90593"><ele>30.4</ele></trkpt>
      <trkpt lat="60.254495" lon="24.905907"><ele>30.2</ele></trkpt>
      <trkpt lat="60.254432" lon="24.905872"><ele>30</ele></trkpt>
      <trkpt lat="60.254372" lon="24.905842"><ele>30</ele></trkpt>
      <trkpt lat="60.25432" lon="24.905847"><ele>29.8</ele></trkpt>
      <trkpt lat="60.254267" lon="24.905875"><ele>29.6</ele></trkpt>
      <trkpt lat="60.254222" lon="24.905907"><ele>29.6</ele></trkpt>
      <trkpt lat="60.254182" lon="24.905937"><ele>29.4</ele></trkpt>
      <trkpt lat="60.254155" lon="24.905955"><ele>29.2</ele></trkpt>
      <trkpt lat="60.254132" lon="24.905967"><ele>29.2</ele></trkpt>
      <trkpt lat="60.254115" lon="24.905982"><ele>29.2</ele></trkpt>
      <trkpt lat="60.254092" lon="24.906012"><ele>29.2</ele></trkpt>
      <trkpt lat="60.254067" lon="24.906052"><ele>29.2</ele></trkpt>
      <trkpt lat="60.254032" lon="24.906097"><ele>29.4</ele></trkpt>
      <trkpt lat="60.253992" lon="24.906137"><ele>29.4</ele></trkpt>
      <trkpt lat="60.253947" lon="24.906175"><ele>29.4</ele></trkpt>
      <trkpt lat="60.253902" lon="24.906217"><ele>29.6</ele></trkpt>
      <trkpt lat="60.253855" lon="24.906267"><ele>29.6</ele></trkpt>
      <trkpt lat="60.253805" lon="24.906312"><ele>29.8</ele></trkpt>
      <trkpt lat="60.253757" lon="24.906357"><ele>29.6</ele></trkpt>
      <trkpt lat="60.253707" lon="24.906402"><ele>29.6</ele></trkpt>
      <trkpt lat="60.253662" lon="24.906457"><ele>29.6</ele></trkpt>
      <trkpt lat="60.253617" lon="24.90652"><ele>29.6</ele></trkpt>
      <trkpt lat="60.253572" lon="24.906577"><ele>29.6</ele></trkpt>
      <trkpt lat="60.253527" lon="24.906637"><ele>29.6</ele></trkpt>
      <trkpt lat="60.25348" lon="24.90669"><ele>29.6</ele></trkpt>
      <trkpt lat="60.253432" lon="24.906735"><ele>29.4</ele></trkpt>
      <trkpt lat="60.253385" lon="24.906785"><ele>29.4</ele></trkpt>
      <trkpt lat="60.253347" lon="24.906847"><ele>29.2</ele></trkpt>
      <trkpt lat="60.253317" lon="24.906925"><ele>29.2</ele></trkpt>
      <trkpt lat="60.253302" lon="24.907012"><ele>29.2</ele></trkpt>
      <trkpt lat="60.253302" lon="24.907092"><ele>29</ele></trkpt>
      <trkpt lat="60.253315" lon="24.90716"><ele>29</ele></trkpt>
      <trkpt lat="60.253325" lon="24.90723"><ele>29</ele></trkpt>
      <trkpt lat="60.25331" lon="24.907302"><ele>29</ele></trkpt>
      <trkpt lat="60.253275" lon="24.907345"><ele>29.2</ele></trkpt>
      <trkpt lat="60.253235" lon="24.907375"><ele>29.2</ele></trkpt>
      <trkpt lat="60.25319" lon="24.907402"><ele>29.2</ele></trkpt>
      <trkpt lat="60.253142" lon="24.907427"><ele>29.2</ele></trkpt>
      <trkpt lat="60.253097" lon="24.907457"><ele>29.2</ele></trkpt>
      <trkpt lat="60.25305" lon="24.907487"><ele>29.2</ele></trkpt>
      <trkpt lat="60.253005" lon="24.90751"><ele>29.2</ele></trkpt>
      <trkpt lat="60.252962" lon="24.907537"><ele>29</ele></trkpt>
      <trkpt lat="60.252917" lon="24.907562"><ele>29.2</ele></trkpt>
      <trkpt lat="60.252877" lon="24.907587"><ele>29.2</ele></trkpt>
      <trkpt lat="60.252837" lon="24.907617"><ele>29.4</ele></trkpt>
      <trkpt lat="60.252802" lon="24.907667"><ele>29.4</ele></trkpt>
      <trkpt lat="60.252777" lon="24.907732"><ele>29.6</ele></trkpt>
      <trkpt lat="60.25275" lon="24.907797"><ele>29.8</ele></trkpt>
      <trkpt lat="60.252725" lon="24.90786"><ele>30</ele></trkpt>
      <trkpt lat="60.25272" lon="24.90792"><ele>30.2</ele></trkpt>
      <trkpt lat="60.252717" lon="24.90799"><ele>30.4</ele></trkpt>
      <trkpt lat="60.252725" lon="24.908067"><ele>30.8</ele></trkpt>
      <trkpt lat="60.252735" lon="24.908152"><ele>31</ele></trkpt>
      <trkpt lat="60.252755" lon="24.908237"><ele>31.2</ele></trkpt>
      <trkpt lat="60.252777" lon="24.908327"><ele>31.4</ele></trkpt>
      <trkpt lat="60.2528" lon="24.908427"><ele>31.6</ele></trkpt>
      <trkpt lat="60.252827" lon="24.908527"><ele>31.8</ele></trkpt>
      <trkpt lat="60.252857" lon="24.90863"><ele>31.8</ele></trkpt>
      <trkpt lat="60.252892" lon="24.908722"><ele>31.6</ele></trkpt>
      <trkpt lat="60.252927" lon="24.908807"><ele>31.4</ele></trkpt>
      <trkpt lat="60.25294" lon="24.908905"><ele>31</ele></trkpt>
      <trkpt lat="60.252932" lon="24.909007"><ele>30.8</ele></trkpt>
      <trkpt lat="60.252912" lon="24.909105"><ele>30.6</ele></trkpt>
      <trkpt lat="60.252887" lon="24.909182"><ele>30.4</ele></trkpt>
      <trkpt lat="60.252867" lon="24.909245"><ele>30.4</ele></trkpt>
      <trkpt lat="60.252847" lon="24.909292"><ele>30.2</ele></trkpt>
      <trkpt lat="60.252837" lon="24.909347"><ele>30</ele></trkpt>
      <trkpt lat="60.252827" lon="24.909397"><ele>29.8</ele></trkpt>
      <trkpt lat="60.252822" lon="24.909457"><ele>29.8</ele></trkpt>
      <trkpt lat="60.252815" lon="24.909537"><ele>29.6</ele></trkpt>
      <trkpt lat="60.252805" lon="24.909605"><ele>29.6</ele></trkpt>
      <trkpt lat="60.252787" lon="24.909657"><ele>29.6</ele></trkpt>
      <trkpt lat="60.252767" lon="24.909697"><ele>29.4</ele></trkpt>
      <trkpt lat="60.25275" lon="24.909742"><ele>29.4</ele></trkpt>
      <trkpt lat="60.25273" lon="24.909782"><ele>29.4</ele></trkpt>
      <trkpt lat="60.252707" lon="24.909812"><ele>29.4</ele></trkpt>
      <trkpt lat="60.252682" lon="24.90983"><ele>29.4</ele></trkpt>
      <trkpt lat="60.252652" lon="24.90984"><ele>29.6</ele></trkpt>
      <trkpt lat="60.252617" lon="24.909865"><ele>29.6</ele></trkpt>
      <trkpt lat="60.252587" lon="24.909882"><ele>29.6</ele></trkpt>
      <trkpt lat="60.252557" lon="24.909903"><ele>29.6</ele></trkpt>
      <trkpt lat="60.252527" lon="24.909942"><ele>29.6</ele></trkpt>
      <trkpt lat="60.252505" lon="24.909992"><ele>29.6</ele></trkpt>
      <trkpt lat="60.252472" lon="24.910037"><ele>29.6</ele></trkpt>
      <trkpt lat="60.252445" lon="24.910072"><ele>29.6</ele></trkpt>
      <trkpt lat="60.252422" lon="24.910107"><ele>29.6</ele></trkpt>
      <trkpt lat="60.252395" lon="24.910137"><ele>29.6</ele></trkpt>
      <trkpt lat="60.252367" lon="24.910137"><ele>29.4</ele></trkpt>
      <trkpt lat="60.25234" lon="24.910128"><ele>29.4</ele></trkpt>
      <trkpt lat="60.252317" lon="24.910125"><ele>29.4</ele></trkpt>
      <trkpt lat="60.252297" lon="24.910147"><ele>29.6</ele></trkpt>
      <trkpt lat="60.25228" lon="24.910177"><ele>29.6</ele></trkpt>
      <trkpt lat="60.252262" lon="24.910202"><ele>29.6</ele></trkpt>
      <trkpt lat="60.252252" lon="24.91025"><ele>29.6</ele></trkpt>
      <trkpt lat="60.25225" lon="24.910292"><ele>29.8</ele></trkpt>
      <trkpt lat="60.252237" lon="24.910357"><ele>29.8</ele></trkpt>
      <trkpt lat="60.252235" lon="24.910395"><ele>29.8</ele></trkpt>
      <trkpt lat="60.252227" lon="24.910437"><ele>29.8</ele></trkpt>
      <trkpt lat="60.25222" lon="24.910497"><ele>29.8</ele></trkpt>
      <trkpt lat="60.252202" lon="24.910555"><ele>29.8</ele></trkpt>
      <trkpt lat="60.252187" lon="24.910582"><ele>29.6</ele></trkpt>
      <trkpt lat="60.252175" lon="24.910612"><ele>29.6</ele></trkpt>
      <trkpt lat="60.252157" lon="24.91064"><ele>29.6</ele></trkpt>
      <trkpt lat="60.252142" lon="24.910662"><ele>29.6</ele></trkpt>
      <trkpt lat="60.252122" lon="24.910682"><ele>29.6</ele></trkpt>
      <trkpt lat="60.252087" lon="24.91071"><ele>29.6</ele></trkpt>
      <trkpt lat="60.252062" lon="24.910702"><ele>29.6</ele></trkpt>
      <trkpt lat="60.252027" lon="24.910687"><ele>29.6</ele></trkpt>
      <trkpt lat="60.251995" lon="24.91066"><ele>29.6</ele></trkpt>
      <trkpt lat="60.251967" lon="24.910627"><ele>29.6</ele></trkpt>
      <trkpt lat="60.251952" lon="24.910607"><ele>29.8</ele></trkpt>
      <trkpt lat="60.251937" lon="24.910582"><ele>29.8</ele></trkpt>
      <trkpt lat="60.251918" lon="24.91056"><ele>30</ele></trkpt>
      <trkpt lat="60.251897" lon="24.91054"><ele>30</ele></trkpt>
      <trkpt lat="60.251872" lon="24.910517"><ele>30</ele></trkpt>
      <trkpt lat="60.251832" lon="24.910492"><ele>30.2</ele></trkpt>
      <trkpt lat="60.25181" lon="24.91049"><ele>30.4</ele></trkpt>
      <trkpt lat="60.251785" lon="24.910487"><ele>30.6</ele></trkpt>
      <trkpt lat="60.251752" lon="24.91049"><ele>30.8</ele></trkpt>
      <trkpt lat="60.25172" lon="24.910512"><ele>31.2</ele></trkpt>
      <trkpt lat="60.251702" lon="24.910527"><ele>31.4</ele></trkpt>
      <trkpt lat="60.251672" lon="24.91053"><ele>31.6</ele></trkpt>
      <trkpt lat="60.251635" lon="24.9105"><ele>32</ele></trkpt>
      <trkpt lat="60.251612" lon="24.910487"><ele>32.2</ele></trkpt>
      <trkpt lat="60.251587" lon="24.910467"><ele>32.4</ele></trkpt>
      <trkpt lat="60.251565" lon="24.91047"><ele>32.6</ele></trkpt>
      <trkpt lat="60.251537" lon="24.910477"><ele>32.8</ele></trkpt>
      <trkpt lat="60.251512" lon="24.910465"><ele>33</ele></trkpt>
      <trkpt lat="60.251487" lon="24.910455"><ele>33.2</ele></trkpt>
      <trkpt lat="60.251465" lon="24.910445"><ele>33.2</ele></trkpt>
      <trkpt lat="60.251442" lon="24.91044"><ele>33.4</ele></trkpt>
      <trkpt lat="60.251422" lon="24.910437"><ele>33.6</ele></trkpt>
      <trkpt lat="60.251402" lon="24.910427"><ele>33.8</ele></trkpt>
      <trkpt lat="60.25138" lon="24.9104"><ele>33.8</ele></trkpt>
      <trkpt lat="60.251352" lon="24.91038"><ele>33.8</ele></trkpt>
      <trkpt lat="60.251322" lon="24.91038"><ele>33.8</ele></trkpt>
      <trkpt lat="60.251302" lon="24.910375"><ele>33.8</ele></trkpt>
      <trkpt lat="60.251282" lon="24.910372"><ele>33.6</ele></trkpt>
      <trkpt lat="60.251252" lon="24.910357"><ele>33.6</ele></trkpt>
      <trkpt lat="60.251232" lon="24.910342"><ele>33.6</ele></trkpt>
      <trkpt lat="60.251212" lon="24.910318"><ele>33.8</ele></trkpt>
      <trkpt lat="60.251192" lon="24.910312"><ele>33.8</ele></trkpt>
      <trkpt lat="60.251172" lon="24.910307"><ele>33.8</ele></trkpt>
      <trkpt lat="60.251147" lon="24.910305"><ele>33.8</ele></trkpt>
      <trkpt lat="60.251127" lon="24.910302"><ele>33.6</ele></trkpt>
      <trkpt lat="60.251105" lon="24.910307"><ele>33.6</ele></trkpt>
      <trkpt lat="60.251087" lon="24.910312"><ele>33.6</ele></trkpt>
      <trkpt lat="60.251067" lon="24.910312"><ele>33.6</ele></trkpt>
      <trkpt lat="60.251037" lon="24.910312"><ele>33.8</ele></trkpt>
      <trkpt lat="60.25101" lon="24.91031"><ele>33.8</ele></trkpt>
      <trkpt lat="60.250982" lon="24.910297"><ele>33.8</ele></trkpt>
      <trkpt lat="60.250955" lon="24.910283"><ele>33.8</ele></trkpt>
      <trkpt lat="60.250927" lon="24.91027"><ele>33.8</ele></trkpt>
      <trkpt lat="60.250902" lon="24.910257"><ele>33.8</ele></trkpt>
      <trkpt lat="60.25087" lon="24.910252"><ele>33.8</ele></trkpt>
      <trkpt lat="60.250837" lon="24.910247"><ele>33.8</ele></trkpt>
      <trkpt lat="60.250807" lon="24.910247"><ele>33.6</ele></trkpt>
      <trkpt lat="60.250777" lon="24.910252"><ele>33.4</ele></trkpt>
      <trkpt lat="60.250755" lon="24.910232"><ele>33.2</ele></trkpt>
      <trkpt lat="60.250732" lon="24.910212"><ele>33</ele></trkpt>
      <trkpt lat="60.250712" lon="24.910187"><ele>32.8</ele></trkpt>
      <trkpt lat="60.250692" lon="24.910162"><ele>32.8</ele></trkpt>
      <trkpt lat="60.250675" lon="24.910155"><ele>32.6</ele></trkpt>
      <trkpt lat="60.250637" lon="24.91015"><ele>32.2</ele></trkpt>
      <trkpt lat="60.250617" lon="24.910152"><ele>32.2</ele></trkpt>
      <trkpt lat="60.250587" lon="24.910162"><ele>32</ele></trkpt>
      <trkpt lat="60.250562" lon="24.910167"><ele>32</ele></trkpt>
      <trkpt lat="60.250537" lon="24.910177"><ele>32</ele></trkpt>
      <trkpt lat="60.250512" lon="24.910192"><ele>31.8</ele></trkpt>
      <trkpt lat="60.250487" lon="24.910212"><ele>31.8</ele></trkpt>
      <trkpt lat="60.250462" lon="24.91022"><ele>31.6</ele></trkpt>
      <trkpt lat="60.250432" lon="24.91021"><ele>31.6</ele></trkpt>
      <trkpt lat="60.25041" lon="24.910207"><ele>31.4</ele></trkpt>
      <trkpt lat="60.25039" lon="24.910212"><ele>31.4</ele></trkpt>
      <trkpt lat="60.250367" lon="24.910212"><ele>31.2</ele></trkpt>
      <trkpt lat="60.250347" lon="24.910217"><ele>31</ele></trkpt>
      <trkpt lat="60.250317" lon="24.910227"><ele>31</ele></trkpt>
      <trkpt lat="60.250277" lon="24.910232"><ele>31</ele></trkpt>
      <trkpt lat="60.250235" lon="24.910252"><ele>31</ele></trkpt>
      <trkpt lat="60.250182" lon="24.910272"><ele>31</ele></trkpt>
      <trkpt lat="60.250132" lon="24.91029"><ele>30.8</ele></trkpt>
      <trkpt lat="60.250077" lon="24.910305"><ele>30.8</ele></trkpt>
      <trkpt lat="60.250022" lon="24.910322"><ele>30.6</ele></trkpt>
      <trkpt lat="60.249967" lon="24.910335"><ele>30.6</ele></trkpt>
      <trkpt lat="60.249917" lon="24.910367"><ele>30.4</ele></trkpt>
      <trkpt lat="60.249877" lon="24.910407"><ele>30.4</ele></trkpt>
      <trkpt lat="60.249842" lon="24.910452"><ele>30.2</ele></trkpt>
      <trkpt lat="60.249797" lon="24.910475"><ele>30.2</ele></trkpt>
      <trkpt lat="60.249757" lon="24.910475"><ele>30.2</ele></trkpt>
      <trkpt lat="60.24971" lon="24.91049"><ele>30</ele></trkpt>
      <trkpt lat="60.249657" lon="24.910507"><ele>30</ele></trkpt>
      <trkpt lat="60.249602" lon="24.910497"><ele>30</ele></trkpt>
      <trkpt lat="60.249552" lon="24.910467"><ele>30</ele></trkpt>
      <trkpt lat="60.24951" lon="24.910452"><ele>29.8</ele></trkpt>
      <trkpt lat="60.249472" lon="24.91047"><ele>29.6</ele></trkpt>
      <trkpt lat="60.249445" lon="24.910517"><ele>29.4</ele></trkpt>
      <trkpt lat="60.249417" lon="24.910572"><ele>29.4</ele></trkpt>
      <trkpt lat="60.249387" lon="24.910627"><ele>29.4</ele></trkpt>
      <trkpt lat="60.249355" lon="24.910662"><ele>29.4</ele></trkpt>
      <trkpt lat="60.249317" lon="24.910705"><ele>29.4</ele></trkpt>
      <trkpt lat="60.249277" lon="24.91075"><ele>29.4</ele></trkpt>
      <trkpt lat="60.249237" lon="24.910805"><ele>29.6</ele></trkpt>
      <trkpt lat="60.2492" lon="24.910842"><ele>29.4</ele></trkpt>
      <trkpt lat="60.249177" lon="24.91086"><ele>29.6</ele></trkpt>
      <trkpt lat="60.249155" lon="24.910872"><ele>29.6</ele></trkpt>
      <trkpt lat="60.249132" lon="24.910877"><ele>29.6</ele></trkpt>
      <trkpt lat="60.24911" lon="24.910875"><ele>29.8</ele></trkpt>
      <trkpt lat="60.249082" lon="24.91088"><ele>30</ele></trkpt>
      <trkpt lat="60.249057" lon="24.910882"><ele>30.2</ele></trkpt>
      <trkpt lat="60.249037" lon="24.910897"><ele>30.2</ele></trkpt>
      <trkpt lat="60.24901" lon="24.910912"><ele>30.4</ele></trkpt>
      <trkpt lat="60.248982" lon="24.910922"><ele>30.6</ele></trkpt>
      <trkpt lat="60.248962" lon="24.910932"><ele>30.6</ele></trkpt>
      <trkpt lat="60.248942" lon="24.910947"><ele>30.8</ele></trkpt>
      <trkpt lat="60.248917" lon="24.910972"><ele>31</ele></trkpt>
      <trkpt lat="60.248892" lon="24.910997"><ele>31.2</ele></trkpt>
      <trkpt lat="60.248872" lon="24.911015"><ele>31.2</ele></trkpt>
      <trkpt lat="60.248852" lon="24.911035"><ele>31.4</ele></trkpt>
      <trkpt lat="60.248835" lon="24.911057"><ele>31.4</ele></trkpt>
      <trkpt lat="60.248807" lon="24.911077"><ele>31.6</ele></trkpt>
      <trkpt lat="60.248785" lon="24.911095"><ele>31.6</ele></trkpt>
      <trkpt lat="60.248762" lon="24.911105"><ele>31.8</ele></trkpt>
      <trkpt lat="60.248742" lon="24.911122"><ele>31.8</ele></trkpt>
      <trkpt lat="60.248727" lon="24.911145"><ele>32</ele></trkpt>
      <trkpt lat="60.24871" lon="24.91118"><ele>32</ele></trkpt>
      <trkpt lat="60.248697" lon="24.911217"><ele>32</ele></trkpt>
      <trkpt lat="60.248677" lon="24.911247"><ele>32</ele></trkpt>
      <trkpt lat="60.248657" lon="24.911277"><ele>32.2</ele></trkpt>
      <trkpt lat="60.248632" lon="24.911302"><ele>32.2</ele></trkpt>
      <trkpt lat="60.248612" lon="24.911302"><ele>32.2</ele></trkpt>
      <trkpt lat="60.248592" lon="24.911282"><ele>32.2</ele></trkpt>
      <trkpt lat="60.248572" lon="24.91126"><ele>32.2</ele></trkpt>
      <trkpt lat="60.248547" lon="24.911257"><ele>32.2</ele></trkpt>
      <trkpt lat="60.248525" lon="24.91125"><ele>32.2</ele></trkpt>
      <trkpt lat="60.248507" lon="24.911252"><ele>32.2</ele></trkpt>
      <trkpt lat="60.248485" lon="24.91125"><ele>32.2</ele></trkpt>
      <trkpt lat="60.248462" lon="24.911247"><ele>32.2</ele></trkpt>
      <trkpt lat="60.248437" lon="24.911245"><ele>32.4</ele></trkpt>
      <trkpt lat="60.248412" lon="24.911242"><ele>32.4</ele></trkpt>
      <trkpt lat="60.248392" lon="24.911232"><ele>32.4</ele></trkpt>
      <trkpt lat="60.248362" lon="24.911187"><ele>32.6</ele></trkpt>
      <trkpt lat="60.248352" lon="24.911157"><ele>32.6</ele></trkpt>
      <trkpt lat="60.248332" lon="24.91114"><ele>32.6</ele></trkpt>
      <trkpt lat="60.248312" lon="24.911127"><ele>32.8</ele></trkpt>
      <trkpt lat="60.248292" lon="24.91111"><ele>32.8</ele></trkpt>
      <trkpt lat="60.248277" lon="24.911087"><ele>32.8</ele></trkpt>
      <trkpt lat="60.24826" lon="24.911072"><ele>32.8</ele></trkpt>
      <trkpt lat="60.248235" lon="24.911035"><ele>33</ele></trkpt>
      <trkpt lat="60.248217" lon="24.911017"><ele>33.2</ele></trkpt>
      <trkpt lat="60.2482" lon="24.910997"><ele>33.2</ele></trkpt>
      <trkpt lat="60.248182" lon="24.910972"><ele>33.4</ele></trkpt>
      <trkpt lat="60.248162" lon="24.910937"><ele>33.6</ele></trkpt>
      <trkpt lat="60.24814" lon="24.910905"><ele>33.6</ele></trkpt>
      <trkpt lat="60.248112" lon="24.910892"><ele>33.6</ele></trkpt>
      <trkpt lat="60.248085" lon="24.910872"><ele>33.6</ele></trkpt>
      <trkpt lat="60.248057" lon="24.91085"><ele>33.6</ele></trkpt>
      <trkpt lat="60.248027" lon="24.910825"><ele>33.4</ele></trkpt>
      <trkpt lat="60.248" lon="24.910797"><ele>33.4</ele></trkpt>
      <trkpt lat="60.247977" lon="24.910762"><ele>33.4</ele></trkpt>
      <trkpt lat="60.247955" lon="24.910715"><ele>33.4</ele></trkpt>
      <trkpt lat="60.247932" lon="24.910685"><ele>33.4</ele></trkpt>
      <trkpt lat="60.247917" lon="24.910662"><ele>33.4</ele></trkpt>
      <trkpt lat="60.247882" lon="24.91065"><ele>33.4</ele></trkpt>
      <trkpt lat="60.24786" lon="24.91066"><ele>33.4</ele></trkpt>
      <trkpt lat="60.247838" lon="24.910675"><ele>33.4</ele></trkpt>
      <trkpt lat="60.247822" lon="24.910705"><ele>33.4</ele></trkpt>
      <trkpt lat="60.247802" lon="24.910727"><ele>33.4</ele></trkpt>
      <trkpt lat="60.247782" lon="24.91075"><ele>33.4</ele></trkpt>
      <trkpt lat="60.24776" lon="24.91077"><ele>33.4</ele></trkpt>
      <trkpt lat="60.24774" lon="24.910785"><ele>33.6</ele></trkpt>
      <trkpt lat="60.247722" lon="24.910805"><ele>33.6</ele></trkpt>
      <trkpt lat="60.247705" lon="24.910825"><ele>33.8</ele></trkpt>
      <trkpt lat="60.247683" lon="24.910855"><ele>33.8</ele></trkpt>
      <trkpt lat="60.247667" lon="24.91087"><ele>34</ele></trkpt>
      <trkpt lat="60.247645" lon="24.910887"><ele>34</ele></trkpt>
      <trkpt lat="60.247622" lon="24.910917"><ele>34.2</ele></trkpt>
      <trkpt lat="60.247602" lon="24.910965"><ele>34.4</ele></trkpt>
      <trkpt lat="60.24758" lon="24.91102"><ele>34.6</ele></trkpt>
      <trkpt lat="60.247567" lon="24.911077"><ele>34.6</ele></trkpt>
      <trkpt lat="60.24756" lon="24.911145"><ele>34.8</ele></trkpt>
      <trkpt lat="60.247555" lon="24.911212"><ele>35</ele></trkpt>
      <trkpt lat="60.247557" lon="24.911277"><ele>35.2</ele></trkpt>
      <trkpt lat="60.247557" lon="24.911347"><ele>35.4</ele></trkpt>
      <trkpt lat="60.247555" lon="24.911427"><ele>35.4</ele></trkpt>
      <trkpt lat="60.247552" lon="24.91151"><ele>35.6</ele></trkpt>
      <trkpt lat="60.247542" lon="24.911592"><ele>35.6</ele></trkpt>
      <trkpt lat="60.247522" lon="24.911667"><ele>35.8</ele></trkpt>
      <trkpt lat="60.247507" lon="24.911747"><ele>35.8</ele></trkpt>
      <trkpt lat="60.247497" lon="24.91183"><ele>35.8</ele></trkpt>
      <trkpt lat="60.247485" lon="24.911915"><ele>36</ele></trkpt>
      <trkpt lat="60.247477" lon="24.91201"><ele>36</ele></trkpt>
      <trkpt lat="60.247467" lon="24.912112"><ele>36</ele></trkpt>
      <trkpt lat="60.247467" lon="24.912217"><ele>36</ele></trkpt>
      <trkpt lat="60.247462" lon="24.912327"><ele>36</ele></trkpt>
      <trkpt lat="60.247455" lon="24.912437"><ele>36</ele></trkpt>
      <trkpt lat="60.247447" lon="24.912542"><ele>35.8</ele></trkpt>
      <trkpt lat="60.24743" lon="24.912642"><ele>35.8</ele></trkpt>
      <trkpt lat="60.247397" lon="24.912712"><ele>36</ele></trkpt>
      <trkpt lat="60.247362" lon="24.91275"><ele>36</ele></trkpt>
      <trkpt lat="60.247332" lon="24.912777"><ele>35.8</ele></trkpt>
      <trkpt lat="60.247307" lon="24.912792"><ele>35.8</ele></trkpt>
      <trkpt lat="60.247277" lon="24.912817"><ele>36</ele></trkpt>
      <trkpt lat="60.247237" lon="24.912825"><ele>35.8</ele></trkpt>
      <trkpt lat="60.247197" lon="24.91281"><ele>36</ele></trkpt>
      <trkpt lat="60.24716" lon="24.912787"><ele>36</ele></trkpt>
      <trkpt lat="60.24713" lon="24.912777"><ele>35.8</ele></trkpt>
      <trkpt lat="60.247092" lon="24.912772"><ele>36</ele></trkpt>
      <trkpt lat="60.24707" lon="24.912772"><ele>36.2</ele></trkpt>
      <trkpt lat="60.247047" lon="24.912762"><ele>36.2</ele></trkpt>
      <trkpt lat="60.247027" lon="24.912735"><ele>36.4</ele></trkpt>
      <trkpt lat="60.247012" lon="24.912692"><ele>36.6</ele></trkpt>
      <trkpt lat="60.246997" lon="24.912655"><ele>36.6</ele></trkpt>
      <trkpt lat="60.246977" lon="24.912627"><ele>36.8</ele></trkpt>
      <trkpt lat="60.246955" lon="24.912595"><ele>36.8</ele></trkpt>
      <trkpt lat="60.246927" lon="24.91257"><ele>37</ele></trkpt>
      <trkpt lat="60.246905" lon="24.912535"><ele>37</ele></trkpt>
      <trkpt lat="60.246892" lon="24.912502"><ele>36.8</ele></trkpt>
      <trkpt lat="60.24688" lon="24.912467"><ele>36.8</ele></trkpt>
      <trkpt lat="60.246877" lon="24.912417"><ele>36.6</ele></trkpt>
      <trkpt lat="60.246872" lon="24.912372"><ele>36.6</ele></trkpt>
      <trkpt lat="60.246867" lon="24.912323"><ele>36.6</ele></trkpt>
      <trkpt lat="60.246857" lon="24.912285"><ele>36.6</ele></trkpt>
      <trkpt lat="60.246852" lon="24.912237"><ele>36.6</ele></trkpt>
      <trkpt lat="60.246845" lon="24.912187"><ele>36.6</ele></trkpt>
      <trkpt lat="60.246837" lon="24.912132"><ele>36.4</ele></trkpt>
      <trkpt lat="60.246825" lon="24.912092"><ele>36.4</ele></trkpt>
      <trkpt lat="60.24681" lon="24.912047"><ele>36.4</ele></trkpt>
      <trkpt lat="60.246787" lon="24.912002"><ele>36.4</ele></trkpt>
      <trkpt lat="60.246767" lon="24.911947"><ele>36.4</ele></trkpt>
      <trkpt lat="60.24675" lon="24.911892"><ele>36.2</ele></trkpt>
      <trkpt lat="60.24673" lon="24.911847"><ele>36.2</ele></trkpt>
      <trkpt lat="60.246707" lon="24.911815"><ele>36</ele></trkpt>
      <trkpt lat="60.24668" lon="24.911775"><ele>36</ele></trkpt>
      <trkpt lat="60.24666" lon="24.911727"><ele>36</ele></trkpt>
      <trkpt lat="60.246645" lon="24.911692"><ele>35.8</ele></trkpt>
      <trkpt lat="60.246625" lon="24.911657"><ele>35.6</ele></trkpt>
      <trkpt lat="60.246607" lon="24.911617"><ele>35.6</ele></trkpt>
      <trkpt lat="60.246585" lon="24.911582"><ele>35.6</ele></trkpt>
      <trkpt lat="60.246572" lon="24.911542"><ele>35.6</ele></trkpt>
      <trkpt lat="60.246565" lon="24.911492"><ele>35.6</ele></trkpt>
      <trkpt lat="60.246562" lon="24.91144"><ele>35.6</ele></trkpt>
      <trkpt lat="60.246555" lon="24.911382"><ele>35.6</ele></trkpt>
      <trkpt lat="60.246547" lon="24.911327"><ele>35.6</ele></trkpt>
      <trkpt lat="60.246535" lon="24.911267"><ele>35.6</ele></trkpt>
      <trkpt lat="60.246537" lon="24.911212"><ele>35.6</ele></trkpt>
      <trkpt lat="60.246547" lon="24.911157"><ele>35.2</ele></trkpt>
      <trkpt lat="60.246555" lon="24.911097"><ele>35</ele></trkpt>
      <trkpt lat="60.246562" lon="24.911032"><ele>34.6</ele></trkpt>
      <trkpt lat="60.246557" lon="24.910985"><ele>34.2</ele></trkpt>
      <trkpt lat="60.246552" lon="24.910937"><ele>33.8</ele></trkpt>
      <trkpt lat="60.246547" lon="24.910892"><ele>33.6</ele></trkpt>
      <trkpt lat="60.246547" lon="24.910847"><ele>33.4</ele></trkpt>
      <trkpt lat="60.246557" lon="24.910802"><ele>33.2</ele></trkpt>
      <trkpt lat="60.246562" lon="24.910762"><ele>33</ele></trkpt>
      <trkpt lat="60.246567" lon="24.910725"><ele>32.8</ele></trkpt>
      <trkpt lat="60.246567" lon="24.910685"><ele>32.6</ele></trkpt>
      <trkpt lat="60.246567" lon="24.910605"><ele>32.4</ele></trkpt>
      <trkpt lat="60.246567" lon="24.910547"><ele>32.2</ele></trkpt>
      <trkpt lat="60.246557" lon="24.910477"><ele>32</ele></trkpt>
      <trkpt lat="60.246543" lon="24.9104"><ele>31.8</ele></trkpt>
      <trkpt lat="60.246522" lon="24.910312"><ele>31.6</ele></trkpt>
      <trkpt lat="60.24651" lon="24.910225"><ele>31.4</ele></trkpt>
      <trkpt lat="60.246497" lon="24.910122"><ele>31.2</ele></trkpt>
      <trkpt lat="60.246497" lon="24.910022"><ele>31</ele></trkpt>
      <trkpt lat="60.2465" lon="24.909927"><ele>30.6</ele></trkpt>
      <trkpt lat="60.246507" lon="24.909837"><ele>30.4</ele></trkpt>
      <trkpt lat="60.246512" lon="24.909757"><ele>30.2</ele></trkpt>
      <trkpt lat="60.246517" lon="24.909697"><ele>30</ele></trkpt>
      <trkpt lat="60.246525" lon="24.909627"><ele>29.8</ele></trkpt>
      <trkpt lat="60.246527" lon="24.909558"><ele>29.8</ele></trkpt>
      <trkpt lat="60.246527" lon="24.909505"><ele>29.8</ele></trkpt>
      <trkpt lat="60.246527" lon="24.909455"><ele>29.8</ele></trkpt>
      <trkpt lat="60.24652" lon="24.909387"><ele>29.8</ele></trkpt>
      <trkpt lat="60.246512" lon="24.909315"><ele>29.8</ele></trkpt>
      <trkpt lat="60.2465" lon="24.90925"><ele>29.8</ele></trkpt>
      <trkpt lat="60.246482" lon="24.909185"><ele>29.8</ele></trkpt>
      <trkpt lat="60.246472" lon="24.909107"><ele>29.8</ele></trkpt>
      <trkpt lat="60.24645" lon="24.909042"><ele>29.8</ele></trkpt>
      <trkpt lat="60.246427" lon="24.90899"><ele>29.8</ele></trkpt>
      <trkpt lat="60.246415" lon="24.908935"><ele>29.8</ele></trkpt>
      <trkpt lat="60.246412" lon="24.908887"><ele>29.8</ele></trkpt>
      <trkpt lat="60.246412" lon="24.908827"><ele>29.8</ele></trkpt>
      <trkpt lat="60.24642" lon="24.908775"><ele>29.8</ele></trkpt>
      <trkpt lat="60.246417" lon="24.908722"><ele>29.8</ele></trkpt>
      <trkpt lat="60.246415" lon="24.90866"><ele>29.8</ele></trkpt>
      <trkpt lat="60.246412" lon="24.90862"><ele>29.8</ele></trkpt>
      <trkpt lat="60.2464" lon="24.908592"><ele>29.6</ele></trkpt>
      <trkpt lat="60.246382" lon="24.908567"><ele>29.6</ele></trkpt>
      <trkpt lat="60.246362" lon="24.908535"><ele>29.6</ele></trkpt>
      <trkpt lat="60.24635" lon="24.9085"><ele>29.4</ele></trkpt>
      <trkpt lat="60.24634" lon="24.908465"><ele>29.2</ele></trkpt>
      <trkpt lat="60.246312" lon="24.908407"><ele>29</ele></trkpt>
      <trkpt lat="60.246307" lon="24.908348"><ele>28.8</ele></trkpt>
      <trkpt lat="60.246305" lon="24.908275"><ele>28.8</ele></trkpt>
      <trkpt lat="60.246297" lon="24.908202"><ele>28.6</ele></trkpt>
      <trkpt lat="60.246272" lon="24.908127"><ele>28.6</ele></trkpt>
      <trkpt lat="60.246235" lon="24.908067"><ele>28.4</ele></trkpt>
      <trkpt lat="60.246205" lon="24.907997"><ele>28.4</ele></trkpt>
      <trkpt lat="60.246175" lon="24.9079"><ele>28.2</ele></trkpt>
      <trkpt lat="60.24616" lon="24.907812"><ele>28</ele></trkpt>
      <trkpt lat="60.246137" lon="24.907717"><ele>27.8</ele></trkpt>
      <trkpt lat="60.246107" lon="24.907622"><ele>27.8</ele></trkpt>
      <trkpt lat="60.246072" lon="24.90754"><ele>27.8</ele></trkpt>
      <trkpt lat="60.246025" lon="24.90746"><ele>27.6</ele></trkpt>
      <trkpt lat="60.24598" lon="24.907387"><ele>27.6</ele></trkpt>
      <trkpt lat="60.24593" lon="24.907327"><ele>27.6</ele></trkpt>
      <trkpt lat="60.245882" lon="24.907292"><ele>27.6</ele></trkpt>
      <trkpt lat="60.245832" lon="24.90727"><ele>27.6</ele></trkpt>
      <trkpt lat="60.245787" lon="24.907255"><ele>27.4</ele></trkpt>
      <trkpt lat="60.245735" lon="24.90726"><ele>27.4</ele></trkpt>
      <trkpt lat="60.245687" lon="24.907245"><ele>27.4</ele></trkpt>
      <trkpt lat="60.245637" lon="24.907215"><ele>27.4</ele></trkpt>
      <trkpt lat="60.245592" lon="24.907172"><ele>27.6</ele></trkpt>
      <trkpt lat="60.245552" lon="24.907112"><ele>27.8</ele></trkpt>
      <trkpt lat="60.245512" lon="24.907035"><ele>27.8</ele></trkpt>
      <trkpt lat="60.245472" lon="24.906965"><ele>27.8</ele></trkpt>
      <trkpt lat="60.245427" lon="24.906905"><ele>28</ele></trkpt>
      <trkpt lat="60.245375" lon="24.906872"><ele>28</ele></trkpt>
      <trkpt lat="60.245322" lon="24.906872"><ele>28</ele></trkpt>
      <trkpt lat="60.245277" lon="24.906897"><ele>27.8</ele></trkpt>
      <trkpt lat="60.24524" lon="24.90694"><ele>27.8</ele></trkpt>
      <trkpt lat="60.245202" lon="24.906987"><ele>27.6</ele></trkpt>
      <trkpt lat="60.245162" lon="24.90705"><ele>27.4</ele></trkpt>
      <trkpt lat="60.245122" lon="24.90711"><ele>27.4</ele></trkpt>
      <trkpt lat="60.245082" lon="24.907172"><ele>27.4</ele></trkpt>
      <trkpt lat="60.245045" lon="24.907232"><ele>27.4</ele></trkpt>
      <trkpt lat="60.245007" lon="24.907295"><ele>27.4</ele></trkpt>
      <trkpt lat="60.244972" lon="24.907357"><ele>27.4</ele></trkpt>
      <trkpt lat="60.244937" lon="24.907415"><ele>27.4</ele></trkpt>
      <trkpt lat="60.244897" lon="24.907475"><ele>27.4</ele></trkpt>
      <trkpt lat="60.244857" lon="24.90753"><ele>27.2</ele></trkpt>
      <trkpt lat="60.244812" lon="24.90758"><ele>27.2</ele></trkpt>
      <trkpt lat="60.244765" lon="24.907622"><ele>27.4</ele></trkpt>
      <trkpt lat="60.244715" lon="24.90766"><ele>27.4</ele></trkpt>
      <trkpt lat="60.244662" lon="24.907695"><ele>27.2</ele></trkpt>
      <trkpt lat="60.244615" lon="24.907727"><ele>27.2</ele></trkpt>
      <trkpt lat="60.244565" lon="24.907757"><ele>27.2</ele></trkpt>
      <trkpt lat="60.244515" lon="24.907782"><ele>27.2</ele></trkpt>
      <trkpt lat="60.244462" lon="24.907802"><ele>27</ele></trkpt>
      <trkpt lat="60.244412" lon="24.907825"><ele>27</ele></trkpt>
      <trkpt lat="60.244362" lon="24.907845"><ele>27</ele></trkpt>
      <trkpt lat="60.244307" lon="24.907857"><ele>27</ele></trkpt>
      <trkpt lat="60.244257" lon="24.907867"><ele>27</ele></trkpt>
      <trkpt lat="60.244202" lon="24.907872"><ele>27</ele></trkpt>
      <trkpt lat="60.24415" lon="24.907865"><ele>27</ele></trkpt>
      <trkpt lat="60.244097" lon="24.907852"><ele>27.2</ele></trkpt>
      <trkpt lat="60.244047" lon="24.907832"><ele>27.2</ele></trkpt>
      <trkpt lat="60.243997" lon="24.907817"><ele>27.2</ele></trkpt>
      <trkpt lat="60.24395" lon="24.907805"><ele>27.2</ele></trkpt>
      <trkpt lat="60.243905" lon="24.9078"><ele>27.2</ele></trkpt>
      <trkpt lat="60.243857" lon="24.907792"><ele>27.2</ele></trkpt>
      <trkpt lat="60.243807" lon="24.907782"><ele>27.2</ele></trkpt>
      <trkpt lat="60.24376" lon="24.907772"><ele>27</ele></trkpt>
      <trkpt lat="60.243717" lon="24.907765"><ele>26.8</ele></trkpt>
      <trkpt lat="60.24367" lon="24.907757"><ele>27</ele></trkpt>
      <trkpt lat="60.243622" lon="24.907757"><ele>27</ele></trkpt>
      <trkpt lat="60.243577" lon="24.907775"><ele>27.2</ele></trkpt>
      <trkpt lat="60.243532" lon="24.907802"><ele>27.4</ele></trkpt>
      <trkpt lat="60.243492" lon="24.907835"><ele>27.4</ele></trkpt>
      <trkpt lat="60.24345" lon="24.907875"><ele>27.4</ele></trkpt>
      <trkpt lat="60.243425" lon="24.907907"><ele>27.4</ele></trkpt>
      <trkpt lat="60.243387" lon="24.90796"><ele>27.4</ele></trkpt>
      <trkpt lat="60.243342" lon="24.908017"><ele>27.4</ele></trkpt>
      <trkpt lat="60.2433" lon="24.908072"><ele>27.4</ele></trkpt>
      <trkpt lat="60.243255" lon="24.908135"><ele>27.6</ele></trkpt>
      <trkpt lat="60.243212" lon="24.908202"><ele>27.4</ele></trkpt>
      <trkpt lat="60.243172" lon="24.908267"><ele>27.4</ele></trkpt>
      <trkpt lat="60.243127" lon="24.908327"><ele>27.2</ele></trkpt>
      <trkpt lat="60.243085" lon="24.90839"><ele>27.2</ele></trkpt>
      <trkpt lat="60.243037" lon="24.908442"><ele>27</ele></trkpt>
      <trkpt lat="60.24299" lon="24.908487"><ele>27</ele></trkpt>
      <trkpt lat="60.242942" lon="24.90853"><ele>26.8</ele></trkpt>
      <trkpt lat="60.242892" lon="24.908567"><ele>26.4</ele></trkpt>
      <trkpt lat="60.242842" lon="24.908605"><ele>26</ele></trkpt>
      <trkpt lat="60.242792" lon="24.908632"><ele>25.8</ele></trkpt>
      <trkpt lat="60.242742" lon="24.90866"><ele>25.6</ele></trkpt>
      <trkpt lat="60.24269" lon="24.908687"><ele>25.4</ele></trkpt>
      <trkpt lat="60.242637" lon="24.908712"><ele>25.4</ele></trkpt>
      <trkpt lat="60.242587" lon="24.908722"><ele>25.4</ele></trkpt>
      <trkpt lat="60.24254" lon="24.908732"><ele>25.4</ele></trkpt>
      <trkpt lat="60.242497" lon="24.908727"><ele>25.4</ele></trkpt>
      <trkpt lat="60.242455" lon="24.9087"><ele>25.8</ele></trkpt>
      <trkpt lat="60.24242" lon="24.908655"><ele>26</ele></trkpt>
      <trkpt lat="60.242412" lon="24.908582"><ele>26.2</ele></trkpt>
      <trkpt lat="60.24242" lon="24.908512"><ele>26.4</ele></trkpt>
      <trkpt lat="60.242432" lon="24.908437"><ele>26.6</ele></trkpt>
      <trkpt lat="60.242442" lon="24.908362"><ele>27</ele></trkpt>
      <trkpt lat="60.242455" lon="24.908285"><ele>27.2</ele></trkpt>
      <trkpt lat="60.242472" lon="24.908205"><ele>27.2</ele></trkpt>
      <trkpt lat="60.242487" lon="24.908122"><ele>27.4</ele></trkpt>
      <trkpt lat="60.242507" lon="24.90804"><ele>27.6</ele></trkpt>
      <trkpt lat="60.242527" lon="24.90795"><ele>27.4</ele></trkpt>
      <trkpt lat="60.242547" lon="24.907855"><ele>27.4</ele></trkpt>
      <trkpt lat="60.242565" lon="24.907767"><ele>27.4</ele></trkpt>
      <trkpt lat="60.242582" lon="24.907687"><ele>27.4</ele></trkpt>
      <trkpt lat="60.242595" lon="24.907607"><ele>27.4</ele></trkpt>
      <trkpt lat="60.24259" lon="24.907537"><ele>27.4</ele></trkpt>
      <trkpt lat="60.24258" lon="24.907477"><ele>27.6</ele></trkpt>
      <trkpt lat="60.242542" lon="24.907417"><ele>27.4</ele></trkpt>
      <trkpt lat="60.242505" lon="24.907375"><ele>27.2</ele></trkpt>
      <trkpt lat="60.242462" lon="24.907322"><ele>27.2</ele></trkpt>
      <trkpt lat="60.24243" lon="24.90727"><ele>27.6</ele></trkpt>
      <trkpt lat="60.2424" lon="24.907207"><ele>27.6</ele></trkpt>
      <trkpt lat="60.242375" lon="24.907137"><ele>27.8</ele></trkpt>
      <trkpt lat="60.242347" lon="24.90707"><ele>27.6</ele></trkpt>
      <trkpt lat="60.242327" lon="24.906997"><ele>27.6</ele></trkpt>
      <trkpt lat="60.242307" lon="24.906927"><ele>27.8</ele></trkpt>
      <trkpt lat="60.242287" lon="24.906857"><ele>27.8</ele></trkpt>
      <trkpt lat="60.24227" lon="24.90679"><ele>27.8</ele></trkpt>
      <trkpt lat="60.242252" lon="24.906737"><ele>27.8</ele></trkpt>
      <trkpt lat="60.24223" lon="24.906717"><ele>28</ele></trkpt>
      <trkpt lat="60.242202" lon="24.906735"><ele>28.2</ele></trkpt>
      <trkpt lat="60.242182" lon="24.906762"><ele>28.4</ele></trkpt>
      <trkpt lat="60.242162" lon="24.906817"><ele>28.4</ele></trkpt>
      <trkpt lat="60.242142" lon="24.906862"><ele>28.4</ele></trkpt>
      <trkpt lat="60.242127" lon="24.906902"><ele>28.4</ele></trkpt>
      <trkpt lat="60.242117" lon="24.906947"><ele>28.4</ele></trkpt>
      <trkpt lat="60.242102" lon="24.906992"><ele>28.4</ele></trkpt>
      <trkpt lat="60.242087" lon="24.907027"><ele>28.6</ele></trkpt>
      <trkpt lat="60.242072" lon="24.907067"><ele>28.6</ele></trkpt>
      <trkpt lat="60.242062" lon="24.907112"><ele>28.6</ele></trkpt>
      <trkpt lat="60.242047" lon="24.90716"><ele>28.6</ele></trkpt>
      <trkpt lat="60.242025" lon="24.907225"><ele>28.6</ele></trkpt>
      <trkpt lat="60.242002" lon="24.907265"><ele>28.6</ele></trkpt>
      <trkpt lat="60.241975" lon="24.907295"><ele>28.6</ele></trkpt>
      <trkpt lat="60.241947" lon="24.907322"><ele>28.6</ele></trkpt>
      <trkpt lat="60.241922" lon="24.907352"><ele>28.6</ele></trkpt>
      <trkpt lat="60.241895" lon="24.907377"><ele>28.6</ele></trkpt>
      <trkpt lat="60.241877" lon="24.907398"><ele>28.6</ele></trkpt>
      <trkpt lat="60.241862" lon="24.907427"><ele>28.6</ele></trkpt>
      <trkpt lat="60.24184" lon="24.907442"><ele>28.6</ele></trkpt>
      <trkpt lat="60.241807" lon="24.907445"><ele>28.6</ele></trkpt>
      <trkpt lat="60.241787" lon="24.907465"><ele>28.6</ele></trkpt>
      <trkpt lat="60.241767" lon="24.907482"><ele>28.8</ele></trkpt>
      <trkpt lat="60.241747" lon="24.907497"><ele>28.8</ele></trkpt>
      <trkpt lat="60.241727" lon="24.907512"><ele>28.8</ele></trkpt>
      <trkpt lat="60.241697" lon="24.907522"><ele>29</ele></trkpt>
      <trkpt lat="60.241662" lon="24.907525"><ele>29</ele></trkpt>
      <trkpt lat="60.241642" lon="24.907532"><ele>29</ele></trkpt>
      <trkpt lat="60.241615" lon="24.907532"><ele>29</ele></trkpt>
      <trkpt lat="60.241582" lon="24.907537"><ele>29.2</ele></trkpt>
      <trkpt lat="60.241562" lon="24.907537"><ele>29.2</ele></trkpt>
      <trkpt lat="60.241542" lon="24.907537"><ele>29.2</ele></trkpt>
      <trkpt lat="60.24151" lon="24.907527"><ele>29.2</ele></trkpt>
      <trkpt lat="60.241487" lon="24.907542"><ele>29.4</ele></trkpt>
      <trkpt lat="60.241467" lon="24.907565"><ele>29.4</ele></trkpt>
      <trkpt lat="60.241442" lon="24.907588"><ele>29.4</ele></trkpt>
      <trkpt lat="60.241417" lon="24.907605"><ele>29.4</ele></trkpt>
      <trkpt lat="60.241387" lon="24.907632"><ele>29.4</ele></trkpt>
      <trkpt lat="60.24136" lon="24.90766"><ele>29.4</ele></trkpt>
      <trkpt lat="60.24134" lon="24.907692"><ele>29.6</ele></trkpt>
      <trkpt lat="60.241317" lon="24.907727"><ele>29.6</ele></trkpt>
      <trkpt lat="60.241295" lon="24.907767"><ele>29.8</ele></trkpt>
      <trkpt lat="60.241272" lon="24.9078"><ele>29.8</ele></trkpt>
      <trkpt lat="60.241252" lon="24.907827"><ele>30</ele></trkpt>
      <trkpt lat="60.241237" lon="24.907852"><ele>30</ele></trkpt>
      <trkpt lat="60.24121" lon="24.907877"><ele>30.2</ele></trkpt>
      <trkpt lat="60.241192" lon="24.907897"><ele>30.4</ele></trkpt>
      <trkpt lat="60.241177" lon="24.907932"><ele>30.6</ele></trkpt>
      <trkpt lat="60.241165" lon="24.907972"><ele>30.8</ele></trkpt>
      <trkpt lat="60.241147" lon="24.908"><ele>31</ele></trkpt>
      <trkpt lat="60.24113" lon="24.908025"><ele>31.2</ele></trkpt>
      <trkpt lat="60.241125" lon="24.908065"><ele>31.6</ele></trkpt>
      <trkpt lat="60.24112" lon="24.908117"><ele>31.8</ele></trkpt>
      <trkpt lat="60.241105" lon="24.908177"><ele>32</ele></trkpt>
      <trkpt lat="60.241082" lon="24.908217"><ele>32.2</ele></trkpt>
      <trkpt lat="60.241062" lon="24.908255"><ele>32.4</ele></trkpt>
      <trkpt lat="60.241037" lon="24.908275"><ele>32.6</ele></trkpt>
      <trkpt lat="60.241007" lon="24.908307"><ele>32.6</ele></trkpt>
      <trkpt lat="60.24098" lon="24.908342"><ele>32.8</ele></trkpt>
      <trkpt lat="60.240955" lon="24.908375"><ele>32.8</ele></trkpt>
      <trkpt lat="60.240932" lon="24.908397"><ele>32.8</ele></trkpt>
      <trkpt lat="60.240912" lon="24.908427"><ele>33</ele></trkpt>
      <trkpt lat="60.240887" lon="24.908462"><ele>33.2</ele></trkpt>
      <trkpt lat="60.240862" lon="24.908492"><ele>33.4</ele></trkpt>
      <trkpt lat="60.240842" lon="24.908532"><ele>33.4</ele></trkpt>
      <trkpt lat="60.240827" lon="24.908577"><ele>33.4</ele></trkpt>
      <trkpt lat="60.240797" lon="24.908617"><ele>33.4</ele></trkpt>
      <trkpt lat="60.240772" lon="24.908652"><ele>33.4</ele></trkpt>
      <trkpt lat="60.24075" lon="24.908685"><ele>33.4</ele></trkpt>
      <trkpt lat="60.240727" lon="24.908717"><ele>33.4</ele></trkpt>
      <trkpt lat="60.24071" lon="24.908745"><ele>33.4</ele></trkpt>
      <trkpt lat="60.24069" lon="24.908772"><ele>33.6</ele></trkpt>
      <trkpt lat="60.240675" lon="24.908802"><ele>33.6</ele></trkpt>
      <trkpt lat="60.240657" lon="24.90884"><ele>33.6</ele></trkpt>
      <trkpt lat="60.24065" lon="24.908897"><ele>33.8</ele></trkpt>
      <trkpt lat="60.240637" lon="24.908953"><ele>33.8</ele></trkpt>
      <trkpt lat="60.240627" lon="24.909007"><ele>33.8</ele></trkpt>
      <trkpt lat="60.240602" lon="24.909052"><ele>33.6</ele></trkpt>
      <trkpt lat="60.24058" lon="24.90909"><ele>33.6</ele></trkpt>
      <trkpt lat="60.240555" lon="24.909117"><ele>33.4</ele></trkpt>
      <trkpt lat="60.240537" lon="24.909142"><ele>33.2</ele></trkpt>
      <trkpt lat="60.240492" lon="24.90916"><ele>33</ele></trkpt>
      <trkpt lat="60.240467" lon="24.909157"><ele>33</ele></trkpt>
      <trkpt lat="60.240437" lon="24.909157"><ele>33</ele></trkpt>
      <trkpt lat="60.240408" lon="24.90917"><ele>32.8</ele></trkpt>
      <trkpt lat="60.240377" lon="24.909177"><ele>32.8</ele></trkpt>
      <trkpt lat="60.240352" lon="24.909177"><ele>32.8</ele></trkpt>
      <trkpt lat="60.240332" lon="24.909172"><ele>32.8</ele></trkpt>
      <trkpt lat="60.24031" lon="24.909167"><ele>32.8</ele></trkpt>
      <trkpt lat="60.240282" lon="24.909162"><ele>32.8</ele></trkpt>
      <trkpt lat="60.240257" lon="24.909172"><ele>32.6</ele></trkpt>
      <trkpt lat="60.240227" lon="24.909175"><ele>32.6</ele></trkpt>
      <trkpt lat="60.240202" lon="24.909182"><ele>32.6</ele></trkpt>
      <trkpt lat="60.240172" lon="24.909182"><ele>32.6</ele></trkpt>
      <trkpt lat="60.240147" lon="24.909178"><ele>32.6</ele></trkpt>
      <trkpt lat="60.240117" lon="24.909175"><ele>32.6</ele></trkpt>
      <trkpt lat="60.240092" lon="24.909182"><ele>32.6</ele></trkpt>
      <trkpt lat="60.240072" lon="24.909207"><ele>32.6</ele></trkpt>
      <trkpt lat="60.240057" lon="24.909247"><ele>32.6</ele></trkpt>
      <trkpt lat="60.240042" lon="24.909287"><ele>32.6</ele></trkpt>
      <trkpt lat="60.240022" lon="24.909325"><ele>32.4</ele></trkpt>
      <trkpt lat="60.24" lon="24.909347"><ele>32.4</ele></trkpt>
      <trkpt lat="60.23997" lon="24.909372"><ele>32.2</ele></trkpt>
      <trkpt lat="60.239937" lon="24.909387"><ele>32.2</ele></trkpt>
      <trkpt lat="60.239905" lon="24.909407"><ele>32.2</ele></trkpt>
      <trkpt lat="60.239872" lon="24.909422"><ele>32</ele></trkpt>
      <trkpt lat="60.239837" lon="24.909427"><ele>32</ele></trkpt>
      <trkpt lat="60.239802" lon="24.909432"><ele>32</ele></trkpt>
      <trkpt lat="60.239777" lon="24.909407"><ele>31.8</ele></trkpt>
      <trkpt lat="60.239745" lon="24.909382"><ele>31.6</ele></trkpt>
      <trkpt lat="60.239712" lon="24.909362"><ele>31.6</ele></trkpt>
      <trkpt lat="60.239682" lon="24.90934"><ele>31.6</ele></trkpt>
      <trkpt lat="60.239657" lon="24.909305"><ele>31.6</ele></trkpt>
      <trkpt lat="60.239627" lon="24.909285"><ele>31.6</ele></trkpt>
      <trkpt lat="60.239602" lon="24.909272"><ele>31.4</ele></trkpt>
      <trkpt lat="60.239577" lon="24.90925"><ele>31.4</ele></trkpt>
      <trkpt lat="60.239552" lon="24.909222"><ele>31.4</ele></trkpt>
      <trkpt lat="60.239527" lon="24.909187"><ele>31.4</ele></trkpt>
      <trkpt lat="60.239502" lon="24.909182"><ele>31.4</ele></trkpt>
      <trkpt lat="60.239475" lon="24.909177"><ele>31.2</ele></trkpt>
      <trkpt lat="60.239445" lon="24.909172"><ele>31.2</ele></trkpt>
      <trkpt lat="60.23941" lon="24.909152"><ele>31.2</ele></trkpt>
      <trkpt lat="60.239385" lon="24.909132"><ele>31</ele></trkpt>
      <trkpt lat="60.239362" lon="24.909112"><ele>31</ele></trkpt>
      <trkpt lat="60.239337" lon="24.909097"><ele>30.8</ele></trkpt>
      <trkpt lat="60.23931" lon="24.909085"><ele>30.8</ele></trkpt>
      <trkpt lat="60.23928" lon="24.909067"><ele>30.8</ele></trkpt>
      <trkpt lat="60.239247" lon="24.90907"><ele>30.6</ele></trkpt>
      <trkpt lat="60.239222" lon="24.909087"><ele>30.6</ele></trkpt>
      <trkpt lat="60.239202" lon="24.909108"><ele>30.4</ele></trkpt>
      <trkpt lat="60.23918" lon="24.90914"><ele>30.4</ele></trkpt>
      <trkpt lat="60.23915" lon="24.909167"><ele>30.4</ele></trkpt>
      <trkpt lat="60.239117" lon="24.909187"><ele>30.4</ele></trkpt>
      <trkpt lat="60.239087" lon="24.909215"><ele>30.6</ele></trkpt>
      <trkpt lat="60.239052" lon="24.909247"><ele>30.6</ele></trkpt>
      <trkpt lat="60.239015" lon="24.909287"><ele>30.6</ele></trkpt>
      <trkpt lat="60.238982" lon="24.909347"><ele>30.8</ele></trkpt>
      <trkpt lat="60.238957" lon="24.909417"><ele>30.8</ele></trkpt>
      <trkpt lat="60.238922" lon="24.909487"><ele>30.6</ele></trkpt>
      <trkpt lat="60.238888" lon="24.909517"><ele>30.6</ele></trkpt>
      <trkpt lat="60.238857" lon="24.909535"><ele>30.4</ele></trkpt>
      <trkpt lat="60.238827" lon="24.909555"><ele>30.4</ele></trkpt>
      <trkpt lat="60.238802" lon="24.909567"><ele>30.4</ele></trkpt>
      <trkpt lat="60.23878" lon="24.909575"><ele>30.4</ele></trkpt>
      <trkpt lat="60.238757" lon="24.909567"><ele>30.4</ele></trkpt>
      <trkpt lat="60.238737" lon="24.909552"><ele>30.6</ele></trkpt>
      <trkpt lat="60.23871" lon="24.909545"><ele>30.8</ele></trkpt>
      <trkpt lat="60.238687" lon="24.909523"><ele>31</ele></trkpt>
      <trkpt lat="60.238667" lon="24.90949"><ele>31</ele></trkpt>
      <trkpt lat="60.238647" lon="24.909465"><ele>31</ele></trkpt>
      <trkpt lat="60.238627" lon="24.909442"><ele>31.4</ele></trkpt>
      <trkpt lat="60.238607" lon="24.909415"><ele>31.8</ele></trkpt>
      <trkpt lat="60.238585" lon="24.909397"><ele>32</ele></trkpt>
      <trkpt lat="60.238562" lon="24.909387"><ele>32</ele></trkpt>
      <trkpt lat="60.23854" lon="24.909382"><ele>32.2</ele></trkpt>
      <trkpt lat="60.238515" lon="24.909382"><ele>32.2</ele></trkpt>
      <trkpt lat="60.238487" lon="24.909397"><ele>32.4</ele></trkpt>
      <trkpt lat="60.238462" lon="24.90942"><ele>32.6</ele></trkpt>
      <trkpt lat="60.238437" lon="24.909445"><ele>32.8</ele></trkpt>
      <trkpt lat="60.23841" lon="24.90947"><ele>33</ele></trkpt>
      <trkpt lat="60.238385" lon="24.9095"><ele>33.2</ele></trkpt>
      <trkpt lat="60.238362" lon="24.909532"><ele>33.2</ele></trkpt>
      <trkpt lat="60.238337" lon="24.909562"><ele>33.4</ele></trkpt>
      <trkpt lat="60.238312" lon="24.90959"><ele>33.6</ele></trkpt>
      <trkpt lat="60.238287" lon="24.909617"><ele>33.8</ele></trkpt>
      <trkpt lat="60.238262" lon="24.909647"><ele>34</ele></trkpt>
      <trkpt lat="60.238237" lon="24.909677"><ele>34.2</ele></trkpt>
      <trkpt lat="60.238217" lon="24.909707"><ele>34.4</ele></trkpt>
      <trkpt lat="60.238192" lon="24.909737"><ele>34.4</ele></trkpt>
      <trkpt lat="60.238167" lon="24.909767"><ele>34.6</ele></trkpt>
      <trkpt lat="60.238142" lon="24.909807"><ele>34.6</ele></trkpt>
      <trkpt lat="60.238115" lon="24.909842"><ele>34.6</ele></trkpt>
      <trkpt lat="60.238085" lon="24.909877"><ele>34.6</ele></trkpt>
      <trkpt lat="60.238055" lon="24.90992"><ele>34.6</ele></trkpt>
      <trkpt lat="60.238022" lon="24.909962"><ele>34.6</ele></trkpt>
      <trkpt lat="60.237992" lon="24.909997"><ele>34.6</ele></trkpt>
      <trkpt lat="60.237955" lon="24.910037"><ele>34.8</ele></trkpt>
      <trkpt lat="60.237917" lon="24.910085"><ele>34.8</ele></trkpt>
      <trkpt lat="60.237877" lon="24.910128"><ele>34.8</ele></trkpt>
      <trkpt lat="60.237833" lon="24.910182"><ele>34.6</ele></trkpt>
      <trkpt lat="60.237792" lon="24.910235"><ele>34.4</ele></trkpt>
      <trkpt lat="60.237742" lon="24.910297"><ele>34</ele></trkpt>
      <trkpt lat="60.237692" lon="24.910352"><ele>33.6</ele></trkpt>
      <trkpt lat="60.237637" lon="24.910407"><ele>33.2</ele></trkpt>
      <trkpt lat="60.237582" lon="24.910442"><ele>32.8</ele></trkpt>
      <trkpt lat="60.237522" lon="24.910462"><ele>32.4</ele></trkpt>
      <trkpt lat="60.237467" lon="24.91048"><ele>31.8</ele></trkpt>
      <trkpt lat="60.237407" lon="24.9105"><ele>31.4</ele></trkpt>
      <trkpt lat="60.237352" lon="24.910512"><ele>31</ele></trkpt>
      <trkpt lat="60.237292" lon="24.91052"><ele>30.6</ele></trkpt>
      <trkpt lat="60.237232" lon="24.910527"><ele>30.4</ele></trkpt>
      <trkpt lat="60.237175" lon="24.910502"><ele>30.2</ele></trkpt>
      <trkpt lat="60.237122" lon="24.91048"><ele>30</ele></trkpt>
      <trkpt lat="60.237072" lon="24.910447"><ele>29.8</ele></trkpt>
      <trkpt lat="60.237027" lon="24.910412"><ele>29.8</ele></trkpt>
      <trkpt lat="60.236987" lon="24.910377"><ele>30.2</ele></trkpt>
      <trkpt lat="60.236957" lon="24.910347"><ele>30.8</ele></trkpt>
      <trkpt lat="60.236927" lon="24.910312"><ele>31.2</ele></trkpt>
      <trkpt lat="60.2369" lon="24.910277"><ele>31.8</ele></trkpt>
      <trkpt lat="60.236872" lon="24.910242"><ele>32.2</ele></trkpt>
      <trkpt lat="60.23684" lon="24.910205"><ele>32.6</ele></trkpt>
      <trkpt lat="60.23681" lon="24.910162"><ele>33</ele></trkpt>
      <trkpt lat="60.23678" lon="24.910117"><ele>33.2</ele></trkpt>
      <trkpt lat="60.236747" lon="24.910072"><ele>33.6</ele></trkpt>
      <trkpt lat="60.236717" lon="24.910027"><ele>34</ele></trkpt>
      <trkpt lat="60.236682" lon="24.909987"><ele>34.2</ele></trkpt>
      <trkpt lat="60.236647" lon="24.909947"><ele>34.4</ele></trkpt>
      <trkpt lat="60.236615" lon="24.909902"><ele>34.6</ele></trkpt>
      <trkpt lat="60.236577" lon="24.909857"><ele>34.6</ele></trkpt>
      <trkpt lat="60.236537" lon="24.909807"><ele>34.6</ele></trkpt>
      <trkpt lat="60.236487" lon="24.909752"><ele>34.6</ele></trkpt>
      <trkpt lat="60.23643" lon="24.909702"><ele>34.4</ele></trkpt>
      <trkpt lat="60.236367" lon="24.909645"><ele>34.4</ele></trkpt>
      <trkpt lat="60.236307" lon="24.909592"><ele>34</ele></trkpt>
      <trkpt lat="60.236257" lon="24.909552"><ele>33.8</ele></trkpt>
      <trkpt lat="60.236212" lon="24.909512"><ele>33.4</ele></trkpt>
      <trkpt lat="60.23617" lon="24.909472"><ele>33</ele></trkpt>
      <trkpt lat="60.236122" lon="24.909455"><ele>32.8</ele></trkpt>
      <trkpt lat="60.236082" lon="24.909432"><ele>32.6</ele></trkpt>
      <trkpt lat="60.236047" lon="24.909397"><ele>32.6</ele></trkpt>
      <trkpt lat="60.236027" lon="24.90935"><ele>32.2</ele></trkpt>
      <trkpt lat="60.236012" lon="24.909307"><ele>32</ele></trkpt>
      <trkpt lat="60.236012" lon="24.909267"><ele>32</ele></trkpt>
      <trkpt lat="60.236007" lon="24.909227"><ele>31.8</ele></trkpt>
      <trkpt lat="60.236005" lon="24.90917"><ele>31.6</ele></trkpt>
      <trkpt lat="60.23599" lon="24.909122"><ele>31.6</ele></trkpt>
      <trkpt lat="60.235967" lon="24.909095"><ele>31.6</ele></trkpt>
      <trkpt lat="60.235947" lon="24.909075"><ele>31.4</ele></trkpt>
      <trkpt lat="60.235925" lon="24.90905"><ele>31.2</ele></trkpt>
      <trkpt lat="60.235915" lon="24.90901"><ele>31</ele></trkpt>
      <trkpt lat="60.235905" lon="24.90897"><ele>31</ele></trkpt>
      <trkpt lat="60.235897" lon="24.908927"><ele>31</ele></trkpt>
      <trkpt lat="60.235885" lon="24.908875"><ele>31</ele></trkpt>
      <trkpt lat="60.235877" lon="24.908822"><ele>31</ele></trkpt>
      <trkpt lat="60.23587" lon="24.908775"><ele>31</ele></trkpt>
      <trkpt lat="60.235867" lon="24.908727"><ele>31.2</ele></trkpt>
      <trkpt lat="60.235867" lon="24.908682"><ele>31.2</ele></trkpt>
      <trkpt lat="60.235862" lon="24.908632"><ele>31.2</ele></trkpt>
      <trkpt lat="60.235857" lon="24.90858"><ele>31.2</ele></trkpt>
      <trkpt lat="60.235852" lon="24.908538"><ele>31.2</ele></trkpt>
      <trkpt lat="60.235847" lon="24.908505"><ele>31.2</ele></trkpt>
      <trkpt lat="60.235837" lon="24.908467"><ele>31.4</ele></trkpt>
      <trkpt lat="60.235822" lon="24.908447"><ele>31.6</ele></trkpt>
      <trkpt lat="60.235805" lon="24.908435"><ele>31.8</ele></trkpt>
      <trkpt lat="60.235778" lon="24.908452"><ele>31.8</ele></trkpt>
      <trkpt lat="60.23576" lon="24.908447"><ele>31.8</ele></trkpt>
      <trkpt lat="60.235737" lon="24.908437"><ele>31.8</ele></trkpt>
      <trkpt lat="60.235705" lon="24.908437"><ele>31.8</ele></trkpt>
      <trkpt lat="60.235672" lon="24.90844"><ele>32</ele></trkpt>
      <trkpt lat="60.235637" lon="24.908442"><ele>32</ele></trkpt>
      <trkpt lat="60.2356" lon="24.908445"><ele>32</ele></trkpt>
      <trkpt lat="60.235562" lon="24.908442"><ele>32</ele></trkpt>
      <trkpt lat="60.235522" lon="24.908447"><ele>31.8</ele></trkpt>
      <trkpt lat="60.235483" lon="24.90845"><ele>31.8</ele></trkpt>
      <trkpt lat="60.235447" lon="24.908447"><ele>31.8</ele></trkpt>
      <trkpt lat="60.235412" lon="24.908447"><ele>31.8</ele></trkpt>
      <trkpt lat="60.235377" lon="24.908447"><ele>31.8</ele></trkpt>
      <trkpt lat="60.235345" lon="24.908445"><ele>31.8</ele></trkpt>
      <trkpt lat="60.235312" lon="24.908442"><ele>32</ele></trkpt>
      <trkpt lat="60.235277" lon="24.908432"><ele>32.2</ele></trkpt>
      <trkpt lat="60.235245" lon="24.90843"><ele>32.4</ele></trkpt>
      <trkpt lat="60.235212" lon="24.90843"><ele>32.6</ele></trkpt>
      <trkpt lat="60.235182" lon="24.908432"><ele>33</ele></trkpt>
      <trkpt lat="60.23515" lon="24.908432"><ele>33.2</ele></trkpt>
      <trkpt lat="60.235117" lon="24.90844"><ele>33.2</ele></trkpt>
      <trkpt lat="60.235087" lon="24.90842"><ele>33.4</ele></trkpt>
      <trkpt lat="60.23507" lon="24.908357"><ele>33.6</ele></trkpt>
      <trkpt lat="60.235057" lon="24.908277"><ele>33.6</ele></trkpt>
      <trkpt lat="60.235045" lon="24.908207"><ele>33.6</ele></trkpt>
      <trkpt lat="60.235037" lon="24.908167"><ele>33.6</ele></trkpt>
      <trkpt lat="60.235012" lon="24.908117"><ele>33.4</ele></trkpt>
      <trkpt lat="60.235007" lon="24.908067"><ele>33.4</ele></trkpt>
      <trkpt lat="60.234992" lon="24.90801"><ele>33.2</ele></trkpt>
      <trkpt lat="60.234977" lon="24.907952"><ele>33.2</ele></trkpt>
      <trkpt lat="60.234948" lon="24.907907"><ele>33.2</ele></trkpt>
      <trkpt lat="60.23493" lon="24.907842"><ele>33.2</ele></trkpt>
      <trkpt lat="60.234905" lon="24.907778"><ele>33.2</ele></trkpt>
      <trkpt lat="60.234882" lon="24.907702"><ele>33.2</ele></trkpt>
      <trkpt lat="60.234857" lon="24.907637"><ele>33.2</ele></trkpt>
      <trkpt lat="60.234832" lon="24.90757"><ele>33.2</ele></trkpt>
      <trkpt lat="60.234805" lon="24.907505"><ele>33</ele></trkpt>
      <trkpt lat="60.234777" lon="24.907442"><ele>32.6</ele></trkpt>
      <trkpt lat="60.234752" lon="24.907387"><ele>32.6</ele></trkpt>
      <trkpt lat="60.234722" lon="24.90733"><ele>32.4</ele></trkpt>
      <trkpt lat="60.234687" lon="24.907275"><ele>32.2</ele></trkpt>
      <trkpt lat="60.234652" lon="24.907225"><ele>32.2</ele></trkpt>
      <trkpt lat="60.234617" lon="24.907177"><ele>32.2</ele></trkpt>
      <trkpt lat="60.234582" lon="24.907132"><ele>32.4</ele></trkpt>
      <trkpt lat="60.234547" lon="24.907102"><ele>32.4</ele></trkpt>
      <trkpt lat="60.234517" lon="24.90708"><ele>32.4</ele></trkpt>
      <trkpt lat="60.23449" lon="24.907062"><ele>32.4</ele></trkpt>
      <trkpt lat="60.234467" lon="24.907035"><ele>32.4</ele></trkpt>
      <trkpt lat="60.234442" lon="24.907007"><ele>32.4</ele></trkpt>
      <trkpt lat="60.234417" lon="24.906982"><ele>32.4</ele></trkpt>
      <trkpt lat="60.234392" lon="24.906948"><ele>32.6</ele></trkpt>
      <trkpt lat="60.23437" lon="24.906922"><ele>32.8</ele></trkpt>
      <trkpt lat="60.234352" lon="24.906892"><ele>33</ele></trkpt>
      <trkpt lat="60.234337" lon="24.906865"><ele>33.2</ele></trkpt>
      <trkpt lat="60.23432" lon="24.906832"><ele>33.6</ele></trkpt>
      <trkpt lat="60.234307" lon="24.9068"><ele>34</ele></trkpt>
      <trkpt lat="60.234292" lon="24.90678"><ele>34.4</ele></trkpt>
      <trkpt lat="60.234262" lon="24.906757"><ele>35.2</ele></trkpt>
      <trkpt lat="60.234235" lon="24.906727"><ele>36</ele></trkpt>
      <trkpt lat="60.234212" lon="24.906687"><ele>37</ele></trkpt>
      <trkpt lat="60.234177" lon="24.906662"><ele>37.8</ele></trkpt>
      <trkpt lat="60.23416" lon="24.906637"><ele>38.2</ele></trkpt>
      <trkpt lat="60.234147" lon="24.906592"><ele>39</ele></trkpt>
      <trkpt lat="60.234145" lon="24.906552"><ele>39.4</ele></trkpt>
      <trkpt lat="60.234145" lon="24.906515"><ele>39.6</ele></trkpt>
      <trkpt lat="60.234145" lon="24.906465"><ele>40</ele></trkpt>
      <trkpt lat="60.234147" lon="24.906412"><ele>40.2</ele></trkpt>
      <trkpt lat="60.234142" lon="24.906372"><ele>40.4</ele></trkpt>
      <trkpt lat="60.234132" lon="24.906337"><ele>40.6</ele></trkpt>
      <trkpt lat="60.234118" lon="24.906305"><ele>40.8</ele></trkpt>
      <trkpt lat="60.234107" lon="24.90627"><ele>41</ele></trkpt>
      <trkpt lat="60.234097" lon="24.906237"><ele>41.2</ele></trkpt>
      <trkpt lat="60.234077" lon="24.906172"><ele>42</ele></trkpt>
      <trkpt lat="60.234062" lon="24.906137"><ele>42.2</ele></trkpt>
      <trkpt lat="60.234047" lon="24.906107"><ele>42.4</ele></trkpt>
      <trkpt lat="60.234032" lon="24.906077"><ele>42.6</ele></trkpt>
      <trkpt lat="60.234007" lon="24.90603"><ele>43.2</ele></trkpt>
      <trkpt lat="60.233997" lon="24.905997"><ele>43.4</ele></trkpt>
      <trkpt lat="60.23398" lon="24.905932"><ele>43.8</ele></trkpt>
      <trkpt lat="60.233963" lon="24.905872"><ele>44.2</ele></trkpt>
      <trkpt lat="60.233942" lon="24.905827"><ele>44.8</ele></trkpt>
      <trkpt lat="60.233917" lon="24.905782"><ele>45.2</ele></trkpt>
      <trkpt lat="60.233902" lon="24.90573"><ele>45.4</ele></trkpt>
      <trkpt lat="60.233887" lon="24.905672"><ele>45.8</ele></trkpt>
      <trkpt lat="60.233877" lon="24.90561"><ele>46.2</ele></trkpt>
      <trkpt lat="60.233867" lon="24.905555"><ele>46.4</ele></trkpt>
      <trkpt lat="60.23386" lon="24.905515"><ele>46.8</ele></trkpt>
      <trkpt lat="60.233845" lon="24.90547"><ele>47.2</ele></trkpt>
      <trkpt lat="60.233832" lon="24.905437"><ele>47.2</ele></trkpt>
      <trkpt lat="60.23382" lon="24.905407"><ele>47.4</ele></trkpt>
      <trkpt lat="60.233808" lon="24.905365"><ele>47.4</ele></trkpt>
      <trkpt lat="60.233808" lon="24.905317"><ele>47.6</ele></trkpt>
      <trkpt lat="60.233822" lon="24.905265"><ele>47.6</ele></trkpt>
      <trkpt lat="60.23384" lon="24.905215"><ele>47.6</ele></trkpt>
      <trkpt lat="60.233857" lon="24.905152"><ele>47.6</ele></trkpt>
      <trkpt lat="60.233877" lon="24.905067"><ele>47.4</ele></trkpt>
      <trkpt lat="60.233893" lon="24.904982"><ele>47.4</ele></trkpt>
      <trkpt lat="60.233887" lon="24.90492"><ele>47</ele></trkpt>
      <trkpt lat="60.233855" lon="24.904907"><ele>46.6</ele></trkpt>
      <trkpt lat="60.233835" lon="24.904945"><ele>46</ele></trkpt>
      <trkpt lat="60.233817" lon="24.904987"><ele>45.4</ele></trkpt>
      <trkpt lat="60.233802" lon="24.905017"><ele>45</ele></trkpt>
      <trkpt lat="60.233777" lon="24.905052"><ele>44.6</ele></trkpt>
      <trkpt lat="60.233747" lon="24.905065"><ele>44.4</ele></trkpt>
      <trkpt lat="60.233715" lon="24.90507"><ele>44.2</ele></trkpt>
      <trkpt lat="60.233677" lon="24.905077"><ele>44</ele></trkpt>
      <trkpt lat="60.233637" lon="24.90509"><ele>43.8</ele></trkpt>
      <trkpt lat="60.233612" lon="24.905112"><ele>43.8</ele></trkpt>
      <trkpt lat="60.233582" lon="24.90512"><ele>43.8</ele></trkpt>
      <trkpt lat="60.233552" lon="24.905112"><ele>43.8</ele></trkpt>
      <trkpt lat="60.233512" lon="24.905102"><ele>44</ele></trkpt>
      <trkpt lat="60.233482" lon="24.905092"><ele>44</ele></trkpt>
      <trkpt lat="60.233452" lon="24.905082"><ele>44.2</ele></trkpt>
      <trkpt lat="60.23342" lon="24.905067"><ele>44</ele></trkpt>
      <trkpt lat="60.233387" lon="24.905057"><ele>43.6</ele></trkpt>
      <trkpt lat="60.233352" lon="24.905042"><ele>43.2</ele></trkpt>
      <trkpt lat="60.233317" lon="24.905002"><ele>42.8</ele></trkpt>
      <trkpt lat="60.233292" lon="24.904965"><ele>42.4</ele></trkpt>
      <trkpt lat="60.233272" lon="24.904917"><ele>42.2</ele></trkpt>
      <trkpt lat="60.233257" lon="24.904852"><ele>42</ele></trkpt>
      <trkpt lat="60.233247" lon="24.904788"><ele>42</ele></trkpt>
      <trkpt lat="60.233242" lon="24.904737"><ele>42</ele></trkpt>
      <trkpt lat="60.23323" lon="24.904705"><ele>42</ele></trkpt>
      <trkpt lat="60.233212" lon="24.904687"><ele>42</ele></trkpt>
      <trkpt lat="60.233192" lon="24.90469"><ele>41.8</ele></trkpt>
      <trkpt lat="60.233175" lon="24.904737"><ele>41.8</ele></trkpt>
      <trkpt lat="60.23317" lon="24.904805"><ele>41.4</ele></trkpt>
      <trkpt lat="60.233162" lon="24.904837"><ele>41.4</ele></trkpt>
      <trkpt lat="60.233142" lon="24.904862"><ele>41.4</ele></trkpt>
      <trkpt lat="60.233117" lon="24.904872"><ele>41.4</ele></trkpt>
      <trkpt lat="60.23309" lon="24.904872"><ele>41.4</ele></trkpt>
      <trkpt lat="60.23307" lon="24.904885"><ele>41.4</ele></trkpt>
      <trkpt lat="60.233057" lon="24.904912"><ele>41.4</ele></trkpt>
      <trkpt lat="60.233042" lon="24.904942"><ele>41.4</ele></trkpt>
      <trkpt lat="60.233017" lon="24.904955"><ele>41.2</ele></trkpt>
      <trkpt lat="60.232992" lon="24.904972"><ele>41.4</ele></trkpt>
      <trkpt lat="60.232962" lon="24.904972"><ele>41.4</ele></trkpt>
      <trkpt lat="60.232932" lon="24.904972"><ele>41.6</ele></trkpt>
      <trkpt lat="60.232907" lon="24.904967"><ele>41.6</ele></trkpt>
      <trkpt lat="60.232885" lon="24.904965"><ele>41.6</ele></trkpt>
      <trkpt lat="60.232865" lon="24.904962"><ele>41.6</ele></trkpt>
      <trkpt lat="60.232842" lon="24.904947"><ele>41.8</ele></trkpt>
      <trkpt lat="60.232817" lon="24.904927"><ele>42</ele></trkpt>
      <trkpt lat="60.23279" lon="24.9049"><ele>42.2</ele></trkpt>
      <trkpt lat="60.232767" lon="24.904865"><ele>42.2</ele></trkpt>
      <trkpt lat="60.232742" lon="24.90484"><ele>42.4</ele></trkpt>
      <trkpt lat="60.232712" lon="24.904812"><ele>42.4</ele></trkpt>
      <trkpt lat="60.232677" lon="24.904788"><ele>42.4</ele></trkpt>
      <trkpt lat="60.232647" lon="24.904762"><ele>42.4</ele></trkpt>
      <trkpt lat="60.232615" lon="24.904742"><ele>42</ele></trkpt>
      <trkpt lat="60.232585" lon="24.904742"><ele>41.8</ele></trkpt>
      <trkpt lat="60.232555" lon="24.90475"><ele>41.4</ele></trkpt>
      <trkpt lat="60.232525" lon="24.90476"><ele>41.4</ele></trkpt>
      <trkpt lat="60.232497" lon="24.904765"><ele>41.2</ele></trkpt>
      <trkpt lat="60.23247" lon="24.904762"><ele>41.2</ele></trkpt>
      <trkpt lat="60.23244" lon="24.904775"><ele>41.2</ele></trkpt>
      <trkpt lat="60.232417" lon="24.904797"><ele>41.2</ele></trkpt>
      <trkpt lat="60.232402" lon="24.90483"><ele>41.2</ele></trkpt>
      <trkpt lat="60.232382" lon="24.904857"><ele>41.2</ele></trkpt>
      <trkpt lat="60.23236" lon="24.904887"><ele>41</ele></trkpt>
      <trkpt lat="60.232342" lon="24.904925"><ele>41</ele></trkpt>
      <trkpt lat="60.232325" lon="24.904962"><ele>41</ele></trkpt>
      <trkpt lat="60.232312" lon="24.905"><ele>41.2</ele></trkpt>
      <trkpt lat="60.23231" lon="24.905042"><ele>41.2</ele></trkpt>
      <trkpt lat="60.232312" lon="24.905125"><ele>40.8</ele></trkpt>
      <trkpt lat="60.232322" lon="24.905182"><ele>40.6</ele></trkpt>
      <trkpt lat="60.232337" lon="24.905252"><ele>40.6</ele></trkpt>
      <trkpt lat="60.232355" lon="24.905325"><ele>40.8</ele></trkpt>
      <trkpt lat="60.232372" lon="24.905393"><ele>40.6</ele></trkpt>
      <trkpt lat="60.232373" lon="24.905467"><ele>40.6</ele></trkpt>
      <trkpt lat="60.23237" lon="24.905542"><ele>40.4</ele></trkpt>
      <trkpt lat="60.232372" lon="24.905617"><ele>40.4</ele></trkpt>
      <trkpt lat="60.232377" lon="24.905695"><ele>40.4</ele></trkpt>
      <trkpt lat="60.232382" lon="24.905772"><ele>40.4</ele></trkpt>
      <trkpt lat="60.232385" lon="24.905847"><ele>40.4</ele></trkpt>
      <trkpt lat="60.232387" lon="24.905925"><ele>40.4</ele></trkpt>
      <trkpt lat="60.232387" lon="24.906002"><ele>40.2</ele></trkpt>
      <trkpt lat="60.232382" lon="24.906085"><ele>40.2</ele></trkpt>
      <trkpt lat="60.232372" lon="24.906165"><ele>40.2</ele></trkpt>
      <trkpt lat="60.232362" lon="24.906247"><ele>40.2</ele></trkpt>
      <trkpt lat="60.232352" lon="24.906327"><ele>40.2</ele></trkpt>
      <trkpt lat="60.232347" lon="24.906412"><ele>40</ele></trkpt>
      <trkpt lat="60.232342" lon="24.9065"><ele>39.8</ele></trkpt>
      <trkpt lat="60.23234" lon="24.906587"><ele>39.6</ele></trkpt>
      <trkpt lat="60.232337" lon="24.906677"><ele>39.4</ele></trkpt>
      <trkpt lat="60.232327" lon="24.906757"><ele>39</ele></trkpt>
      <trkpt lat="60.232322" lon="24.906825"><ele>38.8</ele></trkpt>
      <trkpt lat="60.232325" lon="24.906877"><ele>38.4</ele></trkpt>
      <trkpt lat="60.232325" lon="24.906917"><ele>38.2</ele></trkpt>
      <trkpt lat="60.232337" lon="24.906967"><ele>38</ele></trkpt>
      <trkpt lat="60.232345" lon="24.907022"><ele>38</ele></trkpt>
      <trkpt lat="60.232347" lon="24.907072"><ele>38.2</ele></trkpt>
      <trkpt lat="60.232332" lon="24.907105"><ele>38.2</ele></trkpt>
      <trkpt lat="60.232297" lon="24.907102"><ele>38.2</ele></trkpt>
      <trkpt lat="60.232275" lon="24.907075"><ele>38.2</ele></trkpt>
      <trkpt lat="60.232257" lon="24.907047"><ele>38.2</ele></trkpt>
      <trkpt lat="60.232235" lon="24.90703"><ele>38.4</ele></trkpt>
      <trkpt lat="60.232205" lon="24.90699"><ele>38.6</ele></trkpt>
      <trkpt lat="60.23219" lon="24.90696"><ele>38.8</ele></trkpt>
      <trkpt lat="60.232172" lon="24.906932"><ele>38.8</ele></trkpt>
      <trkpt lat="60.232152" lon="24.906905"><ele>38.8</ele></trkpt>
      <trkpt lat="60.23213" lon="24.906887"><ele>38.8</ele></trkpt>
      <trkpt lat="60.232107" lon="24.906882"><ele>38.8</ele></trkpt>
      <trkpt lat="60.232082" lon="24.906887"><ele>38.6</ele></trkpt>
      <trkpt lat="60.23206" lon="24.9069"><ele>38.4</ele></trkpt>
      <trkpt lat="60.232037" lon="24.90692"><ele>38.4</ele></trkpt>
      <trkpt lat="60.232015" lon="24.906937"><ele>38.2</ele></trkpt>
      <trkpt lat="60.231997" lon="24.906962"><ele>38.2</ele></trkpt>
      <trkpt lat="60.23198" lon="24.906987"><ele>38</ele></trkpt>
      <trkpt lat="60.231975" lon="24.907037"><ele>38</ele></trkpt>
      <trkpt lat="60.231987" lon="24.907067"><ele>38</ele></trkpt>
      <trkpt lat="60.231997" lon="24.9071"><ele>38</ele></trkpt>
      <trkpt lat="60.23202" lon="24.907117"><ele>37.8</ele></trkpt>
      <trkpt lat="60.232042" lon="24.907137"><ele>37.6</ele></trkpt>
      <trkpt lat="60.232062" lon="24.907177"><ele>37.4</ele></trkpt>
      <trkpt lat="60.232062" lon="24.90722"><ele>37.2</ele></trkpt>
      <trkpt lat="60.232062" lon="24.90726"><ele>37</ele></trkpt>
      <trkpt lat="60.23206" lon="24.907335"><ele>36.8</ele></trkpt>
      <trkpt lat="60.232062" lon="24.907392"><ele>36.4</ele></trkpt>
      <trkpt lat="60.232062" lon="24.907447"><ele>36.2</ele></trkpt>
      <trkpt lat="60.232055" lon="24.907497"><ele>36</ele></trkpt>
      <trkpt lat="60.232057" lon="24.907537"><ele>35.6</ele></trkpt>
      <trkpt lat="60.232062" lon="24.907572"><ele>35.4</ele></trkpt>
      <trkpt lat="60.232065" lon="24.907612"><ele>35.2</ele></trkpt>
      <trkpt lat="60.232062" lon="24.907652"><ele>35</ele></trkpt>
      <trkpt lat="60.232062" lon="24.907697"><ele>34.8</ele></trkpt>
      <trkpt lat="60.23206" lon="24.90775"><ele>34.6</ele></trkpt>
      <trkpt lat="60.232052" lon="24.907802"><ele>34.6</ele></trkpt>
      <trkpt lat="60.232037" lon="24.907847"><ele>34.6</ele></trkpt>
      <trkpt lat="60.232017" lon="24.907892"><ele>34.6</ele></trkpt>
      <trkpt lat="60.231987" lon="24.907905"><ele>34.6</ele></trkpt>
      <trkpt lat="60.231957" lon="24.90789"><ele>34.4</ele></trkpt>
      <trkpt lat="60.231927" lon="24.907847"><ele>34.4</ele></trkpt>
      <trkpt lat="60.2319" lon="24.907802"><ele>34.4</ele></trkpt>
      <trkpt lat="60.231862" lon="24.907762"><ele>34.4</ele></trkpt>
      <trkpt lat="60.231827" lon="24.907712"><ele>34.2</ele></trkpt>
      <trkpt lat="60.231787" lon="24.907665"><ele>34.4</ele></trkpt>
      <trkpt lat="60.231747" lon="24.907615"><ele>34.4</ele></trkpt>
      <trkpt lat="60.23171" lon="24.907552"><ele>34.2</ele></trkpt>
      <trkpt lat="60.231672" lon="24.907485"><ele>34</ele></trkpt>
      <trkpt lat="60.231632" lon="24.90742"><ele>33.8</ele></trkpt>
      <trkpt lat="60.231597" lon="24.90737"><ele>33.6</ele></trkpt>
      <trkpt lat="60.231562" lon="24.907375"><ele>33.4</ele></trkpt>
      <trkpt lat="60.231532" lon="24.907415"><ele>33.4</ele></trkpt>
      <trkpt lat="60.231497" lon="24.907487"><ele>33.2</ele></trkpt>
      <trkpt lat="60.23145" lon="24.907537"><ele>32.8</ele></trkpt>
      <trkpt lat="60.23141" lon="24.907597"><ele>32.6</ele></trkpt>
      <trkpt lat="60.231387" lon="24.907672"><ele>32.2</ele></trkpt>
      <trkpt lat="60.231357" lon="24.907747"><ele>31.8</ele></trkpt>
      <trkpt lat="60.231327" lon="24.907765"><ele>31.2</ele></trkpt>
      <trkpt lat="60.231292" lon="24.907762"><ele>30.8</ele></trkpt>
      <trkpt lat="60.231262" lon="24.907747"><ele>30.4</ele></trkpt>
      <trkpt lat="60.231212" lon="24.907743"><ele>30.2</ele></trkpt>
      <trkpt lat="60.231162" lon="24.907755"><ele>30</ele></trkpt>
      <trkpt lat="60.231112" lon="24.907812"><ele>29.8</ele></trkpt>
      <trkpt lat="60.231065" lon="24.90787"><ele>29.8</ele></trkpt>
      <trkpt lat="60.231007" lon="24.90791"><ele>29.6</ele></trkpt>
      <trkpt lat="60.230952" lon="24.90793"><ele>29.4</ele></trkpt>
      <trkpt lat="60.230915" lon="24.90798"><ele>29.4</ele></trkpt>
      <trkpt lat="60.23088" lon="24.908027"><ele>29.4</ele></trkpt>
      <trkpt lat="60.230862" lon="24.908077"><ele>29.4</ele></trkpt>
      <trkpt lat="60.230832" lon="24.908137"><ele>29.4</ele></trkpt>
      <trkpt lat="60.230817" lon="24.908202"><ele>29.4</ele></trkpt>
      <trkpt lat="60.230807" lon="24.908245"><ele>29.4</ele></trkpt>
      <trkpt lat="60.230792" lon="24.908282"><ele>29.6</ele></trkpt>
      <trkpt lat="60.230777" lon="24.908335"><ele>29.6</ele></trkpt>
      <trkpt lat="60.230767" lon="24.908377"><ele>29.6</ele></trkpt>
      <trkpt lat="60.230757" lon="24.908432"><ele>29.6</ele></trkpt>
      <trkpt lat="60.230745" lon="24.908487"><ele>29.8</ele></trkpt>
      <trkpt lat="60.230737" lon="24.908537"><ele>29.8</ele></trkpt>
      <trkpt lat="60.230732" lon="24.908602"><ele>29.6</ele></trkpt>
      <trkpt lat="60.230725" lon="24.90869"><ele>29.6</ele></trkpt>
      <trkpt lat="60.230705" lon="24.908782"><ele>29.8</ele></trkpt>
      <trkpt lat="60.230672" lon="24.908865"><ele>29.8</ele></trkpt>
      <trkpt lat="60.230622" lon="24.908895"><ele>29.8</ele></trkpt>
      <trkpt lat="60.230577" lon="24.908918"><ele>30</ele></trkpt>
      <trkpt lat="60.23054" lon="24.908975"><ele>29.8</ele></trkpt>
      <trkpt lat="60.2305" lon="24.909065"><ele>29.8</ele></trkpt>
      <trkpt lat="60.23046" lon="24.909167"><ele>29.8</ele></trkpt>
      <trkpt lat="60.23041" lon="24.909245"><ele>29.6</ele></trkpt>
      <trkpt lat="60.230367" lon="24.909337"><ele>29.6</ele></trkpt>
      <trkpt lat="60.230322" lon="24.90943"><ele>29.4</ele></trkpt>
      <trkpt lat="60.230267" lon="24.909497"><ele>29.2</ele></trkpt>
      <trkpt lat="60.230205" lon="24.909567"><ele>28.8</ele></trkpt>
      <trkpt lat="60.230152" lon="24.90961"><ele>28.4</ele></trkpt>
      <trkpt lat="60.230095" lon="24.909657"><ele>28</ele></trkpt>
      <trkpt lat="60.230035" lon="24.909707"><ele>27.6</ele></trkpt>
      <trkpt lat="60.229985" lon="24.909747"><ele>27</ele></trkpt>
      <trkpt lat="60.229937" lon="24.909782"><ele>26.6</ele></trkpt>
      <trkpt lat="60.229887" lon="24.909827"><ele>26</ele></trkpt>
      <trkpt lat="60.229847" lon="24.909877"><ele>25.4</ele></trkpt>
      <trkpt lat="60.229832" lon="24.909942"><ele>24.8</ele></trkpt>
      <trkpt lat="60.229827" lon="24.910012"><ele>24.4</ele></trkpt>
      <trkpt lat="60.229827" lon="24.910093"><ele>23.8</ele></trkpt>
      <trkpt lat="60.229837" lon="24.910177"><ele>23.6</ele></trkpt>
      <trkpt lat="60.22985" lon="24.910265"><ele>23.4</ele></trkpt>
      <trkpt lat="60.229867" lon="24.910342"><ele>23.2</ele></trkpt>
      <trkpt lat="60.229887" lon="24.910425"><ele>23.2</ele></trkpt>
      <trkpt lat="60.229907" lon="24.910507"><ele>23</ele></trkpt>
      <trkpt lat="60.229927" lon="24.910587"><ele>23</ele></trkpt>
      <trkpt lat="60.229947" lon="24.91067"><ele>23</ele></trkpt>
      <trkpt lat="60.229967" lon="24.910752"><ele>23.2</ele></trkpt>
      <trkpt lat="60.229982" lon="24.910835"><ele>23.2</ele></trkpt>
      <trkpt lat="60.229992" lon="24.910915"><ele>23.4</ele></trkpt>
      <trkpt lat="60.230007" lon="24.910987"><ele>23.4</ele></trkpt>
      <trkpt lat="60.23002" lon="24.911057"><ele>23.6</ele></trkpt>
      <trkpt lat="60.230035" lon="24.91112"><ele>23.8</ele></trkpt>
      <trkpt lat="60.230047" lon="24.911177"><ele>23.8</ele></trkpt>
      <trkpt lat="60.23006" lon="24.91124"><ele>24</ele></trkpt>
      <trkpt lat="60.230072" lon="24.911302"><ele>24.2</ele></trkpt>
      <trkpt lat="60.230085" lon="24.91136"><ele>24.4</ele></trkpt>
      <trkpt lat="60.230092" lon="24.911422"><ele>24.4</ele></trkpt>
      <trkpt lat="60.2301" lon="24.911485"><ele>24.6</ele></trkpt>
      <trkpt lat="60.230097" lon="24.91156"><ele>24.6</ele></trkpt>
      <trkpt lat="60.230087" lon="24.911627"><ele>24.8</ele></trkpt>
      <trkpt lat="60.230072" lon="24.91171"><ele>24.8</ele></trkpt>
      <trkpt lat="60.230062" lon="24.911815"><ele>25</ele></trkpt>
      <trkpt lat="60.230055" lon="24.911917"><ele>25</ele></trkpt>
      <trkpt lat="60.230042" lon="24.911997"><ele>25</ele></trkpt>
      <trkpt lat="60.230035" lon="24.912067"><ele>24.6</ele></trkpt>
      <trkpt lat="60.230032" lon="24.912132"><ele>24.4</ele></trkpt>
      <trkpt lat="60.230017" lon="24.912215"><ele>24.4</ele></trkpt>
      <trkpt lat="60.229987" lon="24.912287"><ele>24.4</ele></trkpt>
      <trkpt lat="60.229957" lon="24.912352"><ele>24.4</ele></trkpt>
      <trkpt lat="60.22992" lon="24.912417"><ele>24.4</ele></trkpt>
      <trkpt lat="60.229885" lon="24.912492"><ele>24.2</ele></trkpt>
      <trkpt lat="60.22986" lon="24.912565"><ele>23.8</ele></trkpt>
      <trkpt lat="60.229832" lon="24.912652"><ele>23.4</ele></trkpt>
      <trkpt lat="60.229797" lon="24.912727"><ele>23</ele></trkpt>
      <trkpt lat="60.229747" lon="24.91277"><ele>22.6</ele></trkpt>
      <trkpt lat="60.229702" lon="24.912787"><ele>22</ele></trkpt>
      <trkpt lat="60.229665" lon="24.912842"><ele>21.6</ele></trkpt>
      <trkpt lat="60.22964" lon="24.912915"><ele>21</ele></trkpt>
      <trkpt lat="60.229635" lon="24.91299"><ele>20.6</ele></trkpt>
      <trkpt lat="60.229637" lon="24.913082"><ele>20</ele></trkpt>
      <trkpt lat="60.22964" lon="24.913165"><ele>19.6</ele></trkpt>
      <trkpt lat="60.229632" lon="24.913232"><ele>19.2</ele></trkpt>
      <trkpt lat="60.229617" lon="24.913277"><ele>19.2</ele></trkpt>
      <trkpt lat="60.229602" lon="24.913317"><ele>19</ele></trkpt>
      <trkpt lat="60.22958" lon="24.913357"><ele>19</ele></trkpt>
      <trkpt lat="60.229552" lon="24.913387"><ele>19.2</ele></trkpt>
      <trkpt lat="60.229527" lon="24.913422"><ele>19.2</ele></trkpt>
      <trkpt lat="60.229497" lon="24.913462"><ele>19.2</ele></trkpt>
      <trkpt lat="60.22947" lon="24.913497"><ele>19.4</ele></trkpt>
      <trkpt lat="60.229442" lon="24.913525"><ele>19.4</ele></trkpt>
      <trkpt lat="60.229412" lon="24.913557"><ele>19.6</ele></trkpt>
      <trkpt lat="60.22938" lon="24.91359"><ele>19.8</ele></trkpt>
      <trkpt lat="60.229347" lon="24.913617"><ele>20</ele></trkpt>
      <trkpt lat="60.229312" lon="24.913642"><ele>20.2</ele></trkpt>
      <trkpt lat="60.229277" lon="24.913667"><ele>20.4</ele></trkpt>
      <trkpt lat="60.229242" lon="24.913697"><ele>20.4</ele></trkpt>
      <trkpt lat="60.229202" lon="24.913727"><ele>20.6</ele></trkpt>
      <trkpt lat="60.229165" lon="24.913757"><ele>20.6</ele></trkpt>
      <trkpt lat="60.229125" lon="24.91379"><ele>20.8</ele></trkpt>
      <trkpt lat="60.229082" lon="24.913827"><ele>20.8</ele></trkpt>
      <trkpt lat="60.229035" lon="24.913862"><ele>20.8</ele></trkpt>
      <trkpt lat="60.228987" lon="24.9139"><ele>20.6</ele></trkpt>
      <trkpt lat="60.228932" lon="24.913945"><ele>20.4</ele></trkpt>
      <trkpt lat="60.228872" lon="24.914002"><ele>20.2</ele></trkpt>
      <trkpt lat="60.228813" lon="24.914057"><ele>20</ele></trkpt>
      <trkpt lat="60.228742" lon="24.91412"><ele>19.6</ele></trkpt>
      <trkpt lat="60.228667" lon="24.914182"><ele>19.2</ele></trkpt>
      <trkpt lat="60.228605" lon="24.91424"><ele>18.6</ele></trkpt>
      <trkpt lat="60.228562" lon="24.914307"><ele>18.4</ele></trkpt>
      <trkpt lat="60.22854" lon="24.914372"><ele>17.8</ele></trkpt>
      <trkpt lat="60.228537" lon="24.914432"><ele>17</ele></trkpt>
      <trkpt lat="60.228565" lon="24.914462"><ele>16.4</ele></trkpt>
      <trkpt lat="60.228595" lon="24.914483"><ele>15.8</ele></trkpt>
      <trkpt lat="60.22863" lon="24.914502"><ele>15.6</ele></trkpt>
      <trkpt lat="60.228667" lon="24.914522"><ele>15.4</ele></trkpt>
      <trkpt lat="60.228712" lon="24.914537"><ele>15.2</ele></trkpt>
      <trkpt lat="60.228755" lon="24.914545"><ele>15.2</ele></trkpt>
      <trkpt lat="60.2288" lon="24.914547"><ele>15</ele></trkpt>
      <trkpt lat="60.228847" lon="24.914545"><ele>15</ele></trkpt>
      <trkpt lat="60.228892" lon="24.914547"><ele>15</ele></trkpt>
      <trkpt lat="60.22894" lon="24.914537"><ele>15</ele></trkpt>
      <trkpt lat="60.228977" lon="24.914512"><ele>15</ele></trkpt>
      <trkpt lat="60.229015" lon="24.914465"><ele>15</ele></trkpt>
      <trkpt lat="60.229047" lon="24.914392"><ele>14.8</ele></trkpt>
      <trkpt lat="60.229062" lon="24.91431"><ele>14.8</ele></trkpt>
      <trkpt lat="60.229077" lon="24.914227"><ele>14.6</ele></trkpt>
      <trkpt lat="60.229087" lon="24.91415"><ele>14.4</ele></trkpt>
      <trkpt lat="60.2291" lon="24.914072"><ele>14.4</ele></trkpt>
      <trkpt lat="60.229102" lon="24.914007"><ele>14.4</ele></trkpt>
      <trkpt lat="60.22909" lon="24.913955"><ele>14.4</ele></trkpt>
      <trkpt lat="60.22906" lon="24.913922"><ele>14.4</ele></trkpt>
      <trkpt lat="60.22903" lon="24.913902"><ele>14.4</ele></trkpt>
      <trkpt lat="60.228995" lon="24.913885"><ele>14.2</ele></trkpt>
      <trkpt lat="60.228955" lon="24.913862"><ele>14</ele></trkpt>
      <trkpt lat="60.228912" lon="24.913822"><ele>14</ele></trkpt>
      <trkpt lat="60.22887" lon="24.913765"><ele>14</ele></trkpt>
      <trkpt lat="60.228827" lon="24.9137"><ele>13.8</ele></trkpt>
      <trkpt lat="60.2288" lon="24.91362"><ele>13.8</ele></trkpt>
      <trkpt lat="60.228802" lon="24.913552"><ele>13.6</ele></trkpt>
      <trkpt lat="60.228802" lon="24.913487"><ele>13.6</ele></trkpt>
      <trkpt lat="60.228797" lon="24.913422"><ele>13.6</ele></trkpt>
      <trkpt lat="60.228787" lon="24.913345"><ele>13.6</ele></trkpt>
      <trkpt lat="60.228755" lon="24.913292"><ele>13.6</ele></trkpt>
      <trkpt lat="60.22872" lon="24.913255"><ele>13.4</ele></trkpt>
      <trkpt lat="60.228677" lon="24.913232"><ele>13.4</ele></trkpt>
      <trkpt lat="60.228637" lon="24.913195"><ele>13.4</ele></trkpt>
      <trkpt lat="60.228597" lon="24.913157"><ele>13.4</ele></trkpt>
      <trkpt lat="60.228557" lon="24.913145"><ele>13.4</ele></trkpt>
      <trkpt lat="60.228522" lon="24.913117"><ele>13.4</ele></trkpt>
      <trkpt lat="60.228495" lon="24.913048"><ele>13.6</ele></trkpt>
      <trkpt lat="60.228482" lon="24.912972"><ele>13.4</ele></trkpt>
      <trkpt lat="60.228465" lon="24.912917"><ele>13.6</ele></trkpt>
      <trkpt lat="60.228433" lon="24.912885"><ele>13.6</ele></trkpt>
      <trkpt lat="60.228387" lon="24.912852"><ele>13.6</ele></trkpt>
      <trkpt lat="60.22834" lon="24.912797"><ele>13.6</ele></trkpt>
      <trkpt lat="60.228292" lon="24.912742"><ele>13.6</ele></trkpt>
      <trkpt lat="60.228237" lon="24.912695"><ele>13.6</ele></trkpt>
      <trkpt lat="60.22818" lon="24.912667"><ele>13.6</ele></trkpt>
      <trkpt lat="60.228122" lon="24.912642"><ele>13.4</ele></trkpt>
      <trkpt lat="60.228065" lon="24.912612"><ele>13.4</ele></trkpt>
      <trkpt lat="60.228012" lon="24.91261"><ele>13.2</ele></trkpt>
      <trkpt lat="60.227965" lon="24.912632"><ele>13.2</ele></trkpt>
      <trkpt lat="60.22792" lon="24.912662"><ele>13.2</ele></trkpt>
      <trkpt lat="60.22788" lon="24.912652"><ele>13.2</ele></trkpt>
      <trkpt lat="60.227837" lon="24.912615"><ele>13.2</ele></trkpt>
      <trkpt lat="60.227797" lon="24.912595"><ele>13.2</ele></trkpt>
      <trkpt lat="60.227765" lon="24.912622"><ele>13.2</ele></trkpt>
      <trkpt lat="60.227732" lon="24.912675"><ele>13.2</ele></trkpt>
      <trkpt lat="60.227702" lon="24.912737"><ele>13.2</ele></trkpt>
      <trkpt lat="60.227662" lon="24.912802"><ele>13.2</ele></trkpt>
      <trkpt lat="60.227627" lon="24.912867"><ele>13.2</ele></trkpt>
      <trkpt lat="60.227592" lon="24.912942"><ele>13.2</ele></trkpt>
      <trkpt lat="60.227552" lon="24.912985"><ele>13</ele></trkpt>
      <trkpt lat="60.227517" lon="24.913025"><ele>13</ele></trkpt>
      <trkpt lat="60.227482" lon="24.913067"><ele>13</ele></trkpt>
      <trkpt lat="60.227447" lon="24.9131"><ele>13</ele></trkpt>
      <trkpt lat="60.227417" lon="24.913132"><ele>12.8</ele></trkpt>
      <trkpt lat="60.227387" lon="24.913175"><ele>12.8</ele></trkpt>
      <trkpt lat="60.227362" lon="24.913222"><ele>12.8</ele></trkpt>
      <trkpt lat="60.227342" lon="24.913267"><ele>12.6</ele></trkpt>
      <trkpt lat="60.227332" lon="24.913307"><ele>12.6</ele></trkpt>
      <trkpt lat="60.227337" lon="24.91339"><ele>12.8</ele></trkpt>
      <trkpt lat="60.227332" lon="24.913452"><ele>13</ele></trkpt>
      <trkpt lat="60.227322" lon="24.913527"><ele>13.2</ele></trkpt>
      <trkpt lat="60.22731" lon="24.913602"><ele>13.4</ele></trkpt>
      <trkpt lat="60.227297" lon="24.913677"><ele>13.4</ele></trkpt>
      <trkpt lat="60.227282" lon="24.913757"><ele>13.4</ele></trkpt>
      <trkpt lat="60.22726" lon="24.913837"><ele>13.4</ele></trkpt>
      <trkpt lat="60.227222" lon="24.913895"><ele>13.6</ele></trkpt>
      <trkpt lat="60.227182" lon="24.913927"><ele>13.6</ele></trkpt>
      <trkpt lat="60.227147" lon="24.913967"><ele>13.6</ele></trkpt>
      <trkpt lat="60.227112" lon="24.91398"><ele>13.6</ele></trkpt>
      <trkpt lat="60.227067" lon="24.913942"><ele>13.6</ele></trkpt>
      <trkpt lat="60.227022" lon="24.91391"><ele>13.6</ele></trkpt>
      <trkpt lat="60.226977" lon="24.91391"><ele>13.6</ele></trkpt>
      <trkpt lat="60.226932" lon="24.913907"><ele>13.6</ele></trkpt>
      <trkpt lat="60.226882" lon="24.913882"><ele>13.6</ele></trkpt>
      <trkpt lat="60.226835" lon="24.91384"><ele>13.6</ele></trkpt>
      <trkpt lat="60.226787" lon="24.913797"><ele>13.6</ele></trkpt>
      <trkpt lat="60.226747" lon="24.913742"><ele>13.6</ele></trkpt>
      <trkpt lat="60.226707" lon="24.913685"><ele>13.6</ele></trkpt>
      <trkpt lat="60.22667" lon="24.913637"><ele>13.4</ele></trkpt>
      <trkpt lat="60.226642" lon="24.913602"><ele>13.4</ele></trkpt>
      <trkpt lat="60.226618" lon="24.913557"><ele>13.4</ele></trkpt>
      <trkpt lat="60.226595" lon="24.91351"><ele>13.4</ele></trkpt>
      <trkpt lat="60.226567" lon="24.913477"><ele>13.6</ele></trkpt>
      <trkpt lat="60.226532" lon="24.913447"><ele>13.8</ele></trkpt>
      <trkpt lat="60.226502" lon="24.913445"><ele>13.8</ele></trkpt>
      <trkpt lat="60.22648" lon="24.913467"><ele>13.6</ele></trkpt>
      <trkpt lat="60.22646" lon="24.913505"><ele>13.6</ele></trkpt>
      <trkpt lat="60.22644" lon="24.913555"><ele>13.4</ele></trkpt>
      <trkpt lat="60.226422" lon="24.913597"><ele>13.4</ele></trkpt>
      <trkpt lat="60.226385" lon="24.913635"><ele>13.4</ele></trkpt>
      <trkpt lat="60.226372" lon="24.913672"><ele>13.4</ele></trkpt>
      <trkpt lat="60.226357" lon="24.913715"><ele>13.4</ele></trkpt>
      <trkpt lat="60.226332" lon="24.913767"><ele>13.4</ele></trkpt>
      <trkpt lat="60.226307" lon="24.913805"><ele>13.4</ele></trkpt>
      <trkpt lat="60.226275" lon="24.913835"><ele>13.6</ele></trkpt>
      <trkpt lat="60.226242" lon="24.91387"><ele>13.6</ele></trkpt>
      <trkpt lat="60.226212" lon="24.913902"><ele>13.6</ele></trkpt>
      <trkpt lat="60.226197" lon="24.913947"><ele>13.8</ele></trkpt>
      <trkpt lat="60.22619" lon="24.913997"><ele>13.8</ele></trkpt>
      <trkpt lat="60.226182" lon="24.91405"><ele>14</ele></trkpt>
      <trkpt lat="60.226175" lon="24.914102"><ele>14</ele></trkpt>
      <trkpt lat="60.22616" lon="24.914142"><ele>14.2</ele></trkpt>
      <trkpt lat="60.226142" lon="24.914167"><ele>14.2</ele></trkpt>
      <trkpt lat="60.226135" lon="24.9142"><ele>14.2</ele></trkpt>
      <trkpt lat="60.226125" lon="24.914245"><ele>14.2</ele></trkpt>
      <trkpt lat="60.22611" lon="24.914293"><ele>14.4</ele></trkpt>
      <trkpt lat="60.226087" lon="24.91433"><ele>14.4</ele></trkpt>
      <trkpt lat="60.226065" lon="24.914335"><ele>14.4</ele></trkpt>
      <trkpt lat="60.226042" lon="24.914352"><ele>14.4</ele></trkpt>
      <trkpt lat="60.226027" lon="24.91439"><ele>14.6</ele></trkpt>
      <trkpt lat="60.22602" lon="24.914422"><ele>14.6</ele></trkpt>
      <trkpt lat="60.22601" lon="24.91446"><ele>14.6</ele></trkpt>
      <trkpt lat="60.225997" lon="24.914497"><ele>14.6</ele></trkpt>
      <trkpt lat="60.225987" lon="24.91454"><ele>14.8</ele></trkpt>
      <trkpt lat="60.225965" lon="24.914562"><ele>14.8</ele></trkpt>
      <trkpt lat="60.22595" lon="24.914587"><ele>15</ele></trkpt>
      <trkpt lat="60.225935" lon="24.914617"><ele>15</ele></trkpt>
      <trkpt lat="60.22592" lon="24.914655"><ele>15</ele></trkpt>
      <trkpt lat="60.225905" lon="24.914697"><ele>15.2</ele></trkpt>
      <trkpt lat="60.225892" lon="24.914732"><ele>15.2</ele></trkpt>
      <trkpt lat="60.225877" lon="24.914762"><ele>15.2</ele></trkpt>
      <trkpt lat="60.225858" lon="24.914777"><ele>15.2</ele></trkpt>
      <trkpt lat="60.22584" lon="24.914792"><ele>15.2</ele></trkpt>
      <trkpt lat="60.225822" lon="24.914802"><ele>15.4</ele></trkpt>
      <trkpt lat="60.22579" lon="24.914822"><ele>15.6</ele></trkpt>
      <trkpt lat="60.22577" lon="24.914847"><ele>15.6</ele></trkpt>
      <trkpt lat="60.225755" lon="24.914885"><ele>15.6</ele></trkpt>
      <trkpt lat="60.225737" lon="24.91492"><ele>15.6</ele></trkpt>
      <trkpt lat="60.225717" lon="24.914952"><ele>15.8</ele></trkpt>
      <trkpt lat="60.225687" lon="24.914972"><ele>15.8</ele></trkpt>
      <trkpt lat="60.225667" lon="24.91499"><ele>15.8</ele></trkpt>
      <trkpt lat="60.225647" lon="24.915005"><ele>16</ele></trkpt>
      <trkpt lat="60.22563" lon="24.915025"><ele>16</ele></trkpt>
      <trkpt lat="60.225612" lon="24.91505"><ele>16</ele></trkpt>
      <trkpt lat="60.225592" lon="24.91508"><ele>16.2</ele></trkpt>
      <trkpt lat="60.225572" lon="24.915107"><ele>16.2</ele></trkpt>
      <trkpt lat="60.225552" lon="24.915127"><ele>16.4</ele></trkpt>
      <trkpt lat="60.225525" lon="24.915167"><ele>16.6</ele></trkpt>
      <trkpt lat="60.225512" lon="24.915195"><ele>16.6</ele></trkpt>
      <trkpt lat="60.22549" lon="24.915217"><ele>16.8</ele></trkpt>
      <trkpt lat="60.225472" lon="24.915247"><ele>16.8</ele></trkpt>
      <trkpt lat="60.225452" lon="24.915272"><ele>16.8</ele></trkpt>
      <trkpt lat="60.225435" lon="24.915292"><ele>17</ele></trkpt>
      <trkpt lat="60.225415" lon="24.915327"><ele>17</ele></trkpt>
      <trkpt lat="60.225392" lon="24.915352"><ele>17</ele></trkpt>
      <trkpt lat="60.225372" lon="24.915372"><ele>17.2</ele></trkpt>
      <trkpt lat="60.225347" lon="24.915405"><ele>17.2</ele></trkpt>
      <trkpt lat="60.225307" lon="24.915417"><ele>17.4</ele></trkpt>
      <trkpt lat="60.225282" lon="24.91541"><ele>17.6</ele></trkpt>
      <trkpt lat="60.225252" lon="24.915405"><ele>17.8</ele></trkpt>
      <trkpt lat="60.225222" lon="24.915405"><ele>17.8</ele></trkpt>
      <trkpt lat="60.225187" lon="24.9154"><ele>17.8</ele></trkpt>
      <trkpt lat="60.225167" lon="24.915397"><ele>17.8</ele></trkpt>
      <trkpt lat="60.225142" lon="24.91541"><ele>17.8</ele></trkpt>
      <trkpt lat="60.225117" lon="24.915427"><ele>17.8</ele></trkpt>
      <trkpt lat="60.225092" lon="24.91545"><ele>17.8</ele></trkpt>
      <trkpt lat="60.22507" lon="24.915477"><ele>17.6</ele></trkpt>
      <trkpt lat="60.22505" lon="24.915512"><ele>17.6</ele></trkpt>
      <trkpt lat="60.225035" lon="24.915552"><ele>17.6</ele></trkpt>
      <trkpt lat="60.225028" lon="24.915595"><ele>17.6</ele></trkpt>
      <trkpt lat="60.225022" lon="24.915647"><ele>17.6</ele></trkpt>
      <trkpt lat="60.225002" lon="24.91568"><ele>17.8</ele></trkpt>
      <trkpt lat="60.224977" lon="24.915697"><ele>18.2</ele></trkpt>
      <trkpt lat="60.224965" lon="24.915732"><ele>18.8</ele></trkpt>
      <trkpt lat="60.22495" lon="24.915787"><ele>19.2</ele></trkpt>
      <trkpt lat="60.224943" lon="24.915825"><ele>19.4</ele></trkpt>
      <trkpt lat="60.22494" lon="24.915872"><ele>19.6</ele></trkpt>
      <trkpt lat="60.224937" lon="24.915922"><ele>19.6</ele></trkpt>
      <trkpt lat="60.224937" lon="24.915972"><ele>19.6</ele></trkpt>
      <trkpt lat="60.22494" lon="24.916017"><ele>19.6</ele></trkpt>
      <trkpt lat="60.224937" lon="24.916065"><ele>20</ele></trkpt>
      <trkpt lat="60.224937" lon="24.91612"><ele>20.2</ele></trkpt>
      <trkpt lat="60.22493" lon="24.916172"><ele>20.4</ele></trkpt>
      <trkpt lat="60.224927" lon="24.916217"><ele>20.4</ele></trkpt>
      <trkpt lat="60.224922" lon="24.916275"><ele>20.6</ele></trkpt>
      <trkpt lat="60.22492" lon="24.91634"><ele>20.6</ele></trkpt>
      <trkpt lat="60.224922" lon="24.91641"><ele>20.8</ele></trkpt>
      <trkpt lat="60.224922" lon="24.916472"><ele>21</ele></trkpt>
      <trkpt lat="60.224925" lon="24.916512"><ele>21.2</ele></trkpt>
      <trkpt lat="60.224932" lon="24.916557"><ele>21.2</ele></trkpt>
      <trkpt lat="60.224942" lon="24.916602"><ele>21.2</ele></trkpt>
      <trkpt lat="60.22495" lon="24.91665"><ele>21.4</ele></trkpt>
      <trkpt lat="60.224957" lon="24.916697"><ele>21.6</ele></trkpt>
      <trkpt lat="60.224962" lon="24.916747"><ele>21.8</ele></trkpt>
      <trkpt lat="60.224972" lon="24.91679"><ele>22</ele></trkpt>
      <trkpt lat="60.224982" lon="24.916827"><ele>22.2</ele></trkpt>
      <trkpt lat="60.224995" lon="24.916865"><ele>22.4</ele></trkpt>
      <trkpt lat="60.22501" lon="24.9169"><ele>22.4</ele></trkpt>
      <trkpt lat="60.225027" lon="24.916932"><ele>22.6</ele></trkpt>
      <trkpt lat="60.225037" lon="24.916972"><ele>22.8</ele></trkpt>
      <trkpt lat="60.225032" lon="24.917032"><ele>23.2</ele></trkpt>
      <trkpt lat="60.225042" lon="24.91708"><ele>23.8</ele></trkpt>
      <trkpt lat="60.225047" lon="24.917152"><ele>24.2</ele></trkpt>
      <trkpt lat="60.22504" lon="24.917187"><ele>24.2</ele></trkpt>
      <trkpt lat="60.225022" lon="24.917247"><ele>24.4</ele></trkpt>
      <trkpt lat="60.22501" lon="24.91731"><ele>24.6</ele></trkpt>
      <trkpt lat="60.225002" lon="24.917342"><ele>24.8</ele></trkpt>
      <trkpt lat="60.22499" lon="24.917397"><ele>25.2</ele></trkpt>
      <trkpt lat="60.224977" lon="24.917437"><ele>25.6</ele></trkpt>
      <trkpt lat="60.224982" lon="24.917482"><ele>26</ele></trkpt>
      <trkpt lat="60.225002" lon="24.917492"><ele>26.2</ele></trkpt>
      <trkpt lat="60.225007" lon="24.917567"><ele>26.6</ele></trkpt>
      <trkpt lat="60.225007" lon="24.917627"><ele>26.6</ele></trkpt>
      <trkpt lat="60.224997" lon="24.917662"><ele>26.8</ele></trkpt>
      <trkpt lat="60.224987" lon="24.917712"><ele>27.2</ele></trkpt>
      <trkpt lat="60.224957" lon="24.917737"><ele>27.4</ele></trkpt>
      <trkpt lat="60.224942" lon="24.917762"><ele>27.6</ele></trkpt>
      <trkpt lat="60.224927" lon="24.917797"><ele>27.8</ele></trkpt>
      <trkpt lat="60.224912" lon="24.917827"><ele>28</ele></trkpt>
      <trkpt lat="60.224902" lon="24.917862"><ele>28</ele></trkpt>
      <trkpt lat="60.224887" lon="24.917897"><ele>28</ele></trkpt>
      <trkpt lat="60.224872" lon="24.91793"><ele>28.2</ele></trkpt>
      <trkpt lat="60.224847" lon="24.91796"><ele>28.4</ele></trkpt>
      <trkpt lat="60.224827" lon="24.917992"><ele>28.6</ele></trkpt>
      <trkpt lat="60.224805" lon="24.918027"><ele>28.8</ele></trkpt>
      <trkpt lat="60.224775" lon="24.91807"><ele>29</ele></trkpt>
      <trkpt lat="60.22475" lon="24.918117"><ele>29.2</ele></trkpt>
      <trkpt lat="60.224712" lon="24.918152"><ele>29.6</ele></trkpt>
      <trkpt lat="60.224695" lon="24.918163"><ele>29.6</ele></trkpt>
      <trkpt lat="60.224662" lon="24.918205"><ele>30</ele></trkpt>
      <trkpt lat="60.224642" lon="24.918225"><ele>30.2</ele></trkpt>
      <trkpt lat="60.224617" lon="24.918242"><ele>30.2</ele></trkpt>
      <trkpt lat="60.224595" lon="24.918262"><ele>30.4</ele></trkpt>
      <trkpt lat="60.224572" lon="24.91828"><ele>30.4</ele></trkpt>
      <trkpt lat="60.224547" lon="24.918312"><ele>30.6</ele></trkpt>
      <trkpt lat="60.224522" lon="24.918353"><ele>30.8</ele></trkpt>
      <trkpt lat="60.224507" lon="24.918402"><ele>30.8</ele></trkpt>
      <trkpt lat="60.224492" lon="24.918422"><ele>30.8</ele></trkpt>
      <trkpt lat="60.224475" lon="24.918462"><ele>30.8</ele></trkpt>
      <trkpt lat="60.224467" lon="24.918527"><ele>31.2</ele></trkpt>
      <trkpt lat="60.224462" lon="24.91857"><ele>31.2</ele></trkpt>
      <trkpt lat="60.224457" lon="24.918613"><ele>31.2</ele></trkpt>
      <trkpt lat="60.224452" lon="24.91866"><ele>31.2</ele></trkpt>
      <trkpt lat="60.22445" lon="24.9187"><ele>31.4</ele></trkpt>
      <trkpt lat="60.224452" lon="24.918742"><ele>31.6</ele></trkpt>
      <trkpt lat="60.224457" lon="24.918787"><ele>31.6</ele></trkpt>
      <trkpt lat="60.22446" lon="24.918832"><ele>31.8</ele></trkpt>
      <trkpt lat="60.22446" lon="24.91889"><ele>32</ele></trkpt>
      <trkpt lat="60.224462" lon="24.918947"><ele>32</ele></trkpt>
      <trkpt lat="60.224467" lon="24.919002"><ele>32.2</ele></trkpt>
      <trkpt lat="60.224477" lon="24.919052"><ele>32.2</ele></trkpt>
      <trkpt lat="60.224482" lon="24.9191"><ele>32.2</ele></trkpt>
      <trkpt lat="60.22448" lon="24.91914"><ele>32.4</ele></trkpt>
      <trkpt lat="60.224467" lon="24.919202"><ele>32.4</ele></trkpt>
      <trkpt lat="60.224442" lon="24.919262"><ele>32.6</ele></trkpt>
      <trkpt lat="60.224432" lon="24.919302"><ele>32.6</ele></trkpt>
      <trkpt lat="60.224422" lon="24.919345"><ele>32.8</ele></trkpt>
      <trkpt lat="60.224417" lon="24.919397"><ele>33</ele></trkpt>
      <trkpt lat="60.22442" lon="24.919452"><ele>33</ele></trkpt>
      <trkpt lat="60.22443" lon="24.919507"><ele>33</ele></trkpt>
      <trkpt lat="60.224437" lon="24.919563"><ele>33</ele></trkpt>
      <trkpt lat="60.22445" lon="24.919617"><ele>33</ele></trkpt>
      <trkpt lat="60.224462" lon="24.919675"><ele>33</ele></trkpt>
      <trkpt lat="60.224462" lon="24.91974"><ele>33</ele></trkpt>
      <trkpt lat="60.224452" lon="24.919807"><ele>32.8</ele></trkpt>
      <trkpt lat="60.224442" lon="24.919855"><ele>32.6</ele></trkpt>
      <trkpt lat="60.224422" lon="24.919912"><ele>32.6</ele></trkpt>
      <trkpt lat="60.22441" lon="24.919957"><ele>32.6</ele></trkpt>
      <trkpt lat="60.22439" lon="24.919995"><ele>32.6</ele></trkpt>
      <trkpt lat="60.22438" lon="24.920037"><ele>32.6</ele></trkpt>
      <trkpt lat="60.224362" lon="24.920077"><ele>32.6</ele></trkpt>
      <trkpt lat="60.224342" lon="24.920127"><ele>32.8</ele></trkpt>
      <trkpt lat="60.224322" lon="24.92018"><ele>33.2</ele></trkpt>
      <trkpt lat="60.224307" lon="24.920242"><ele>33.4</ele></trkpt>
      <trkpt lat="60.224295" lon="24.920305"><ele>33.4</ele></trkpt>
      <trkpt lat="60.22428" lon="24.920362"><ele>33.4</ele></trkpt>
      <trkpt lat="60.224267" lon="24.920422"><ele>33.2</ele></trkpt>
      <trkpt lat="60.224252" lon="24.920487"><ele>33.2</ele></trkpt>
      <trkpt lat="60.22424" lon="24.920557"><ele>33.2</ele></trkpt>
      <trkpt lat="60.224227" lon="24.92063"><ele>33.2</ele></trkpt>
      <trkpt lat="60.224212" lon="24.9207"><ele>33.4</ele></trkpt>
      <trkpt lat="60.224195" lon="24.920767"><ele>33.4</ele></trkpt>
      <trkpt lat="60.224175" lon="24.92083"><ele>33.4</ele></trkpt>
      <trkpt lat="60.224152" lon="24.920895"><ele>33.4</ele></trkpt>
      <trkpt lat="60.224132" lon="24.920952"><ele>33.4</ele></trkpt>
      <trkpt lat="60.22411" lon="24.921007"><ele>33.4</ele></trkpt>
      <trkpt lat="60.224085" lon="24.921055"><ele>33.2</ele></trkpt>
      <trkpt lat="60.22406" lon="24.921095"><ele>33.4</ele></trkpt>
      <trkpt lat="60.224035" lon="24.921137"><ele>33.4</ele></trkpt>
      <trkpt lat="60.22401" lon="24.921175"><ele>33.4</ele></trkpt>
      <trkpt lat="60.223987" lon="24.921207"><ele>33.6</ele></trkpt>
      <trkpt lat="60.223958" lon="24.921237"><ele>33.6</ele></trkpt>
      <trkpt lat="60.223935" lon="24.921267"><ele>33.8</ele></trkpt>
      <trkpt lat="60.22391" lon="24.921292"><ele>34</ele></trkpt>
      <trkpt lat="60.223887" lon="24.921312"><ele>34.2</ele></trkpt>
      <trkpt lat="60.223865" lon="24.921335"><ele>34.4</ele></trkpt>
      <trkpt lat="60.22384" lon="24.92135"><ele>34.6</ele></trkpt>
      <trkpt lat="60.223817" lon="24.921367"><ele>34.8</ele></trkpt>
      <trkpt lat="60.223792" lon="24.921377"><ele>35</ele></trkpt>
      <trkpt lat="60.22377" lon="24.921382"><ele>35.4</ele></trkpt>
      <trkpt lat="60.223747" lon="24.921392"><ele>35.6</ele></trkpt>
      <trkpt lat="60.223722" lon="24.921412"><ele>36</ele></trkpt>
      <trkpt lat="60.223702" lon="24.92144"><ele>36.2</ele></trkpt>
      <trkpt lat="60.223685" lon="24.921477"><ele>36.6</ele></trkpt>
      <trkpt lat="60.22367" lon="24.921525"><ele>36.8</ele></trkpt>
      <trkpt lat="60.223652" lon="24.921572"><ele>37.2</ele></trkpt>
      <trkpt lat="60.223632" lon="24.921625"><ele>37.4</ele></trkpt>
      <trkpt lat="60.223612" lon="24.92168"><ele>37.6</ele></trkpt>
      <trkpt lat="60.223592" lon="24.921742"><ele>37.8</ele></trkpt>
      <trkpt lat="60.223572" lon="24.921812"><ele>38</ele></trkpt>
      <trkpt lat="60.223547" lon="24.921887"><ele>38</ele></trkpt>
      <trkpt lat="60.223517" lon="24.921972"><ele>38</ele></trkpt>
      <trkpt lat="60.22349" lon="24.922055"><ele>38</ele></trkpt>
      <trkpt lat="60.223467" lon="24.922132"><ele>38</ele></trkpt>
      <trkpt lat="60.223438" lon="24.922205"><ele>37.8</ele></trkpt>
      <trkpt lat="60.223415" lon="24.922277"><ele>37.6</ele></trkpt>
      <trkpt lat="60.22339" lon="24.92235"><ele>37.4</ele></trkpt>
      <trkpt lat="60.223362" lon="24.922422"><ele>37.4</ele></trkpt>
      <trkpt lat="60.223332" lon="24.922497"><ele>37.4</ele></trkpt>
      <trkpt lat="60.223305" lon="24.922572"><ele>37.4</ele></trkpt>
      <trkpt lat="60.223272" lon="24.922647"><ele>37.4</ele></trkpt>
      <trkpt lat="60.223245" lon="24.922727"><ele>37.2</ele></trkpt>
      <trkpt lat="60.223217" lon="24.922812"><ele>37</ele></trkpt>
      <trkpt lat="60.223187" lon="24.922897"><ele>37</ele></trkpt>
      <trkpt lat="60.223157" lon="24.922992"><ele>36.8</ele></trkpt>
      <trkpt lat="60.223115" lon="24.923087"><ele>36.8</ele></trkpt>
      <trkpt lat="60.223062" lon="24.923177"><ele>36.6</ele></trkpt>
      <trkpt lat="60.223007" lon="24.92325"><ele>36.2</ele></trkpt>
      <trkpt lat="60.222947" lon="24.923287"><ele>35.8</ele></trkpt>
      <trkpt lat="60.22289" lon="24.92332"><ele>35.4</ele></trkpt>
      <trkpt lat="60.222837" lon="24.92336"><ele>34.8</ele></trkpt>
      <trkpt lat="60.222787" lon="24.923397"><ele>34.4</ele></trkpt>
      <trkpt lat="60.222732" lon="24.923442"><ele>33.8</ele></trkpt>
      <trkpt lat="60.222682" lon="24.923475"><ele>33.4</ele></trkpt>
      <trkpt lat="60.222637" lon="24.923512"><ele>33</ele></trkpt>
      <trkpt lat="60.222597" lon="24.923572"><ele>32.6</ele></trkpt>
      <trkpt lat="60.222555" lon="24.923635"><ele>32.2</ele></trkpt>
      <trkpt lat="60.222495" lon="24.92368"><ele>31.8</ele></trkpt>
      <trkpt lat="60.22244" lon="24.923692"><ele>31.4</ele></trkpt>
      <trkpt lat="60.222392" lon="24.923702"><ele>31.2</ele></trkpt>
      <trkpt lat="60.222337" lon="24.92371"><ele>30.8</ele></trkpt>
      <trkpt lat="60.222282" lon="24.923712"><ele>30.6</ele></trkpt>
      <trkpt lat="60.222227" lon="24.923697"><ele>30.4</ele></trkpt>
      <trkpt lat="60.222177" lon="24.92368"><ele>30.2</ele></trkpt>
      <trkpt lat="60.222137" lon="24.92364"><ele>30.2</ele></trkpt>
      <trkpt lat="60.22209" lon="24.92362"><ele>30</ele></trkpt>
      <trkpt lat="60.222037" lon="24.923602"><ele>30</ele></trkpt>
      <trkpt lat="60.221985" lon="24.923582"><ele>29.8</ele></trkpt>
      <trkpt lat="60.221935" lon="24.923562"><ele>29.8</ele></trkpt>
      <trkpt lat="60.22189" lon="24.923542"><ele>29.8</ele></trkpt>
      <trkpt lat="60.22186" lon="24.923512"><ele>29.6</ele></trkpt>
      <trkpt lat="60.22184" lon="24.9235"><ele>29.8</ele></trkpt>
      <trkpt lat="60.221817" lon="24.923497"><ele>29.8</ele></trkpt>
      <trkpt lat="60.221797" lon="24.923503"><ele>30</ele></trkpt>
      <trkpt lat="60.221777" lon="24.923517"><ele>30</ele></trkpt>
      <trkpt lat="60.221755" lon="24.923525"><ele>30.4</ele></trkpt>
      <trkpt lat="60.221727" lon="24.923522"><ele>30.6</ele></trkpt>
      <trkpt lat="60.2217" lon="24.923503"><ele>31</ele></trkpt>
      <trkpt lat="60.221675" lon="24.923477"><ele>31.2</ele></trkpt>
      <trkpt lat="60.221647" lon="24.92345"><ele>31.4</ele></trkpt>
      <trkpt lat="60.221617" lon="24.923437"><ele>31.8</ele></trkpt>
      <trkpt lat="60.221585" lon="24.923447"><ele>32</ele></trkpt>
      <trkpt lat="60.221552" lon="24.923465"><ele>32.4</ele></trkpt>
      <trkpt lat="60.221517" lon="24.923472"><ele>32.4</ele></trkpt>
      <trkpt lat="60.221485" lon="24.923455"><ele>32.8</ele></trkpt>
      <trkpt lat="60.221455" lon="24.923447"><ele>33</ele></trkpt>
      <trkpt lat="60.22143" lon="24.923435"><ele>33.4</ele></trkpt>
      <trkpt lat="60.221402" lon="24.923442"><ele>33.8</ele></trkpt>
      <trkpt lat="60.221377" lon="24.923477"><ele>34</ele></trkpt>
      <trkpt lat="60.221352" lon="24.923517"><ele>34.4</ele></trkpt>
      <trkpt lat="60.221325" lon="24.923545"><ele>34.6</ele></trkpt>
      <trkpt lat="60.221295" lon="24.92355"><ele>34.6</ele></trkpt>
      <trkpt lat="60.221272" lon="24.92355"><ele>34.8</ele></trkpt>
      <trkpt lat="60.221247" lon="24.923545"><ele>34.8</ele></trkpt>
      <trkpt lat="60.221222" lon="24.923547"><ele>35</ele></trkpt>
      <trkpt lat="60.221197" lon="24.923538"><ele>35.4</ele></trkpt>
      <trkpt lat="60.221177" lon="24.92351"><ele>35.6</ele></trkpt>
      <trkpt lat="60.221158" lon="24.923477"><ele>35.8</ele></trkpt>
      <trkpt lat="60.221142" lon="24.923432"><ele>36</ele></trkpt>
      <trkpt lat="60.22113" lon="24.923372"><ele>36.2</ele></trkpt>
      <trkpt lat="60.22111" lon="24.923317"><ele>36.4</ele></trkpt>
      <trkpt lat="60.221082" lon="24.92327"><ele>36.4</ele></trkpt>
      <trkpt lat="60.221052" lon="24.923227"><ele>36.4</ele></trkpt>
      <trkpt lat="60.221022" lon="24.923192"><ele>36.4</ele></trkpt>
      <trkpt lat="60.220992" lon="24.92316"><ele>36.4</ele></trkpt>
      <trkpt lat="60.220962" lon="24.923122"><ele>36.2</ele></trkpt>
      <trkpt lat="60.22095" lon="24.923077"><ele>36.2</ele></trkpt>
      <trkpt lat="60.220932" lon="24.923045"><ele>36.2</ele></trkpt>
      <trkpt lat="60.220912" lon="24.923012"><ele>36.2</ele></trkpt>
      <trkpt lat="60.220892" lon="24.92299"><ele>36.2</ele></trkpt>
      <trkpt lat="60.220867" lon="24.922977"><ele>36.2</ele></trkpt>
      <trkpt lat="60.22084" lon="24.922982"><ele>36.2</ele></trkpt>
      <trkpt lat="60.220812" lon="24.922977"><ele>36.2</ele></trkpt>
      <trkpt lat="60.220782" lon="24.922967"><ele>36</ele></trkpt>
      <trkpt lat="60.220747" lon="24.92294"><ele>35.8</ele></trkpt>
      <trkpt lat="60.22072" lon="24.922907"><ele>35.8</ele></trkpt>
      <trkpt lat="60.220685" lon="24.922902"><ele>35.8</ele></trkpt>
      <trkpt lat="60.220657" lon="24.922895"><ele>35.8</ele></trkpt>
      <trkpt lat="60.22063" lon="24.922897"><ele>35.6</ele></trkpt>
      <trkpt lat="60.220602" lon="24.922902"><ele>35.6</ele></trkpt>
      <trkpt lat="60.220577" lon="24.922887"><ele>35.6</ele></trkpt>
      <trkpt lat="60.220562" lon="24.922837"><ele>35.6</ele></trkpt>
      <trkpt lat="60.220553" lon="24.922782"><ele>35.4</ele></trkpt>
      <trkpt lat="60.220547" lon="24.922715"><ele>35.4</ele></trkpt>
      <trkpt lat="60.220537" lon="24.922635"><ele>35.4</ele></trkpt>
      <trkpt lat="60.22052" lon="24.922552"><ele>35.4</ele></trkpt>
      <trkpt lat="60.220505" lon="24.922462"><ele>35.4</ele></trkpt>
      <trkpt lat="60.220492" lon="24.922362"><ele>35.4</ele></trkpt>
      <trkpt lat="60.220477" lon="24.92225"><ele>35.2</ele></trkpt>
      <trkpt lat="60.220462" lon="24.922135"><ele>35</ele></trkpt>
      <trkpt lat="60.220427" lon="24.922037"><ele>34.6</ele></trkpt>
      <trkpt lat="60.220377" lon="24.921977"><ele>34.2</ele></trkpt>
      <trkpt lat="60.220328" lon="24.921917"><ele>33.6</ele></trkpt>
      <trkpt lat="60.22029" lon="24.921857"><ele>33.4</ele></trkpt>
      <trkpt lat="60.220243" lon="24.921802"><ele>33</ele></trkpt>
      <trkpt lat="60.220202" lon="24.92175"><ele>33</ele></trkpt>
      <trkpt lat="60.220162" lon="24.921705"><ele>32.8</ele></trkpt>
      <trkpt lat="60.220137" lon="24.92168"><ele>32.8</ele></trkpt>
      <trkpt lat="60.220112" lon="24.92166"><ele>33.2</ele></trkpt>
      <trkpt lat="60.220092" lon="24.921657"><ele>33.4</ele></trkpt>
      <trkpt lat="60.22007" lon="24.921632"><ele>33.8</ele></trkpt>
      <trkpt lat="60.220052" lon="24.921612"><ele>34</ele></trkpt>
      <trkpt lat="60.220035" lon="24.921592"><ele>34.2</ele></trkpt>
      <trkpt lat="60.220012" lon="24.921542"><ele>34.6</ele></trkpt>
      <trkpt lat="60.220002" lon="24.921482"><ele>35</ele></trkpt>
      <trkpt lat="60.219997" lon="24.921445"><ele>35</ele></trkpt>
      <trkpt lat="60.219985" lon="24.921378"><ele>35.2</ele></trkpt>
      <trkpt lat="60.219948" lon="24.921367"><ele>35.4</ele></trkpt>
      <trkpt lat="60.219927" lon="24.921372"><ele>35.6</ele></trkpt>
      <trkpt lat="60.219902" lon="24.921375"><ele>35.6</ele></trkpt>
      <trkpt lat="60.219882" lon="24.921372"><ele>35.6</ele></trkpt>
      <trkpt lat="60.219855" lon="24.921372"><ele>35.6</ele></trkpt>
      <trkpt lat="60.219825" lon="24.92137"><ele>35.6</ele></trkpt>
      <trkpt lat="60.219797" lon="24.921367"><ele>35.4</ele></trkpt>
      <trkpt lat="60.219767" lon="24.921377"><ele>35.4</ele></trkpt>
      <trkpt lat="60.219742" lon="24.921378"><ele>35.4</ele></trkpt>
      <trkpt lat="60.219722" lon="24.921387"><ele>35.4</ele></trkpt>
      <trkpt lat="60.219702" lon="24.921387"><ele>35.4</ele></trkpt>
      <trkpt lat="60.219662" lon="24.921382"><ele>35.2</ele></trkpt>
      <trkpt lat="60.219637" lon="24.921372"><ele>35.4</ele></trkpt>
      <trkpt lat="60.21961" lon="24.921365"><ele>35.4</ele></trkpt>
      <trkpt lat="60.21958" lon="24.921365"><ele>35.4</ele></trkpt>
      <trkpt lat="60.21955" lon="24.921357"><ele>35.4</ele></trkpt>
      <trkpt lat="60.219507" lon="24.921327"><ele>35.4</ele></trkpt>
      <trkpt lat="60.219477" lon="24.921292"><ele>35.4</ele></trkpt>
      <trkpt lat="60.219452" lon="24.921247"><ele>35.4</ele></trkpt>
      <trkpt lat="60.219427" lon="24.921212"><ele>35.4</ele></trkpt>
      <trkpt lat="60.219397" lon="24.92117"><ele>35.2</ele></trkpt>
      <trkpt lat="60.219372" lon="24.921127"><ele>35.2</ele></trkpt>
      <trkpt lat="60.219352" lon="24.921107"><ele>35.2</ele></trkpt>
      <trkpt lat="60.219337" lon="24.921075"><ele>35.2</ele></trkpt>
      <trkpt lat="60.219325" lon="24.921047"><ele>35</ele></trkpt>
      <trkpt lat="60.219302" lon="24.92104"><ele>35</ele></trkpt>
      <trkpt lat="60.21928" lon="24.921057"><ele>35</ele></trkpt>
      <trkpt lat="60.219257" lon="24.921067"><ele>35</ele></trkpt>
      <trkpt lat="60.219237" lon="24.921072"><ele>35</ele></trkpt>
      <trkpt lat="60.219215" lon="24.921067"><ele>34.8</ele></trkpt>
      <trkpt lat="60.219192" lon="24.921052"><ele>34.8</ele></trkpt>
      <trkpt lat="60.21917" lon="24.92103"><ele>34.8</ele></trkpt>
      <trkpt lat="60.21915" lon="24.921017"><ele>34.8</ele></trkpt>
      <trkpt lat="60.219127" lon="24.921022"><ele>34.8</ele></trkpt>
      <trkpt lat="60.219105" lon="24.921042"><ele>34.8</ele></trkpt>
      <trkpt lat="60.219085" lon="24.921045"><ele>34.8</ele></trkpt>
      <trkpt lat="60.219062" lon="24.921032"><ele>34.6</ele></trkpt>
      <trkpt lat="60.219033" lon="24.921017"><ele>34.6</ele></trkpt>
      <trkpt lat="60.218997" lon="24.920997"><ele>34.6</ele></trkpt>
      <trkpt lat="60.218957" lon="24.920972"><ele>34.8</ele></trkpt>
      <trkpt lat="60.21891" lon="24.920952"><ele>35</ele></trkpt>
      <trkpt lat="60.21886" lon="24.920952"><ele>34.8</ele></trkpt>
      <trkpt lat="60.218802" lon="24.920932"><ele>34.8</ele></trkpt>
      <trkpt lat="60.218745" lon="24.92094"><ele>34.6</ele></trkpt>
      <trkpt lat="60.218692" lon="24.92096"><ele>34.4</ele></trkpt>
      <trkpt lat="60.218642" lon="24.920963"><ele>34.2</ele></trkpt>
      <trkpt lat="60.21859" lon="24.920972"><ele>34.2</ele></trkpt>
      <trkpt lat="60.21855" lon="24.920995"><ele>34</ele></trkpt>
      <trkpt lat="60.218507" lon="24.921"><ele>33.8</ele></trkpt>
      <trkpt lat="60.218467" lon="24.920982"><ele>33.6</ele></trkpt>
      <trkpt lat="60.218427" lon="24.920975"><ele>33.6</ele></trkpt>
      <trkpt lat="60.218382" lon="24.920985"><ele>33.4</ele></trkpt>
      <trkpt lat="60.218337" lon="24.921002"><ele>33.4</ele></trkpt>
      <trkpt lat="60.218295" lon="24.921015"><ele>33.6</ele></trkpt>
      <trkpt lat="60.218252" lon="24.921035"><ele>33.6</ele></trkpt>
      <trkpt lat="60.218212" lon="24.921057"><ele>33.8</ele></trkpt>
      <trkpt lat="60.21817" lon="24.92107"><ele>34</ele></trkpt>
      <trkpt lat="60.218127" lon="24.921087"><ele>33.8</ele></trkpt>
      <trkpt lat="60.218095" lon="24.921122"><ele>33.8</ele></trkpt>
      <trkpt lat="60.218077" lon="24.921187"><ele>33.6</ele></trkpt>
      <trkpt lat="60.218062" lon="24.921255"><ele>33.4</ele></trkpt>
      <trkpt lat="60.218042" lon="24.921292"><ele>33.4</ele></trkpt>
      <trkpt lat="60.218017" lon="24.921307"><ele>33.6</ele></trkpt>
      <trkpt lat="60.217995" lon="24.921322"><ele>33.6</ele></trkpt>
      <trkpt lat="60.217967" lon="24.921327"><ele>33.6</ele></trkpt>
      <trkpt lat="60.217942" lon="24.921355"><ele>33.6</ele></trkpt>
      <trkpt lat="60.21792" lon="24.921377"><ele>33.4</ele></trkpt>
      <trkpt lat="60.217892" lon="24.921402"><ele>33.2</ele></trkpt>
      <trkpt lat="60.21786" lon="24.921405"><ele>32.6</ele></trkpt>
      <trkpt lat="60.217827" lon="24.921385"><ele>32.2</ele></trkpt>
      <trkpt lat="60.217805" lon="24.921375"><ele>32</ele></trkpt>
      <trkpt lat="60.217787" lon="24.921357"><ele>31.8</ele></trkpt>
      <trkpt lat="60.217767" lon="24.921347"><ele>31.6</ele></trkpt>
      <trkpt lat="60.217745" lon="24.921322"><ele>31.4</ele></trkpt>
      <trkpt lat="60.217717" lon="24.921292"><ele>31.2</ele></trkpt>
      <trkpt lat="60.217687" lon="24.92125"><ele>31</ele></trkpt>
      <trkpt lat="60.217657" lon="24.921207"><ele>30.8</ele></trkpt>
      <trkpt lat="60.217635" lon="24.921162"><ele>30.4</ele></trkpt>
      <trkpt lat="60.217615" lon="24.921107"><ele>30.2</ele></trkpt>
      <trkpt lat="60.21761" lon="24.921062"><ele>29.6</ele></trkpt>
      <trkpt lat="60.217607" lon="24.921015"><ele>29.2</ele></trkpt>
      <trkpt lat="60.217607" lon="24.920977"><ele>29</ele></trkpt>
      <trkpt lat="60.217607" lon="24.920915"><ele>28.8</ele></trkpt>
      <trkpt lat="60.217602" lon="24.920862"><ele>28.8</ele></trkpt>
      <trkpt lat="60.217592" lon="24.920807"><ele>28.6</ele></trkpt>
      <trkpt lat="60.217577" lon="24.920752"><ele>28.4</ele></trkpt>
      <trkpt lat="60.217567" lon="24.920697"><ele>28.4</ele></trkpt>
      <trkpt lat="60.217557" lon="24.92064"><ele>28.2</ele></trkpt>
      <trkpt lat="60.217537" lon="24.920582"><ele>28.2</ele></trkpt>
      <trkpt lat="60.217517" lon="24.920505"><ele>28</ele></trkpt>
      <trkpt lat="60.217497" lon="24.920422"><ele>28</ele></trkpt>
      <trkpt lat="60.217472" lon="24.920332"><ele>27.8</ele></trkpt>
      <trkpt lat="60.217455" lon="24.92023"><ele>27.6</ele></trkpt>
      <trkpt lat="60.217447" lon="24.920122"><ele>27.4</ele></trkpt>
      <trkpt lat="60.217437" lon="24.920017"><ele>27.2</ele></trkpt>
      <trkpt lat="60.217422" lon="24.91993"><ele>27</ele></trkpt>
      <trkpt lat="60.217402" lon="24.919842"><ele>27.2</ele></trkpt>
      <trkpt lat="60.217395" lon="24.919757"><ele>27.2</ele></trkpt>
      <trkpt lat="60.217387" lon="24.91969"><ele>27</ele></trkpt>
      <trkpt lat="60.217377" lon="24.919627"><ele>27</ele></trkpt>
      <trkpt lat="60.217372" lon="24.919562"><ele>27</ele></trkpt>
      <trkpt lat="60.217377" lon="24.919512"><ele>27</ele></trkpt>
      <trkpt lat="60.217387" lon="24.919457"><ele>27</ele></trkpt>
      <trkpt lat="60.217402" lon="24.919407"><ele>27</ele></trkpt>
      <trkpt lat="60.217412" lon="24.919352"><ele>27</ele></trkpt>
      <trkpt lat="60.217425" lon="24.919297"><ele>27</ele></trkpt>
      <trkpt lat="60.217425" lon="24.91926"><ele>27.2</ele></trkpt>
      <trkpt lat="60.217427" lon="24.919212"><ele>27.4</ele></trkpt>
      <trkpt lat="60.217425" lon="24.919152"><ele>27.4</ele></trkpt>
      <trkpt lat="60.217422" lon="24.919092"><ele>27.6</ele></trkpt>
      <trkpt lat="60.217425" lon="24.919035"><ele>27.6</ele></trkpt>
      <trkpt lat="60.217432" lon="24.918982"><ele>27.6</ele></trkpt>
      <trkpt lat="60.217447" lon="24.918927"><ele>27.8</ele></trkpt>
      <trkpt lat="60.217465" lon="24.918872"><ele>27.6</ele></trkpt>
      <trkpt lat="60.21749" lon="24.918817"><ele>27.8</ele></trkpt>
      <trkpt lat="60.21751" lon="24.91875"><ele>27.8</ele></trkpt>
      <trkpt lat="60.217527" lon="24.918687"><ele>28</ele></trkpt>
      <trkpt lat="60.21754" lon="24.918622"><ele>28</ele></trkpt>
      <trkpt lat="60.21756" lon="24.918547"><ele>28</ele></trkpt>
      <trkpt lat="60.217585" lon="24.918457"><ele>28.2</ele></trkpt>
      <trkpt lat="60.217612" lon="24.918365"><ele>28.2</ele></trkpt>
      <trkpt lat="60.217642" lon="24.918282"><ele>28.4</ele></trkpt>
      <trkpt lat="60.217668" lon="24.918207"><ele>28.2</ele></trkpt>
      <trkpt lat="60.217685" lon="24.918132"><ele>28.2</ele></trkpt>
      <trkpt lat="60.2177" lon="24.918062"><ele>28.2</ele></trkpt>
      <trkpt lat="60.21771" lon="24.917992"><ele>28</ele></trkpt>
      <trkpt lat="60.217722" lon="24.917937"><ele>28</ele></trkpt>
      <trkpt lat="60.21774" lon="24.917902"><ele>28</ele></trkpt>
      <trkpt lat="60.217762" lon="24.917872"><ele>28</ele></trkpt>
      <trkpt lat="60.21778" lon="24.917832"><ele>28</ele></trkpt>
      <trkpt lat="60.217802" lon="24.917775"><ele>28</ele></trkpt>
      <trkpt lat="60.217812" lon="24.91773"><ele>28</ele></trkpt>
      <trkpt lat="60.217817" lon="24.91768"><ele>28.2</ele></trkpt>
      <trkpt lat="60.217822" lon="24.917632"><ele>28.4</ele></trkpt>
      <trkpt lat="60.217827" lon="24.917592"><ele>28.6</ele></trkpt>
      <trkpt lat="60.217832" lon="24.917547"><ele>28.8</ele></trkpt>
      <trkpt lat="60.217835" lon="24.917492"><ele>28.8</ele></trkpt>
      <trkpt lat="60.217835" lon="24.917437"><ele>28.8</ele></trkpt>
      <trkpt lat="60.217823" lon="24.91738"><ele>29</ele></trkpt>
      <trkpt lat="60.217812" lon="24.917332"><ele>29</ele></trkpt>
      <trkpt lat="60.217797" lon="24.917292"><ele>29</ele></trkpt>
      <trkpt lat="60.217797" lon="24.917248"><ele>29.2</ele></trkpt>
      <trkpt lat="60.21778" lon="24.917197"><ele>29.8</ele></trkpt>
      <trkpt lat="60.217753" lon="24.91715"><ele>30.6</ele></trkpt>
      <trkpt lat="60.217737" lon="24.917137"><ele>30.8</ele></trkpt>
      <trkpt lat="60.217715" lon="24.91712"><ele>31.2</ele></trkpt>
      <trkpt lat="60.217692" lon="24.9171"><ele>31.4</ele></trkpt>
      <trkpt lat="60.217667" lon="24.91709"><ele>31.6</ele></trkpt>
      <trkpt lat="60.217645" lon="24.917072"><ele>31.8</ele></trkpt>
      <trkpt lat="60.217622" lon="24.91706"><ele>31.8</ele></trkpt>
      <trkpt lat="60.217597" lon="24.917042"><ele>31.8</ele></trkpt>
      <trkpt lat="60.217577" lon="24.917015"><ele>31.8</ele></trkpt>
      <trkpt lat="60.217545" lon="24.916995"><ele>31.8</ele></trkpt>
      <trkpt lat="60.217512" lon="24.916967"><ele>31.8</ele></trkpt>
      <trkpt lat="60.217497" lon="24.916947"><ele>31.8</ele></trkpt>
      <trkpt lat="60.21747" lon="24.916932"><ele>31.6</ele></trkpt>
      <trkpt lat="60.217452" lon="24.916902"><ele>31.4</ele></trkpt>
      <trkpt lat="60.217437" lon="24.916875"><ele>31.4</ele></trkpt>
      <trkpt lat="60.217435" lon="24.916837"><ele>31.4</ele></trkpt>
      <trkpt lat="60.217432" lon="24.916772"><ele>31.4</ele></trkpt>
      <trkpt lat="60.217417" lon="24.916742"><ele>31.4</ele></trkpt>
      <trkpt lat="60.217402" lon="24.91672"><ele>31.4</ele></trkpt>
      <trkpt lat="60.217387" lon="24.916687"><ele>31.4</ele></trkpt>
      <trkpt lat="60.217373" lon="24.916647"><ele>31.2</ele></trkpt>
      <trkpt lat="60.217357" lon="24.916582"><ele>31</ele></trkpt>
      <trkpt lat="60.217335" lon="24.916567"><ele>31</ele></trkpt>
      <trkpt lat="60.21731" lon="24.916555"><ele>31</ele></trkpt>
      <trkpt lat="60.217295" lon="24.916535"><ele>31</ele></trkpt>
      <trkpt lat="60.21728" lon="24.916502"><ele>31</ele></trkpt>
      <trkpt lat="60.217262" lon="24.916462"><ele>30.8</ele></trkpt>
      <trkpt lat="60.217245" lon="24.916437"><ele>30.8</ele></trkpt>
      <trkpt lat="60.217227" lon="24.91641"><ele>30.8</ele></trkpt>
      <trkpt lat="60.21721" lon="24.91638"><ele>31</ele></trkpt>
      <trkpt lat="60.217195" lon="24.916342"><ele>31</ele></trkpt>
      <trkpt lat="60.217177" lon="24.916302"><ele>31</ele></trkpt>
      <trkpt lat="60.21717" lon="24.916252"><ele>31</ele></trkpt>
      <trkpt lat="60.217152" lon="24.916192"><ele>31</ele></trkpt>
      <trkpt lat="60.217132" lon="24.91619"><ele>31</ele></trkpt>
      <trkpt lat="60.217102" lon="24.916215"><ele>31</ele></trkpt>
      <trkpt lat="60.21708" lon="24.916247"><ele>31</ele></trkpt>
      <trkpt lat="60.21705" lon="24.916245"><ele>31.2</ele></trkpt>
      <trkpt lat="60.217017" lon="24.916227"><ele>31.8</ele></trkpt>
      <trkpt lat="60.21698" lon="24.916222"><ele>32.6</ele></trkpt>
      <trkpt lat="60.216962" lon="24.916215"><ele>32.8</ele></trkpt>
      <trkpt lat="60.216935" lon="24.916217"><ele>32.8</ele></trkpt>
      <trkpt lat="60.216915" lon="24.916205"><ele>33</ele></trkpt>
      <trkpt lat="60.216897" lon="24.916187"><ele>33.2</ele></trkpt>
      <trkpt lat="60.21688" lon="24.916162"><ele>33.2</ele></trkpt>
      <trkpt lat="60.216867" lon="24.916132"><ele>33.2</ele></trkpt>
      <trkpt lat="60.216847" lon="24.916085"><ele>33.2</ele></trkpt>
      <trkpt lat="60.21683" lon="24.916067"><ele>33.2</ele></trkpt>
      <trkpt lat="60.216807" lon="24.916047"><ele>33.2</ele></trkpt>
      <trkpt lat="60.21679" lon="24.916042"><ele>33.2</ele></trkpt>
      <trkpt lat="60.216772" lon="24.916027"><ele>33</ele></trkpt>
      <trkpt lat="60.216757" lon="24.916012"><ele>33</ele></trkpt>
      <trkpt lat="60.216732" lon="24.915975"><ele>33</ele></trkpt>
      <trkpt lat="60.216712" lon="24.915962"><ele>33</ele></trkpt>
      <trkpt lat="60.216695" lon="24.91593"><ele>33</ele></trkpt>
      <trkpt lat="60.216677" lon="24.915902"><ele>33</ele></trkpt>
      <trkpt lat="60.21666" lon="24.915887"><ele>33</ele></trkpt>
      <trkpt lat="60.21664" lon="24.915882"><ele>33</ele></trkpt>
      <trkpt lat="60.216622" lon="24.915857"><ele>33</ele></trkpt>
      <trkpt lat="60.216602" lon="24.915832"><ele>33</ele></trkpt>
      <trkpt lat="60.216585" lon="24.915812"><ele>33</ele></trkpt>
      <trkpt lat="60.21657" lon="24.915787"><ele>33.2</ele></trkpt>
      <trkpt lat="60.216557" lon="24.915742"><ele>33.4</ele></trkpt>
      <trkpt lat="60.216542" lon="24.91569"><ele>33.4</ele></trkpt>
      <trkpt lat="60.21653" lon="24.915612"><ele>33.4</ele></trkpt>
      <trkpt lat="60.216527" lon="24.915537"><ele>33.4</ele></trkpt>
      <trkpt lat="60.216517" lon="24.915472"><ele>33.4</ele></trkpt>
      <trkpt lat="60.216502" lon="24.915402"><ele>33.4</ele></trkpt>
      <trkpt lat="60.216502" lon="24.91533"><ele>33.4</ele></trkpt>
      <trkpt lat="60.216505" lon="24.915275"><ele>33.2</ele></trkpt>
      <trkpt lat="60.216512" lon="24.915235"><ele>33.2</ele></trkpt>
      <trkpt lat="60.216532" lon="24.915182"><ele>33</ele></trkpt>
      <trkpt lat="60.21655" lon="24.91513"><ele>33</ele></trkpt>
      <trkpt lat="60.21656" lon="24.915097"><ele>33</ele></trkpt>
      <trkpt lat="60.216572" lon="24.915067"><ele>33</ele></trkpt>
      <trkpt lat="60.216585" lon="24.915037"><ele>33</ele></trkpt>
      <trkpt lat="60.216597" lon="24.915002"><ele>33</ele></trkpt>
      <trkpt lat="60.216607" lon="24.914967"><ele>33</ele></trkpt>
      <trkpt lat="60.216622" lon="24.91493"><ele>33.2</ele></trkpt>
      <trkpt lat="60.216635" lon="24.914887"><ele>33.2</ele></trkpt>
      <trkpt lat="60.216647" lon="24.914847"><ele>33.4</ele></trkpt>
      <trkpt lat="60.216657" lon="24.914812"><ele>33.4</ele></trkpt>
      <trkpt lat="60.216677" lon="24.914752"><ele>33.4</ele></trkpt>
      <trkpt lat="60.216697" lon="24.914677"><ele>33.4</ele></trkpt>
      <trkpt lat="60.216712" lon="24.914625"><ele>33.6</ele></trkpt>
      <trkpt lat="60.216742" lon="24.914577"><ele>33.6</ele></trkpt>
      <trkpt lat="60.216777" lon="24.914525"><ele>33.6</ele></trkpt>
      <trkpt lat="60.216817" lon="24.914465"><ele>33.6</ele></trkpt>
      <trkpt lat="60.216845" lon="24.914412"><ele>33.4</ele></trkpt>
      <trkpt lat="60.216872" lon="24.91436"><ele>33.2</ele></trkpt>
      <trkpt lat="60.216897" lon="24.914292"><ele>32.8</ele></trkpt>
      <trkpt lat="60.216922" lon="24.914212"><ele>32.4</ele></trkpt>
      <trkpt lat="60.216942" lon="24.914132"><ele>31.8</ele></trkpt>
      <trkpt lat="60.216962" lon="24.914047"><ele>31.4</ele></trkpt>
      <trkpt lat="60.216982" lon="24.91397"><ele>30.8</ele></trkpt>
      <trkpt lat="60.217002" lon="24.9139"><ele>30.6</ele></trkpt>
      <trkpt lat="60.217015" lon="24.913822"><ele>30.2</ele></trkpt>
      <trkpt lat="60.217017" lon="24.913772"><ele>30</ele></trkpt>
      <trkpt lat="60.216992" lon="24.9137"><ele>29.6</ele></trkpt>
      <trkpt lat="60.216972" lon="24.913662"><ele>29.6</ele></trkpt>
      <trkpt lat="60.216952" lon="24.913632"><ele>29.4</ele></trkpt>
      <trkpt lat="60.21693" lon="24.913607"><ele>29.4</ele></trkpt>
      <trkpt lat="60.2169" lon="24.913607"><ele>29.4</ele></trkpt>
      <trkpt lat="60.216872" lon="24.913592"><ele>29.2</ele></trkpt>
      <trkpt lat="60.216845" lon="24.913582"><ele>29</ele></trkpt>
      <trkpt lat="60.216817" lon="24.913582"><ele>29</ele></trkpt>
      <trkpt lat="60.216787" lon="24.913585"><ele>28.8</ele></trkpt>
      <trkpt lat="60.21675" lon="24.913597"><ele>28.6</ele></trkpt>
      <trkpt lat="60.216712" lon="24.913592"><ele>28.4</ele></trkpt>
      <trkpt lat="60.216682" lon="24.91359"><ele>28.2</ele></trkpt>
      <trkpt lat="60.216647" lon="24.913597"><ele>28.2</ele></trkpt>
      <trkpt lat="60.216617" lon="24.913625"><ele>28.2</ele></trkpt>
      <trkpt lat="60.216577" lon="24.91363"><ele>28.2</ele></trkpt>
      <trkpt lat="60.216537" lon="24.913617"><ele>28</ele></trkpt>
      <trkpt lat="60.216507" lon="24.913587"><ele>27.8</ele></trkpt>
      <trkpt lat="60.216475" lon="24.91356"><ele>27.8</ele></trkpt>
      <trkpt lat="60.216442" lon="24.913547"><ele>27.6</ele></trkpt>
      <trkpt lat="60.216405" lon="24.913542"><ele>27.4</ele></trkpt>
      <trkpt lat="60.216362" lon="24.913512"><ele>27</ele></trkpt>
      <trkpt lat="60.216327" lon="24.913477"><ele>26.8</ele></trkpt>
      <trkpt lat="60.216295" lon="24.913455"><ele>26.4</ele></trkpt>
      <trkpt lat="60.216265" lon="24.913427"><ele>26.2</ele></trkpt>
      <trkpt lat="60.216233" lon="24.913402"><ele>25.8</ele></trkpt>
      <trkpt lat="60.216202" lon="24.913367"><ele>25.4</ele></trkpt>
      <trkpt lat="60.216162" lon="24.913337"><ele>25.2</ele></trkpt>
      <trkpt lat="60.216122" lon="24.913317"><ele>24.8</ele></trkpt>
      <trkpt lat="60.216092" lon="24.913282"><ele>24.4</ele></trkpt>
      <trkpt lat="60.216067" lon="24.913242"><ele>23.8</ele></trkpt>
      <trkpt lat="60.216037" lon="24.913202"><ele>23.2</ele></trkpt>
      <trkpt lat="60.216005" lon="24.913172"><ele>22.8</ele></trkpt>
      <trkpt lat="60.215972" lon="24.913142"><ele>22.6</ele></trkpt>
      <trkpt lat="60.215937" lon="24.913122"><ele>22.2</ele></trkpt>
      <trkpt lat="60.215902" lon="24.913107"><ele>21.8</ele></trkpt>
      <trkpt lat="60.21588" lon="24.913083"><ele>21.4</ele></trkpt>
      <trkpt lat="60.215847" lon="24.913057"><ele>21.2</ele></trkpt>
      <trkpt lat="60.215812" lon="24.913057"><ele>21</ele></trkpt>
      <trkpt lat="60.21578" lon="24.913055"><ele>20.8</ele></trkpt>
      <trkpt lat="60.215747" lon="24.91304"><ele>20.4</ele></trkpt>
      <trkpt lat="60.215717" lon="24.913027"><ele>20.2</ele></trkpt>
      <trkpt lat="60.215682" lon="24.913007"><ele>20.2</ele></trkpt>
      <trkpt lat="60.215642" lon="24.91298"><ele>20</ele></trkpt>
      <trkpt lat="60.215607" lon="24.912965"><ele>19.8</ele></trkpt>
      <trkpt lat="60.215567" lon="24.912962"><ele>19.6</ele></trkpt>
      <trkpt lat="60.215525" lon="24.912972"><ele>19.4</ele></trkpt>
      <trkpt lat="60.215487" lon="24.913007"><ele>19.2</ele></trkpt>
      <trkpt lat="60.215457" lon="24.913032"><ele>18.8</ele></trkpt>
      <trkpt lat="60.215427" lon="24.913052"><ele>18.6</ele></trkpt>
      <trkpt lat="60.215397" lon="24.91307"><ele>18.4</ele></trkpt>
      <trkpt lat="60.215372" lon="24.913062"><ele>18.4</ele></trkpt>
      <trkpt lat="60.215335" lon="24.913042"><ele>18.2</ele></trkpt>
      <trkpt lat="60.215302" lon="24.913015"><ele>18.2</ele></trkpt>
      <trkpt lat="60.215277" lon="24.912987"><ele>18</ele></trkpt>
      <trkpt lat="60.215257" lon="24.912957"><ele>18</ele></trkpt>
      <trkpt lat="60.215237" lon="24.912932"><ele>17.8</ele></trkpt>
      <trkpt lat="60.215217" lon="24.912917"><ele>17.8</ele></trkpt>
      <trkpt lat="60.215187" lon="24.912907"><ele>17.6</ele></trkpt>
      <trkpt lat="60.21516" lon="24.912882"><ele>17.6</ele></trkpt>
      <trkpt lat="60.215135" lon="24.912847"><ele>17.6</ele></trkpt>
      <trkpt lat="60.215097" lon="24.912812"><ele>17.6</ele></trkpt>
      <trkpt lat="60.215057" lon="24.91277"><ele>17.4</ele></trkpt>
      <trkpt lat="60.215015" lon="24.912722"><ele>17.2</ele></trkpt>
      <trkpt lat="60.214977" lon="24.912682"><ele>17.2</ele></trkpt>
      <trkpt lat="60.214937" lon="24.912657"><ele>17.2</ele></trkpt>
      <trkpt lat="60.214897" lon="24.912637"><ele>17.2</ele></trkpt>
      <trkpt lat="60.21488" lon="24.912617"><ele>17.2</ele></trkpt>
      <trkpt lat="60.214855" lon="24.912592"><ele>17.2</ele></trkpt>
      <trkpt lat="60.214827" lon="24.912562"><ele>17.2</ele></trkpt>
      <trkpt lat="60.214795" lon="24.912525"><ele>17.2</ele></trkpt>
      <trkpt lat="60.214767" lon="24.912492"><ele>17.2</ele></trkpt>
      <trkpt lat="60.21473" lon="24.912455"><ele>17.2</ele></trkpt>
      <trkpt lat="60.214695" lon="24.912422"><ele>17.2</ele></trkpt>
      <trkpt lat="60.214657" lon="24.912397"><ele>17.2</ele></trkpt>
      <trkpt lat="60.214622" lon="24.91238"><ele>17.2</ele></trkpt>
      <trkpt lat="60.214595" lon="24.912382"><ele>17.2</ele></trkpt>
      <trkpt lat="60.214567" lon="24.912387"><ele>17.2</ele></trkpt>
      <trkpt lat="60.214542" lon="24.912387"><ele>17.2</ele></trkpt>
      <trkpt lat="60.214517" lon="24.912392"><ele>17</ele></trkpt>
      <trkpt lat="60.214497" lon="24.91239"><ele>17</ele></trkpt>
      <trkpt lat="60.214467" lon="24.912337"><ele>17.2</ele></trkpt>
      <trkpt lat="60.214452" lon="24.912302"><ele>17.2</ele></trkpt>
      <trkpt lat="60.214435" lon="24.912265"><ele>17.4</ele></trkpt>
      <trkpt lat="60.214422" lon="24.912222"><ele>17.4</ele></trkpt>
      <trkpt lat="60.214402" lon="24.91218"><ele>17.6</ele></trkpt>
      <trkpt lat="60.214382" lon="24.912102"><ele>17.8</ele></trkpt>
      <trkpt lat="60.214352" lon="24.912022"><ele>18.2</ele></trkpt>
      <trkpt lat="60.21432" lon="24.91198"><ele>18.4</ele></trkpt>
      <trkpt lat="60.214295" lon="24.911972"><ele>18.2</ele></trkpt>
      <trkpt lat="60.214277" lon="24.911962"><ele>18</ele></trkpt>
      <trkpt lat="60.214257" lon="24.911942"><ele>17.8</ele></trkpt>
      <trkpt lat="60.214237" lon="24.911907"><ele>17.4</ele></trkpt>
      <trkpt lat="60.214212" lon="24.911862"><ele>17.4</ele></trkpt>
      <trkpt lat="60.21419" lon="24.9118"><ele>17.2</ele></trkpt>
      <trkpt lat="60.214177" lon="24.911737"><ele>17.2</ele></trkpt>
      <trkpt lat="60.21417" lon="24.911662"><ele>17.2</ele></trkpt>
      <trkpt lat="60.21418" lon="24.911582"><ele>17.2</ele></trkpt>
      <trkpt lat="60.214187" lon="24.911512"><ele>17</ele></trkpt>
      <trkpt lat="60.214205" lon="24.911442"><ele>16.8</ele></trkpt>
      <trkpt lat="60.214225" lon="24.911365"><ele>16.6</ele></trkpt>
      <trkpt lat="60.214245" lon="24.911292"><ele>16.4</ele></trkpt>
      <trkpt lat="60.214262" lon="24.911227"><ele>16.2</ele></trkpt>
      <trkpt lat="60.214267" lon="24.911167"><ele>16</ele></trkpt>
      <trkpt lat="60.214275" lon="24.911087"><ele>15.8</ele></trkpt>
      <trkpt lat="60.214287" lon="24.911005"><ele>15.8</ele></trkpt>
      <trkpt lat="60.214287" lon="24.910932"><ele>16</ele></trkpt>
      <trkpt lat="60.214277" lon="24.91088"><ele>16</ele></trkpt>
      <trkpt lat="60.214257" lon="24.91082"><ele>15.8</ele></trkpt>
      <trkpt lat="60.214237" lon="24.910772"><ele>15.8</ele></trkpt>
      <trkpt lat="60.214207" lon="24.910722"><ele>15.8</ele></trkpt>
      <trkpt lat="60.214182" lon="24.910667"><ele>15.8</ele></trkpt>
      <trkpt lat="60.214157" lon="24.910612"><ele>15.6</ele></trkpt>
      <trkpt lat="60.214132" lon="24.91055"><ele>15.6</ele></trkpt>
      <trkpt lat="60.214105" lon="24.910485"><ele>15.6</ele></trkpt>
      <trkpt lat="60.21408" lon="24.910425"><ele>15.4</ele></trkpt>
      <trkpt lat="60.21406" lon="24.910367"><ele>15.2</ele></trkpt>
      <trkpt lat="60.214038" lon="24.910307"><ele>15</ele></trkpt>
      <trkpt lat="60.214017" lon="24.910245"><ele>15</ele></trkpt>
      <trkpt lat="60.214" lon="24.910182"><ele>14.8</ele></trkpt>
      <trkpt lat="60.213977" lon="24.910122"><ele>14.6</ele></trkpt>
      <trkpt lat="60.213957" lon="24.910062"><ele>14.6</ele></trkpt>
      <trkpt lat="60.213935" lon="24.91001"><ele>14.6</ele></trkpt>
      <trkpt lat="60.213915" lon="24.909957"><ele>14.4</ele></trkpt>
      <trkpt lat="60.213892" lon="24.909895"><ele>14.6</ele></trkpt>
      <trkpt lat="60.213877" lon="24.909827"><ele>14.6</ele></trkpt>
      <trkpt lat="60.213862" lon="24.909748"><ele>14.8</ele></trkpt>
      <trkpt lat="60.213852" lon="24.909667"><ele>15</ele></trkpt>
      <trkpt lat="60.213842" lon="24.90957"><ele>15</ele></trkpt>
      <trkpt lat="60.213827" lon="24.909465"><ele>15.2</ele></trkpt>
      <trkpt lat="60.213802" lon="24.909355"><ele>15.4</ele></trkpt>
      <trkpt lat="60.213767" lon="24.909247"><ele>15.4</ele></trkpt>
      <trkpt lat="60.213737" lon="24.909137"><ele>15.2</ele></trkpt>
      <trkpt lat="60.213702" lon="24.90903"><ele>15</ele></trkpt>
      <trkpt lat="60.213652" lon="24.908922"><ele>14.4</ele></trkpt>
      <trkpt lat="60.213602" lon="24.908822"><ele>14</ele></trkpt>
      <trkpt lat="60.213552" lon="24.908755"><ele>13.4</ele></trkpt>
      <trkpt lat="60.21349" lon="24.908717"><ele>13</ele></trkpt>
      <trkpt lat="60.213442" lon="24.908682"><ele>12.6</ele></trkpt>
      <trkpt lat="60.213412" lon="24.908615"><ele>12.4</ele></trkpt>
      <trkpt lat="60.213407" lon="24.90852"><ele>12.2</ele></trkpt>
      <trkpt lat="60.213412" lon="24.908427"><ele>12.2</ele></trkpt>
      <trkpt lat="60.213427" lon="24.908332"><ele>12.2</ele></trkpt>
      <trkpt lat="60.21344" lon="24.908232"><ele>12.2</ele></trkpt>
      <trkpt lat="60.213457" lon="24.908132"><ele>12.2</ele></trkpt>
      <trkpt lat="60.213475" lon="24.908027"><ele>12</ele></trkpt>
      <trkpt lat="60.213497" lon="24.907922"><ele>12</ele></trkpt>
      <trkpt lat="60.213527" lon="24.907817"><ele>12</ele></trkpt>
      <trkpt lat="60.213552" lon="24.907712"><ele>11.8</ele></trkpt>
      <trkpt lat="60.213572" lon="24.907607"><ele>11.8</ele></trkpt>
      <trkpt lat="60.213595" lon="24.907505"><ele>11.6</ele></trkpt>
      <trkpt lat="60.213615" lon="24.907402"><ele>11.6</ele></trkpt>
      <trkpt lat="60.21363" lon="24.907297"><ele>11.4</ele></trkpt>
      <trkpt lat="60.21365" lon="24.907195"><ele>11.4</ele></trkpt>
      <trkpt lat="60.213667" lon="24.907102"><ele>11.2</ele></trkpt>
      <trkpt lat="60.213685" lon="24.907015"><ele>11.2</ele></trkpt>
      <trkpt lat="60.21369" lon="24.906922"><ele>11.2</ele></trkpt>
      <trkpt lat="60.21369" lon="24.906827"><ele>11</ele></trkpt>
      <trkpt lat="60.213682" lon="24.906732"><ele>11</ele></trkpt>
      <trkpt lat="60.213675" lon="24.906635"><ele>11</ele></trkpt>
      <trkpt lat="60.213662" lon="24.906537"><ele>11</ele></trkpt>
      <trkpt lat="60.213647" lon="24.90644"><ele>10.8</ele></trkpt>
      <trkpt lat="60.213632" lon="24.906347"><ele>11</ele></trkpt>
      <trkpt lat="60.21361" lon="24.906267"><ele>11.2</ele></trkpt>
      <trkpt lat="60.213572" lon="24.906217"><ele>11.4</ele></trkpt>
      <trkpt lat="60.213532" lon="24.906195"><ele>11.4</ele></trkpt>
      <trkpt lat="60.213492" lon="24.906197"><ele>11.6</ele></trkpt>
      <trkpt lat="60.213447" lon="24.906212"><ele>11.6</ele></trkpt>
      <trkpt lat="60.213402" lon="24.906227"><ele>11.8</ele></trkpt>
      <trkpt lat="60.21336" lon="24.906242"><ele>12</ele></trkpt>
      <trkpt lat="60.213315" lon="24.906257"><ele>12.2</ele></trkpt>
      <trkpt lat="60.21327" lon="24.906277"><ele>12.4</ele></trkpt>
      <trkpt lat="60.213227" lon="24.906287"><ele>12.4</ele></trkpt>
      <trkpt lat="60.213185" lon="24.906315"><ele>12.6</ele></trkpt>
      <trkpt lat="60.21314" lon="24.906337"><ele>12.6</ele></trkpt>
      <trkpt lat="60.213095" lon="24.906357"><ele>12.8</ele></trkpt>
      <trkpt lat="60.213052" lon="24.906377"><ele>13</ele></trkpt>
      <trkpt lat="60.213007" lon="24.906387"><ele>13</ele></trkpt>
      <trkpt lat="60.212962" lon="24.906395"><ele>13.2</ele></trkpt>
      <trkpt lat="60.212922" lon="24.906405"><ele>13.2</ele></trkpt>
      <trkpt lat="60.212877" lon="24.906412"><ele>13.4</ele></trkpt>
      <trkpt lat="60.212835" lon="24.906422"><ele>13.4</ele></trkpt>
      <trkpt lat="60.212792" lon="24.906437"><ele>13.6</ele></trkpt>
      <trkpt lat="60.212752" lon="24.906452"><ele>13.8</ele></trkpt>
      <trkpt lat="60.212712" lon="24.906467"><ele>13.8</ele></trkpt>
      <trkpt lat="60.212673" lon="24.906482"><ele>13.8</ele></trkpt>
      <trkpt lat="60.212637" lon="24.906492"><ele>14</ele></trkpt>
      <trkpt lat="60.212597" lon="24.906507"><ele>14</ele></trkpt>
      <trkpt lat="60.212562" lon="24.906515"><ele>14.2</ele></trkpt>
      <trkpt lat="60.212527" lon="24.906527"><ele>14.2</ele></trkpt>
      <trkpt lat="60.212492" lon="24.906542"><ele>14.4</ele></trkpt>
      <trkpt lat="60.212462" lon="24.906568"><ele>14.6</ele></trkpt>
      <trkpt lat="60.212432" lon="24.9066"><ele>14.6</ele></trkpt>
      <trkpt lat="60.212395" lon="24.906617"><ele>14.8</ele></trkpt>
      <trkpt lat="60.212352" lon="24.906627"><ele>14.8</ele></trkpt>
      <trkpt lat="60.212312" lon="24.906635"><ele>14.8</ele></trkpt>
      <trkpt lat="60.212272" lon="24.906645"><ele>14.8</ele></trkpt>
      <trkpt lat="60.212237" lon="24.906662"><ele>15</ele></trkpt>
      <trkpt lat="60.212207" lon="24.906702"><ele>15.2</ele></trkpt>
      <trkpt lat="60.212175" lon="24.906762"><ele>15.2</ele></trkpt>
      <trkpt lat="60.212138" lon="24.906822"><ele>15.4</ele></trkpt>
      <trkpt lat="60.212097" lon="24.90688"><ele>15.4</ele></trkpt>
      <trkpt lat="60.212052" lon="24.906922"><ele>15.4</ele></trkpt>
      <trkpt lat="60.212007" lon="24.906975"><ele>15.4</ele></trkpt>
      <trkpt lat="60.211957" lon="24.907042"><ele>15.2</ele></trkpt>
      <trkpt lat="60.211907" lon="24.907072"><ele>15.2</ele></trkpt>
      <trkpt lat="60.211865" lon="24.907062"><ele>15</ele></trkpt>
      <trkpt lat="60.211825" lon="24.907052"><ele>15</ele></trkpt>
      <trkpt lat="60.211797" lon="24.907052"><ele>15</ele></trkpt>
      <trkpt lat="60.211772" lon="24.907057"><ele>15.2</ele></trkpt>
      <trkpt lat="60.211742" lon="24.907057"><ele>15.2</ele></trkpt>
      <trkpt lat="60.211715" lon="24.907045"><ele>15.4</ele></trkpt>
      <trkpt lat="60.211688" lon="24.907027"><ele>15.6</ele></trkpt>
      <trkpt lat="60.211667" lon="24.90701"><ele>15.8</ele></trkpt>
      <trkpt lat="60.211647" lon="24.907"><ele>16</ele></trkpt>
      <trkpt lat="60.211627" lon="24.906997"><ele>16.4</ele></trkpt>
      <trkpt lat="60.211607" lon="24.906992"><ele>16.6</ele></trkpt>
      <trkpt lat="60.211587" lon="24.906997"><ele>17</ele></trkpt>
      <trkpt lat="60.211567" lon="24.907007"><ele>17.4</ele></trkpt>
      <trkpt lat="60.211547" lon="24.907012"><ele>17.8</ele></trkpt>
      <trkpt lat="60.211527" lon="24.907012"><ele>18</ele></trkpt>
      <trkpt lat="60.211502" lon="24.907012"><ele>18.4</ele></trkpt>
      <trkpt lat="60.211482" lon="24.90701"><ele>18.6</ele></trkpt>
      <trkpt lat="60.211457" lon="24.907007"><ele>18.8</ele></trkpt>
      <trkpt lat="60.211437" lon="24.907002"><ele>19</ele></trkpt>
      <trkpt lat="60.211415" lon="24.907005"><ele>19.2</ele></trkpt>
      <trkpt lat="60.21139" lon="24.906992"><ele>19.2</ele></trkpt>
      <trkpt lat="60.211365" lon="24.906987"><ele>19.4</ele></trkpt>
      <trkpt lat="60.21134" lon="24.906977"><ele>19.6</ele></trkpt>
      <trkpt lat="60.211312" lon="24.906982"><ele>19.8</ele></trkpt>
      <trkpt lat="60.211285" lon="24.906975"><ele>19.8</ele></trkpt>
      <trkpt lat="60.211255" lon="24.906967"><ele>20</ele></trkpt>
      <trkpt lat="60.21122" lon="24.906957"><ele>20</ele></trkpt>
      <trkpt lat="60.211182" lon="24.906942"><ele>20.2</ele></trkpt>
      <trkpt lat="60.211147" lon="24.906922"><ele>20.2</ele></trkpt>
      <trkpt lat="60.211117" lon="24.906905"><ele>20.4</ele></trkpt>
      <trkpt lat="60.211087" lon="24.906892"><ele>20.4</ele></trkpt>
      <trkpt lat="60.211052" lon="24.906882"><ele>20.6</ele></trkpt>
      <trkpt lat="60.211022" lon="24.90687"><ele>20.6</ele></trkpt>
      <trkpt lat="60.210998" lon="24.906847"><ele>20.8</ele></trkpt>
      <trkpt lat="60.210977" lon="24.906817"><ele>20.8</ele></trkpt>
      <trkpt lat="60.210952" lon="24.906785"><ele>21</ele></trkpt>
      <trkpt lat="60.210932" lon="24.906762"><ele>21.2</ele></trkpt>
      <trkpt lat="60.210912" lon="24.906755"><ele>21.4</ele></trkpt>
      <trkpt lat="60.210892" lon="24.90675"><ele>21.6</ele></trkpt>
      <trkpt lat="60.21087" lon="24.906747"><ele>21.6</ele></trkpt>
      <trkpt lat="60.210847" lon="24.906742"><ele>21.8</ele></trkpt>
      <trkpt lat="60.210825" lon="24.906737"><ele>22</ele></trkpt>
      <trkpt lat="60.210805" lon="24.906732"><ele>22</ele></trkpt>
      <trkpt lat="60.21078" lon="24.906717"><ele>22.2</ele></trkpt>
      <trkpt lat="60.21075" lon="24.90669"><ele>22.4</ele></trkpt>
      <trkpt lat="60.210727" lon="24.906687"><ele>22.6</ele></trkpt>
      <trkpt lat="60.21071" lon="24.906685"><ele>22.8</ele></trkpt>
      <trkpt lat="60.210675" lon="24.90669"><ele>23</ele></trkpt>
      <trkpt lat="60.210657" lon="24.906692"><ele>23.2</ele></trkpt>
      <trkpt lat="60.210637" lon="24.906692"><ele>23.4</ele></trkpt>
      <trkpt lat="60.210612" lon="24.906707"><ele>23.6</ele></trkpt>
      <trkpt lat="60.210587" lon="24.906715"><ele>23.8</ele></trkpt>
      <trkpt lat="60.210562" lon="24.906717"><ele>24</ele></trkpt>
      <trkpt lat="60.210535" lon="24.906717"><ele>24.2</ele></trkpt>
      <trkpt lat="60.210502" lon="24.906717"><ele>24.4</ele></trkpt>
      <trkpt lat="60.210472" lon="24.906717"><ele>24.8</ele></trkpt>
      <trkpt lat="60.210435" lon="24.906727"><ele>24.8</ele></trkpt>
      <trkpt lat="60.210405" lon="24.90675"><ele>24.8</ele></trkpt>
      <trkpt lat="60.210377" lon="24.906775"><ele>24.8</ele></trkpt>
      <trkpt lat="60.210355" lon="24.906792"><ele>24.8</ele></trkpt>
      <trkpt lat="60.210332" lon="24.906815"><ele>24.8</ele></trkpt>
      <trkpt lat="60.210312" lon="24.906845"><ele>24.8</ele></trkpt>
      <trkpt lat="60.21029" lon="24.90688"><ele>25</ele></trkpt>
      <trkpt lat="60.21026" lon="24.906907"><ele>25</ele></trkpt>
      <trkpt lat="60.210235" lon="24.906937"><ele>25</ele></trkpt>
      <trkpt lat="60.210212" lon="24.906962"><ele>25</ele></trkpt>
      <trkpt lat="60.210195" lon="24.90698"><ele>25</ele></trkpt>
      <trkpt lat="60.210172" lon="24.907"><ele>24.8</ele></trkpt>
      <trkpt lat="60.21015" lon="24.907012"><ele>25</ele></trkpt>
      <trkpt lat="60.210127" lon="24.90703"><ele>25</ele></trkpt>
      <trkpt lat="60.210105" lon="24.90706"><ele>25</ele></trkpt>
      <trkpt lat="60.21008" lon="24.907067"><ele>25</ele></trkpt>
      <trkpt lat="60.21006" lon="24.907077"><ele>25</ele></trkpt>
      <trkpt lat="60.210037" lon="24.907085"><ele>25</ele></trkpt>
      <trkpt lat="60.210017" lon="24.907087"><ele>25</ele></trkpt>
      <trkpt lat="60.21" lon="24.907097"><ele>25</ele></trkpt>
      <trkpt lat="60.20998" lon="24.907107"><ele>25</ele></trkpt>
      <trkpt lat="60.209962" lon="24.907135"><ele>25.2</ele></trkpt>
      <trkpt lat="60.20995" lon="24.907172"><ele>25.2</ele></trkpt>
      <trkpt lat="60.209937" lon="24.90722"><ele>25.2</ele></trkpt>
      <trkpt lat="60.209927" lon="24.907262"><ele>25</ele></trkpt>
      <trkpt lat="60.20992" lon="24.907305"><ele>25.2</ele></trkpt>
      <trkpt lat="60.209907" lon="24.907363"><ele>25.2</ele></trkpt>
      <trkpt lat="60.209895" lon="24.907435"><ele>25.2</ele></trkpt>
      <trkpt lat="60.20989" lon="24.907482"><ele>25.2</ele></trkpt>
      <trkpt lat="60.209887" lon="24.907522"><ele>25.2</ele></trkpt>
      <trkpt lat="60.209872" lon="24.907567"><ele>25.2</ele></trkpt>
      <trkpt lat="60.209842" lon="24.907622"><ele>25.2</ele></trkpt>
      <trkpt lat="60.209827" lon="24.907675"><ele>25</ele></trkpt>
      <trkpt lat="60.209812" lon="24.907712"><ele>25</ele></trkpt>
      <trkpt lat="60.209805" lon="24.907767"><ele>24.8</ele></trkpt>
      <trkpt lat="60.209802" lon="24.907805"><ele>24.4</ele></trkpt>
      <trkpt lat="60.209797" lon="24.907842"><ele>24.2</ele></trkpt>
      <trkpt lat="60.209782" lon="24.907877"><ele>24.2</ele></trkpt>
      <trkpt lat="60.20976" lon="24.907937"><ele>24.2</ele></trkpt>
      <trkpt lat="60.209747" lon="24.907987"><ele>24</ele></trkpt>
      <trkpt lat="60.209742" lon="24.90804"><ele>24</ele></trkpt>
      <trkpt lat="60.209727" lon="24.908087"><ele>23.8</ele></trkpt>
      <trkpt lat="60.20971" lon="24.908112"><ele>23.4</ele></trkpt>
      <trkpt lat="60.20969" lon="24.908147"><ele>22.8</ele></trkpt>
      <trkpt lat="60.20967" lon="24.908182"><ele>22.4</ele></trkpt>
      <trkpt lat="60.209647" lon="24.908232"><ele>22.2</ele></trkpt>
      <trkpt lat="60.209622" lon="24.908282"><ele>21.8</ele></trkpt>
      <trkpt lat="60.209597" lon="24.908322"><ele>21.6</ele></trkpt>
      <trkpt lat="60.209575" lon="24.908347"><ele>21.4</ele></trkpt>
      <trkpt lat="60.209547" lon="24.908372"><ele>21.2</ele></trkpt>
      <trkpt lat="60.20952" lon="24.908402"><ele>21</ele></trkpt>
      <trkpt lat="60.20949" lon="24.908432"><ele>20.8</ele></trkpt>
      <trkpt lat="60.209467" lon="24.908452"><ele>20.6</ele></trkpt>
      <trkpt lat="60.209442" lon="24.90848"><ele>20.6</ele></trkpt>
      <trkpt lat="60.209422" lon="24.908512"><ele>20.6</ele></trkpt>
      <trkpt lat="60.209392" lon="24.908547"><ele>20.8</ele></trkpt>
      <trkpt lat="60.209367" lon="24.90858"><ele>20.8</ele></trkpt>
      <trkpt lat="60.209342" lon="24.90862"><ele>20.6</ele></trkpt>
      <trkpt lat="60.209317" lon="24.90867"><ele>20.6</ele></trkpt>
      <trkpt lat="60.209292" lon="24.908712"><ele>20.6</ele></trkpt>
      <trkpt lat="60.209272" lon="24.908752"><ele>20.6</ele></trkpt>
      <trkpt lat="60.209252" lon="24.908795"><ele>20.4</ele></trkpt>
      <trkpt lat="60.20923" lon="24.90883"><ele>20.4</ele></trkpt>
      <trkpt lat="60.209212" lon="24.90886"><ele>20.2</ele></trkpt>
      <trkpt lat="60.209195" lon="24.90889"><ele>20.2</ele></trkpt>
      <trkpt lat="60.209167" lon="24.908937"><ele>20.4</ele></trkpt>
      <trkpt lat="60.209147" lon="24.908957"><ele>20.4</ele></trkpt>
      <trkpt lat="60.209127" lon="24.908962"><ele>20.4</ele></trkpt>
      <trkpt lat="60.209105" lon="24.908975"><ele>20.6</ele></trkpt>
      <trkpt lat="60.209085" lon="24.908982"><ele>20.8</ele></trkpt>
      <trkpt lat="60.209052" lon="24.90901"><ele>21.2</ele></trkpt>
      <trkpt lat="60.209032" lon="24.909027"><ele>21.4</ele></trkpt>
      <trkpt lat="60.209017" lon="24.90905"><ele>21.8</ele></trkpt>
      <trkpt lat="60.209005" lon="24.909082"><ele>22</ele></trkpt>
      <trkpt lat="60.208992" lon="24.909115"><ele>22.2</ele></trkpt>
      <trkpt lat="60.208977" lon="24.90914"><ele>22.2</ele></trkpt>
      <trkpt lat="60.208952" lon="24.909165"><ele>22.4</ele></trkpt>
      <trkpt lat="60.208935" lon="24.909185"><ele>22.4</ele></trkpt>
      <trkpt lat="60.208915" lon="24.909207"><ele>22.6</ele></trkpt>
      <trkpt lat="60.208897" lon="24.909222"><ele>22.6</ele></trkpt>
      <trkpt lat="60.208867" lon="24.909247"><ele>22.6</ele></trkpt>
      <trkpt lat="60.208832" lon="24.909272"><ele>22.6</ele></trkpt>
      <trkpt lat="60.208807" lon="24.909287"><ele>22.6</ele></trkpt>
      <trkpt lat="60.208787" lon="24.909317"><ele>22.4</ele></trkpt>
      <trkpt lat="60.20877" lon="24.909352"><ele>22.4</ele></trkpt>
      <trkpt lat="60.208752" lon="24.909377"><ele>22.4</ele></trkpt>
      <trkpt lat="60.20874" lon="24.909407"><ele>22.4</ele></trkpt>
      <trkpt lat="60.208732" lon="24.909462"><ele>22.2</ele></trkpt>
      <trkpt lat="60.208712" lon="24.90952"><ele>22.2</ele></trkpt>
      <trkpt lat="60.208692" lon="24.909577"><ele>22.2</ele></trkpt>
      <trkpt lat="60.208672" lon="24.909637"><ele>22</ele></trkpt>
      <trkpt lat="60.20865" lon="24.909702"><ele>22</ele></trkpt>
      <trkpt lat="60.20862" lon="24.909772"><ele>21.6</ele></trkpt>
      <trkpt lat="60.208577" lon="24.909807"><ele>21.2</ele></trkpt>
      <trkpt lat="60.20852" lon="24.909822"><ele>20.6</ele></trkpt>
      <trkpt lat="60.208462" lon="24.90979"><ele>19.8</ele></trkpt>
      <trkpt lat="60.208407" lon="24.909747"><ele>19</ele></trkpt>
      <trkpt lat="60.208352" lon="24.909702"><ele>18.4</ele></trkpt>
      <trkpt lat="60.208305" lon="24.909637"><ele>18.2</ele></trkpt>
      <trkpt lat="60.208272" lon="24.909555"><ele>18</ele></trkpt>
      <trkpt lat="60.208262" lon="24.909475"><ele>17.8</ele></trkpt>
      <trkpt lat="60.208252" lon="24.909397"><ele>17.8</ele></trkpt>
      <trkpt lat="60.208252" lon="24.909325"><ele>17.8</ele></trkpt>
      <trkpt lat="60.208252" lon="24.90926"><ele>17.8</ele></trkpt>
      <trkpt lat="60.208245" lon="24.9092"><ele>18</ele></trkpt>
      <trkpt lat="60.20824" lon="24.909142"><ele>18</ele></trkpt>
      <trkpt lat="60.208232" lon="24.909085"><ele>18.2</ele></trkpt>
      <trkpt lat="60.208222" lon="24.90903"><ele>18.4</ele></trkpt>
      <trkpt lat="60.208215" lon="24.908977"><ele>18.6</ele></trkpt>
      <trkpt lat="60.208207" lon="24.908927"><ele>18.8</ele></trkpt>
      <trkpt lat="60.208195" lon="24.908885"><ele>19</ele></trkpt>
      <trkpt lat="60.208185" lon="24.908842"><ele>19.2</ele></trkpt>
      <trkpt lat="60.208172" lon="24.908802"><ele>19.6</ele></trkpt>
      <trkpt lat="60.208155" lon="24.908752"><ele>19.8</ele></trkpt>
      <trkpt lat="60.208135" lon="24.9087"><ele>20</ele></trkpt>
      <trkpt lat="60.208112" lon="24.908655"><ele>20.2</ele></trkpt>
      <trkpt lat="60.208092" lon="24.90862"><ele>20.2</ele></trkpt>
      <trkpt lat="60.208075" lon="24.908592"><ele>20.2</ele></trkpt>
      <trkpt lat="60.208052" lon="24.908567"><ele>20.4</ele></trkpt>
      <trkpt lat="60.208035" lon="24.908552"><ele>21.4</ele></trkpt>
      <trkpt lat="60.208012" lon="24.908542"><ele>21.6</ele></trkpt>
      <trkpt lat="60.207995" lon="24.908527"><ele>21.6</ele></trkpt>
      <trkpt lat="60.207967" lon="24.908512"><ele>21.6</ele></trkpt>
      <trkpt lat="60.207947" lon="24.908507"><ele>21.8</ele></trkpt>
      <trkpt lat="60.20793" lon="24.908515"><ele>21.8</ele></trkpt>
      <trkpt lat="60.207907" lon="24.90852"><ele>22</ele></trkpt>
      <trkpt lat="60.207882" lon="24.908515"><ele>22</ele></trkpt>
      <trkpt lat="60.207857" lon="24.90851"><ele>22.2</ele></trkpt>
      <trkpt lat="60.207832" lon="24.908502"><ele>22.4</ele></trkpt>
      <trkpt lat="60.20781" lon="24.908492"><ele>22.4</ele></trkpt>
      <trkpt lat="60.207785" lon="24.908475"><ele>22.6</ele></trkpt>
      <trkpt lat="60.207767" lon="24.908455"><ele>22.6</ele></trkpt>
      <trkpt lat="60.207747" lon="24.908437"><ele>22.6</ele></trkpt>
      <trkpt lat="60.207717" lon="24.908427"><ele>22.8</ele></trkpt>
      <trkpt lat="60.20769" lon="24.908452"><ele>23.2</ele></trkpt>
      <trkpt lat="60.207667" lon="24.908467"><ele>24.6</ele></trkpt>
      <trkpt lat="60.20764" lon="24.908472"><ele>25.4</ele></trkpt>
      <trkpt lat="60.207607" lon="24.908467"><ele>25.4</ele></trkpt>
      <trkpt lat="60.207587" lon="24.908457"><ele>25.4</ele></trkpt>
      <trkpt lat="60.207565" lon="24.908457"><ele>25.4</ele></trkpt>
      <trkpt lat="60.207542" lon="24.908462"><ele>25.4</ele></trkpt>
      <trkpt lat="60.207515" lon="24.90845"><ele>25.4</ele></trkpt>
      <trkpt lat="60.207492" lon="24.908437"><ele>25.4</ele></trkpt>
      <trkpt lat="60.207472" lon="24.908432"><ele>25.4</ele></trkpt>
      <trkpt lat="60.207455" lon="24.90843"><ele>25.4</ele></trkpt>
      <trkpt lat="60.207432" lon="24.908437"><ele>25.4</ele></trkpt>
      <trkpt lat="60.207405" lon="24.908445"><ele>25.4</ele></trkpt>
      <trkpt lat="60.207372" lon="24.908445"><ele>25.4</ele></trkpt>
      <trkpt lat="60.207342" lon="24.908435"><ele>25.6</ele></trkpt>
      <trkpt lat="60.207315" lon="24.908425"><ele>25.6</ele></trkpt>
      <trkpt lat="60.207287" lon="24.908415"><ele>25.4</ele></trkpt>
      <trkpt lat="60.20726" lon="24.908402"><ele>25.4</ele></trkpt>
      <trkpt lat="60.207237" lon="24.908387"><ele>25.4</ele></trkpt>
      <trkpt lat="60.207217" lon="24.908367"><ele>25.2</ele></trkpt>
      <trkpt lat="60.207192" lon="24.908337"><ele>25.2</ele></trkpt>
      <trkpt lat="60.207177" lon="24.908307"><ele>25.2</ele></trkpt>
      <trkpt lat="60.207152" lon="24.908252"><ele>25.2</ele></trkpt>
      <trkpt lat="60.207117" lon="24.908232"><ele>25.4</ele></trkpt>
      <trkpt lat="60.207092" lon="24.90823"><ele>25.4</ele></trkpt>
      <trkpt lat="60.207067" lon="24.908237"><ele>25.4</ele></trkpt>
      <trkpt lat="60.20704" lon="24.908257"><ele>25.6</ele></trkpt>
      <trkpt lat="60.207005" lon="24.908265"><ele>25.6</ele></trkpt>
      <trkpt lat="60.206965" lon="24.908257"><ele>25.4</ele></trkpt>
      <trkpt lat="60.206922" lon="24.908247"><ele>25.4</ele></trkpt>
      <trkpt lat="60.206887" lon="24.908237"><ele>25.2</ele></trkpt>
      <trkpt lat="60.206852" lon="24.908237"><ele>25</ele></trkpt>
      <trkpt lat="60.206817" lon="24.908237"><ele>24.8</ele></trkpt>
      <trkpt lat="60.206777" lon="24.908235"><ele>24.4</ele></trkpt>
      <trkpt lat="60.20674" lon="24.908217"><ele>24.2</ele></trkpt>
      <trkpt lat="60.206702" lon="24.908192"><ele>24</ele></trkpt>
      <trkpt lat="60.206665" lon="24.908172"><ele>23.6</ele></trkpt>
      <trkpt lat="60.206627" lon="24.90817"><ele>23.4</ele></trkpt>
      <trkpt lat="60.206587" lon="24.908172"><ele>23</ele></trkpt>
      <trkpt lat="60.206545" lon="24.908185"><ele>22.8</ele></trkpt>
      <trkpt lat="60.206502" lon="24.908187"><ele>22.6</ele></trkpt>
      <trkpt lat="60.206462" lon="24.90818"><ele>22.2</ele></trkpt>
      <trkpt lat="60.206417" lon="24.908177"><ele>22</ele></trkpt>
      <trkpt lat="60.206382" lon="24.908207"><ele>21.8</ele></trkpt>
      <trkpt lat="60.206357" lon="24.908257"><ele>21.4</ele></trkpt>
      <trkpt lat="60.206332" lon="24.908322"><ele>21.2</ele></trkpt>
      <trkpt lat="60.206312" lon="24.908392"><ele>20.8</ele></trkpt>
      <trkpt lat="60.206287" lon="24.908465"><ele>20.6</ele></trkpt>
      <trkpt lat="60.206262" lon="24.908515"><ele>20.6</ele></trkpt>
      <trkpt lat="60.20624" lon="24.908552"><ele>20.4</ele></trkpt>
      <trkpt lat="60.206222" lon="24.90858"><ele>20.2</ele></trkpt>
      <trkpt lat="60.206207" lon="24.908607"><ele>20.2</ele></trkpt>
      <trkpt lat="60.206197" lon="24.908642"><ele>20.2</ele></trkpt>
      <trkpt lat="60.206182" lon="24.908675"><ele>20.2</ele></trkpt>
      <trkpt lat="60.20615" lon="24.90872"><ele>20.6</ele></trkpt>
      <trkpt lat="60.206127" lon="24.908737"><ele>20.6</ele></trkpt>
      <trkpt lat="60.206107" lon="24.90875"><ele>20.6</ele></trkpt>
      <trkpt lat="60.206087" lon="24.908782"><ele>20.8</ele></trkpt>
      <trkpt lat="60.206062" lon="24.908797"><ele>20.8</ele></trkpt>
      <trkpt lat="60.206042" lon="24.908787"><ele>21</ele></trkpt>
      <trkpt lat="60.20602" lon="24.908797"><ele>21</ele></trkpt>
      <trkpt lat="60.206" lon="24.908812"><ele>21</ele></trkpt>
      <trkpt lat="60.205972" lon="24.908837"><ele>21.2</ele></trkpt>
      <trkpt lat="60.205942" lon="24.908862"><ele>21.2</ele></trkpt>
      <trkpt lat="60.205917" lon="24.908895"><ele>21.2</ele></trkpt>
      <trkpt lat="60.205885" lon="24.908918"><ele>21.2</ele></trkpt>
      <trkpt lat="60.205852" lon="24.908918"><ele>21.2</ele></trkpt>
      <trkpt lat="60.20582" lon="24.90891"><ele>21.2</ele></trkpt>
      <trkpt lat="60.20579" lon="24.908895"><ele>21</ele></trkpt>
      <trkpt lat="60.205767" lon="24.9089"><ele>20.8</ele></trkpt>
      <trkpt lat="60.205742" lon="24.908907"><ele>20.8</ele></trkpt>
      <trkpt lat="60.205722" lon="24.908897"><ele>20.8</ele></trkpt>
      <trkpt lat="60.205702" lon="24.908892"><ele>20.8</ele></trkpt>
      <trkpt lat="60.205672" lon="24.908932"><ele>21</ele></trkpt>
      <trkpt lat="60.205655" lon="24.908967"><ele>21</ele></trkpt>
      <trkpt lat="60.205627" lon="24.909"><ele>21</ele></trkpt>
      <trkpt lat="60.205602" lon="24.909022"><ele>20.8</ele></trkpt>
      <trkpt lat="60.205582" lon="24.90904"><ele>20.8</ele></trkpt>
      <trkpt lat="60.205565" lon="24.90907"><ele>20.8</ele></trkpt>
      <trkpt lat="60.205537" lon="24.909092"><ele>20.6</ele></trkpt>
      <trkpt lat="60.20551" lon="24.909107"><ele>20.6</ele></trkpt>
      <trkpt lat="60.205487" lon="24.909122"><ele>20.6</ele></trkpt>
      <trkpt lat="60.205467" lon="24.909122"><ele>20.6</ele></trkpt>
      <trkpt lat="60.205447" lon="24.909122"><ele>20.6</ele></trkpt>
      <trkpt lat="60.20543" lon="24.909122"><ele>20.6</ele></trkpt>
      <trkpt lat="60.205412" lon="24.909125"><ele>20.8</ele></trkpt>
      <trkpt lat="60.20538" lon="24.90914"><ele>21</ele></trkpt>
      <trkpt lat="60.20535" lon="24.909192"><ele>21.2</ele></trkpt>
      <trkpt lat="60.205332" lon="24.90923"><ele>21.4</ele></trkpt>
      <trkpt lat="60.205312" lon="24.909277"><ele>21.6</ele></trkpt>
      <trkpt lat="60.205297" lon="24.909317"><ele>21.6</ele></trkpt>
      <trkpt lat="60.205277" lon="24.909347"><ele>21.6</ele></trkpt>
      <trkpt lat="60.205255" lon="24.909375"><ele>21.6</ele></trkpt>
      <trkpt lat="60.205227" lon="24.909395"><ele>21.6</ele></trkpt>
      <trkpt lat="60.205202" lon="24.909417"><ele>21.8</ele></trkpt>
      <trkpt lat="60.205182" lon="24.90946"><ele>21.8</ele></trkpt>
      <trkpt lat="60.20516" lon="24.909502"><ele>21.8</ele></trkpt>
      <trkpt lat="60.20514" lon="24.909558"><ele>21.8</ele></trkpt>
      <trkpt lat="60.205122" lon="24.909617"><ele>21.8</ele></trkpt>
      <trkpt lat="60.205097" lon="24.909682"><ele>21.8</ele></trkpt>
      <trkpt lat="60.205067" lon="24.90974"><ele>21.8</ele></trkpt>
      <trkpt lat="60.205032" lon="24.90979"><ele>21.6</ele></trkpt>
      <trkpt lat="60.205007" lon="24.90985"><ele>21.6</ele></trkpt>
      <trkpt lat="60.204977" lon="24.909907"><ele>21.6</ele></trkpt>
      <trkpt lat="60.204945" lon="24.909962"><ele>21.4</ele></trkpt>
      <trkpt lat="60.20491" lon="24.910012"><ele>21.4</ele></trkpt>
      <trkpt lat="60.204872" lon="24.910057"><ele>21.2</ele></trkpt>
      <trkpt lat="60.204842" lon="24.91012"><ele>20.8</ele></trkpt>
      <trkpt lat="60.204812" lon="24.910192"><ele>20.6</ele></trkpt>
      <trkpt lat="60.204785" lon="24.910262"><ele>20.6</ele></trkpt>
      <trkpt lat="60.204767" lon="24.910322"><ele>20.4</ele></trkpt>
      <trkpt lat="60.204747" lon="24.910367"><ele>20.4</ele></trkpt>
      <trkpt lat="60.204737" lon="24.910407"><ele>20.4</ele></trkpt>
      <trkpt lat="60.204725" lon="24.910437"><ele>20.6</ele></trkpt>
      <trkpt lat="60.204712" lon="24.910477"><ele>21.2</ele></trkpt>
      <trkpt lat="60.204682" lon="24.910527"><ele>21.2</ele></trkpt>
      <trkpt lat="60.204665" lon="24.910575"><ele>21.2</ele></trkpt>
      <trkpt lat="60.204637" lon="24.910632"><ele>21</ele></trkpt>
      <trkpt lat="60.204612" lon="24.910692"><ele>21</ele></trkpt>
      <trkpt lat="60.204597" lon="24.910727"><ele>21</ele></trkpt>
      <trkpt lat="60.204587" lon="24.910765"><ele>21</ele></trkpt>
      <trkpt lat="60.204577" lon="24.910807"><ele>21</ele></trkpt>
      <trkpt lat="60.204562" lon="24.91085"><ele>21</ele></trkpt>
      <trkpt lat="60.204547" lon="24.910882"><ele>20.8</ele></trkpt>
      <trkpt lat="60.204522" lon="24.910902"><ele>20.8</ele></trkpt>
      <trkpt lat="60.2045" lon="24.910912"><ele>20.8</ele></trkpt>
      <trkpt lat="60.20448" lon="24.910952"><ele>21</ele></trkpt>
      <trkpt lat="60.204455" lon="24.911007"><ele>21.2</ele></trkpt>
      <trkpt lat="60.20444" lon="24.911035"><ele>21.4</ele></trkpt>
      <trkpt lat="60.20442" lon="24.911057"><ele>21.6</ele></trkpt>
      <trkpt lat="60.204387" lon="24.911092"><ele>22</ele></trkpt>
      <trkpt lat="60.204372" lon="24.91112"><ele>22.2</ele></trkpt>
      <trkpt lat="60.204355" lon="24.911147"><ele>22.6</ele></trkpt>
      <trkpt lat="60.204332" lon="24.911177"><ele>22.8</ele></trkpt>
      <trkpt lat="60.204312" lon="24.911202"><ele>23</ele></trkpt>
      <trkpt lat="60.204297" lon="24.911222"><ele>23.2</ele></trkpt>
      <trkpt lat="60.204275" lon="24.911242"><ele>23.4</ele></trkpt>
      <trkpt lat="60.204257" lon="24.911268"><ele>23.4</ele></trkpt>
      <trkpt lat="60.204232" lon="24.911297"><ele>23.6</ele></trkpt>
      <trkpt lat="60.20421" lon="24.911322"><ele>23.8</ele></trkpt>
      <trkpt lat="60.204182" lon="24.911347"><ele>24</ele></trkpt>
      <trkpt lat="60.204155" lon="24.911367"><ele>24.2</ele></trkpt>
      <trkpt lat="60.20412" lon="24.911392"><ele>24.4</ele></trkpt>
      <trkpt lat="60.204085" lon="24.911417"><ele>24.6</ele></trkpt>
      <trkpt lat="60.204047" lon="24.911447"><ele>24.8</ele></trkpt>
      <trkpt lat="60.20401" lon="24.91147"><ele>24.8</ele></trkpt>
      <trkpt lat="60.203975" lon="24.9115"><ele>25</ele></trkpt>
      <trkpt lat="60.203947" lon="24.911547"><ele>24.8</ele></trkpt>
      <trkpt lat="60.203917" lon="24.911607"><ele>24.8</ele></trkpt>
      <trkpt lat="60.203892" lon="24.911657"><ele>24.8</ele></trkpt>
      <trkpt lat="60.203867" lon="24.911697"><ele>24.6</ele></trkpt>
      <trkpt lat="60.203847" lon="24.911722"><ele>24.6</ele></trkpt>
      <trkpt lat="60.203827" lon="24.911752"><ele>24.6</ele></trkpt>
      <trkpt lat="60.203812" lon="24.911782"><ele>24.6</ele></trkpt>
      <trkpt lat="60.203797" lon="24.911815"><ele>24.6</ele></trkpt>
      <trkpt lat="60.20378" lon="24.911852"><ele>24.6</ele></trkpt>
      <trkpt lat="60.203762" lon="24.91192"><ele>24.8</ele></trkpt>
      <trkpt lat="60.203752" lon="24.911977"><ele>24.8</ele></trkpt>
      <trkpt lat="60.203737" lon="24.912037"><ele>24.8</ele></trkpt>
      <trkpt lat="60.203717" lon="24.912087"><ele>24.8</ele></trkpt>
      <trkpt lat="60.203697" lon="24.912137"><ele>24.6</ele></trkpt>
      <trkpt lat="60.203667" lon="24.912192"><ele>24.4</ele></trkpt>
      <trkpt lat="60.203632" lon="24.912237"><ele>24.4</ele></trkpt>
      <trkpt lat="60.203597" lon="24.912265"><ele>24.2</ele></trkpt>
      <trkpt lat="60.203567" lon="24.912302"><ele>23.8</ele></trkpt>
      <trkpt lat="60.203537" lon="24.912332"><ele>23.6</ele></trkpt>
      <trkpt lat="60.203512" lon="24.912352"><ele>23.4</ele></trkpt>
      <trkpt lat="60.203495" lon="24.912375"><ele>23.2</ele></trkpt>
      <trkpt lat="60.203467" lon="24.912392"><ele>23.2</ele></trkpt>
      <trkpt lat="60.203437" lon="24.912405"><ele>23.2</ele></trkpt>
      <trkpt lat="60.203417" lon="24.912432"><ele>23.4</ele></trkpt>
      <trkpt lat="60.203392" lon="24.912455"><ele>23.6</ele></trkpt>
      <trkpt lat="60.203375" lon="24.912487"><ele>23.6</ele></trkpt>
      <trkpt lat="60.203357" lon="24.912527"><ele>23.8</ele></trkpt>
      <trkpt lat="60.203332" lon="24.912562"><ele>24</ele></trkpt>
      <trkpt lat="60.203307" lon="24.912597"><ele>24</ele></trkpt>
      <trkpt lat="60.203282" lon="24.91262"><ele>24</ele></trkpt>
      <trkpt lat="60.203247" lon="24.912632"><ele>24</ele></trkpt>
      <trkpt lat="60.203217" lon="24.912627"><ele>24</ele></trkpt>
      <trkpt lat="60.203195" lon="24.912617"><ele>24.2</ele></trkpt>
      <trkpt lat="60.203167" lon="24.912605"><ele>24</ele></trkpt>
      <trkpt lat="60.203135" lon="24.912572"><ele>24</ele></trkpt>
      <trkpt lat="60.203107" lon="24.912542"><ele>23.8</ele></trkpt>
      <trkpt lat="60.203072" lon="24.912517"><ele>23.6</ele></trkpt>
      <trkpt lat="60.203055" lon="24.912502"><ele>23.6</ele></trkpt>
      <trkpt lat="60.203027" lon="24.912485"><ele>23.6</ele></trkpt>
      <trkpt lat="60.20299" lon="24.912477"><ele>23.4</ele></trkpt>
      <trkpt lat="60.20294" lon="24.912505"><ele>23.2</ele></trkpt>
      <trkpt lat="60.202892" lon="24.912532"><ele>23.2</ele></trkpt>
      <trkpt lat="60.202847" lon="24.912535"><ele>23</ele></trkpt>
      <trkpt lat="60.202807" lon="24.91256"><ele>22.6</ele></trkpt>
      <trkpt lat="60.202782" lon="24.912572"><ele>22.2</ele></trkpt>
      <trkpt lat="60.202762" lon="24.912597"><ele>22</ele></trkpt>
      <trkpt lat="60.202737" lon="24.912627"><ele>21.8</ele></trkpt>
      <trkpt lat="60.202712" lon="24.91265"><ele>22</ele></trkpt>
      <trkpt lat="60.202677" lon="24.912672"><ele>22</ele></trkpt>
      <trkpt lat="60.202637" lon="24.912682"><ele>22.2</ele></trkpt>
      <trkpt lat="60.202602" lon="24.912687"><ele>22.2</ele></trkpt>
      <trkpt lat="60.202572" lon="24.912687"><ele>22.4</ele></trkpt>
      <trkpt lat="60.202547" lon="24.912677"><ele>22.4</ele></trkpt>
      <trkpt lat="60.20252" lon="24.912682"><ele>22.6</ele></trkpt>
      <trkpt lat="60.202495" lon="24.912697"><ele>22.8</ele></trkpt>
      <trkpt lat="60.202462" lon="24.912715"><ele>23.2</ele></trkpt>
      <trkpt lat="60.202432" lon="24.912727"><ele>23.4</ele></trkpt>
      <trkpt lat="60.202415" lon="24.912715"><ele>23.6</ele></trkpt>
      <trkpt lat="60.202392" lon="24.912727"><ele>23.8</ele></trkpt>
      <trkpt lat="60.202367" lon="24.91274"><ele>23.8</ele></trkpt>
      <trkpt lat="60.202342" lon="24.912747"><ele>23.8</ele></trkpt>
      <trkpt lat="60.202322" lon="24.91275"><ele>23.8</ele></trkpt>
      <trkpt lat="60.202288" lon="24.912765"><ele>24</ele></trkpt>
      <trkpt lat="60.202267" lon="24.912777"><ele>24</ele></trkpt>
      <trkpt lat="60.202242" lon="24.91279"><ele>24</ele></trkpt>
      <trkpt lat="60.202217" lon="24.912805"><ele>24</ele></trkpt>
      <trkpt lat="60.202192" lon="24.912802"><ele>24.2</ele></trkpt>
      <trkpt lat="60.20217" lon="24.9128"><ele>24.2</ele></trkpt>
      <trkpt lat="60.202152" lon="24.912802"><ele>24.2</ele></trkpt>
      <trkpt lat="60.202132" lon="24.912807"><ele>24.2</ele></trkpt>
      <trkpt lat="60.202102" lon="24.912815"><ele>24.2</ele></trkpt>
      <trkpt lat="60.202077" lon="24.912812"><ele>24.2</ele></trkpt>
      <trkpt lat="60.202052" lon="24.912807"><ele>24.2</ele></trkpt>
      <trkpt lat="60.202025" lon="24.912792"><ele>24.2</ele></trkpt>
      <trkpt lat="60.202002" lon="24.91277"><ele>24.2</ele></trkpt>
      <trkpt lat="60.201985" lon="24.912757"><ele>24</ele></trkpt>
      <trkpt lat="60.20196" lon="24.912762"><ele>24</ele></trkpt>
      <trkpt lat="60.201932" lon="24.912757"><ele>24</ele></trkpt>
      <trkpt lat="60.201905" lon="24.912737"><ele>23.8</ele></trkpt>
      <trkpt lat="60.201872" lon="24.912717"><ele>23.8</ele></trkpt>
      <trkpt lat="60.201847" lon="24.912697"><ele>23.8</ele></trkpt>
      <trkpt lat="60.20182" lon="24.912657"><ele>23.8</ele></trkpt>
      <trkpt lat="60.201792" lon="24.912622"><ele>23.6</ele></trkpt>
      <trkpt lat="60.201767" lon="24.912605"><ele>23.6</ele></trkpt>
      <trkpt lat="60.201737" lon="24.912602"><ele>23.6</ele></trkpt>
      <trkpt lat="60.20171" lon="24.91261"><ele>23.8</ele></trkpt>
      <trkpt lat="60.201692" lon="24.91261"><ele>24</ele></trkpt>
      <trkpt lat="60.201672" lon="24.912607"><ele>24</ele></trkpt>
      <trkpt lat="60.201637" lon="24.912602"><ele>24.4</ele></trkpt>
      <trkpt lat="60.201612" lon="24.912602"><ele>24.6</ele></trkpt>
      <trkpt lat="60.201587" lon="24.9126"><ele>24.8</ele></trkpt>
      <trkpt lat="60.201562" lon="24.912592"><ele>25</ele></trkpt>
      <trkpt lat="60.201542" lon="24.912582"><ele>25</ele></trkpt>
      <trkpt lat="60.201505" lon="24.91259"><ele>25.2</ele></trkpt>
      <trkpt lat="60.201477" lon="24.912607"><ele>25.4</ele></trkpt>
      <trkpt lat="60.201445" lon="24.912627"><ele>25.4</ele></trkpt>
      <trkpt lat="60.20142" lon="24.912627"><ele>25.8</ele></trkpt>
      <trkpt lat="60.201397" lon="24.91266"><ele>26.4</ele></trkpt>
      <trkpt lat="60.20137" lon="24.9127"><ele>27</ele></trkpt>
      <trkpt lat="60.201355" lon="24.912722"><ele>27.2</ele></trkpt>
      <trkpt lat="60.20134" lon="24.912742"><ele>27.6</ele></trkpt>
      <trkpt lat="60.20131" lon="24.91278"><ele>28.2</ele></trkpt>
      <trkpt lat="60.201292" lon="24.912802"><ele>28.4</ele></trkpt>
      <trkpt lat="60.20127" lon="24.912822"><ele>28.8</ele></trkpt>
      <trkpt lat="60.20125" lon="24.912847"><ele>29.2</ele></trkpt>
      <trkpt lat="60.201227" lon="24.912875"><ele>29.4</ele></trkpt>
      <trkpt lat="60.201207" lon="24.912897"><ele>29.6</ele></trkpt>
      <trkpt lat="60.201185" lon="24.912917"><ele>29.6</ele></trkpt>
      <trkpt lat="60.201162" lon="24.912927"><ele>29.8</ele></trkpt>
      <trkpt lat="60.201135" lon="24.912947"><ele>29.8</ele></trkpt>
      <trkpt lat="60.201105" lon="24.912987"><ele>30.2</ele></trkpt>
      <trkpt lat="60.201082" lon="24.912997"><ele>30.4</ele></trkpt>
      <trkpt lat="60.201062" lon="24.91302"><ele>30.6</ele></trkpt>
      <trkpt lat="60.201052" lon="24.913065"><ele>30.8</ele></trkpt>
      <trkpt lat="60.201037" lon="24.913112"><ele>31</ele></trkpt>
      <trkpt lat="60.201017" lon="24.913162"><ele>31</ele></trkpt>
      <trkpt lat="60.20099" lon="24.913207"><ele>31</ele></trkpt>
      <trkpt lat="60.200962" lon="24.913245"><ele>31</ele></trkpt>
      <trkpt lat="60.200937" lon="24.913277"><ele>30.8</ele></trkpt>
      <trkpt lat="60.200917" lon="24.9133"><ele>30.8</ele></trkpt>
      <trkpt lat="60.200895" lon="24.913307"><ele>30.6</ele></trkpt>
      <trkpt lat="60.200872" lon="24.913308"><ele>30.6</ele></trkpt>
      <trkpt lat="60.20085" lon="24.91337"><ele>30.8</ele></trkpt>
      <trkpt lat="60.200842" lon="24.913447"><ele>31</ele></trkpt>
      <trkpt lat="60.200837" lon="24.913532"><ele>31</ele></trkpt>
      <trkpt lat="60.200832" lon="24.913617"><ele>30.8</ele></trkpt>
      <trkpt lat="60.200827" lon="24.913705"><ele>30.6</ele></trkpt>
      <trkpt lat="60.200812" lon="24.913777"><ele>30.4</ele></trkpt>
      <trkpt lat="60.200792" lon="24.913822"><ele>30.2</ele></trkpt>
      <trkpt lat="60.200792" lon="24.913862"><ele>29.8</ele></trkpt>
      <trkpt lat="60.200802" lon="24.913902"><ele>29.8</ele></trkpt>
      <trkpt lat="60.200812" lon="24.913957"><ele>29.8</ele></trkpt>
      <trkpt lat="60.200822" lon="24.914017"><ele>30</ele></trkpt>
      <trkpt lat="60.200827" lon="24.914075"><ele>30</ele></trkpt>
      <trkpt lat="60.200832" lon="24.914137"><ele>29.8</ele></trkpt>
      <trkpt lat="60.200842" lon="24.9142"><ele>29.6</ele></trkpt>
      <trkpt lat="60.200847" lon="24.914267"><ele>29.4</ele></trkpt>
      <trkpt lat="60.200852" lon="24.914327"><ele>29</ele></trkpt>
      <trkpt lat="60.200857" lon="24.914385"><ele>28.8</ele></trkpt>
      <trkpt lat="60.200862" lon="24.914437"><ele>28.4</ele></trkpt>
      <trkpt lat="60.200862" lon="24.914477"><ele>28</ele></trkpt>
      <trkpt lat="60.200875" lon="24.914552"><ele>27</ele></trkpt>
      <trkpt lat="60.200887" lon="24.914592"><ele>26.6</ele></trkpt>
      <trkpt lat="60.200905" lon="24.914645"><ele>26.2</ele></trkpt>
      <trkpt lat="60.20093" lon="24.914712"><ele>25.8</ele></trkpt>
      <trkpt lat="60.200957" lon="24.91479"><ele>25.4</ele></trkpt>
      <trkpt lat="60.20098" lon="24.914877"><ele>24.8</ele></trkpt>
      <trkpt lat="60.200985" lon="24.914972"><ele>24</ele></trkpt>
      <trkpt lat="60.200977" lon="24.915067"><ele>23.4</ele></trkpt>
      <trkpt lat="60.200962" lon="24.915152"><ele>23</ele></trkpt>
      <trkpt lat="60.20094" lon="24.915222"><ele>22.6</ele></trkpt>
      <trkpt lat="60.200922" lon="24.91527"><ele>22.4</ele></trkpt>
      <trkpt lat="60.200917" lon="24.91533"><ele>22</ele></trkpt>
      <trkpt lat="60.200922" lon="24.915375"><ele>21.8</ele></trkpt>
      <trkpt lat="60.200927" lon="24.915425"><ele>21.8</ele></trkpt>
      <trkpt lat="60.200937" lon="24.915472"><ele>21.6</ele></trkpt>
      <trkpt lat="60.200945" lon="24.915527"><ele>21.6</ele></trkpt>
      <trkpt lat="60.200937" lon="24.915572"><ele>21.4</ele></trkpt>
      <trkpt lat="60.20092" lon="24.915602"><ele>21.4</ele></trkpt>
      <trkpt lat="60.200897" lon="24.915627"><ele>21.2</ele></trkpt>
      <trkpt lat="60.200872" lon="24.915642"><ele>21</ele></trkpt>
      <trkpt lat="60.200852" lon="24.915657"><ele>21</ele></trkpt>
      <trkpt lat="60.200832" lon="24.915667"><ele>20.8</ele></trkpt>
      <trkpt lat="60.200802" lon="24.9157"><ele>20.6</ele></trkpt>
      <trkpt lat="60.200782" lon="24.915717"><ele>20.8</ele></trkpt>
      <trkpt lat="60.200757" lon="24.915712"><ele>20.8</ele></trkpt>
      <trkpt lat="60.200737" lon="24.915712"><ele>20.8</ele></trkpt>
      <trkpt lat="60.200715" lon="24.915735"><ele>20.8</ele></trkpt>
      <trkpt lat="60.200697" lon="24.915765"><ele>20.8</ele></trkpt>
      <trkpt lat="60.20068" lon="24.915802"><ele>20.8</ele></trkpt>
      <trkpt lat="60.20066" lon="24.915842"><ele>20.8</ele></trkpt>
      <trkpt lat="60.200637" lon="24.915867"><ele>20.8</ele></trkpt>
      <trkpt lat="60.200607" lon="24.915897"><ele>20.8</ele></trkpt>
      <trkpt lat="60.20058" lon="24.915937"><ele>21</ele></trkpt>
      <trkpt lat="60.200547" lon="24.915977"><ele>21.2</ele></trkpt>
      <trkpt lat="60.200517" lon="24.916015"><ele>21.2</ele></trkpt>
      <trkpt lat="60.20049" lon="24.91605"><ele>21.2</ele></trkpt>
      <trkpt lat="60.200457" lon="24.916082"><ele>21.2</ele></trkpt>
      <trkpt lat="60.20042" lon="24.916107"><ele>21.2</ele></trkpt>
      <trkpt lat="60.20038" lon="24.916147"><ele>21</ele></trkpt>
      <trkpt lat="60.200337" lon="24.916197"><ele>20.8</ele></trkpt>
      <trkpt lat="60.200302" lon="24.916232"><ele>20.8</ele></trkpt>
      <trkpt lat="60.200267" lon="24.916285"><ele>20.6</ele></trkpt>
      <trkpt lat="60.200222" lon="24.916317"><ele>20</ele></trkpt>
      <trkpt lat="60.200182" lon="24.91633"><ele>19.4</ele></trkpt>
      <trkpt lat="60.200142" lon="24.916342"><ele>19</ele></trkpt>
      <trkpt lat="60.200097" lon="24.916357"><ele>18.8</ele></trkpt>
      <trkpt lat="60.200052" lon="24.916372"><ele>18.6</ele></trkpt>
      <trkpt lat="60.200007" lon="24.916387"><ele>18.6</ele></trkpt>
      <trkpt lat="60.199962" lon="24.916407"><ele>18.4</ele></trkpt>
      <trkpt lat="60.199925" lon="24.916427"><ele>18.6</ele></trkpt>
      <trkpt lat="60.199887" lon="24.916437"><ele>18.6</ele></trkpt>
      <trkpt lat="60.199845" lon="24.916447"><ele>18.6</ele></trkpt>
      <trkpt lat="60.199802" lon="24.916462"><ele>18.4</ele></trkpt>
      <trkpt lat="60.199757" lon="24.916472"><ele>18.4</ele></trkpt>
      <trkpt lat="60.199717" lon="24.91647"><ele>18.2</ele></trkpt>
      <trkpt lat="60.199677" lon="24.91648"><ele>18.2</ele></trkpt>
      <trkpt lat="60.199632" lon="24.9165"><ele>18.2</ele></trkpt>
      <trkpt lat="60.19959" lon="24.91652"><ele>18</ele></trkpt>
      <trkpt lat="60.199557" lon="24.916532"><ele>18</ele></trkpt>
      <trkpt lat="60.199527" lon="24.916567"><ele>18</ele></trkpt>
      <trkpt lat="60.199497" lon="24.9166"><ele>17.8</ele></trkpt>
      <trkpt lat="60.199472" lon="24.916643"><ele>17.8</ele></trkpt>
      <trkpt lat="60.199445" lon="24.916692"><ele>17.8</ele></trkpt>
      <trkpt lat="60.199402" lon="24.916717"><ele>17.8</ele></trkpt>
      <trkpt lat="60.199372" lon="24.91672"><ele>17.6</ele></trkpt>
      <trkpt lat="60.19934" lon="24.916715"><ele>17.6</ele></trkpt>
      <trkpt lat="60.199302" lon="24.916707"><ele>17.4</ele></trkpt>
      <trkpt lat="60.199267" lon="24.916677"><ele>17.4</ele></trkpt>
      <trkpt lat="60.199237" lon="24.91666"><ele>17.2</ele></trkpt>
      <trkpt lat="60.199207" lon="24.91663"><ele>17.2</ele></trkpt>
      <trkpt lat="60.199177" lon="24.916607"><ele>17.4</ele></trkpt>
      <trkpt lat="60.19915" lon="24.916572"><ele>17.4</ele></trkpt>
      <trkpt lat="60.199125" lon="24.916532"><ele>17.4</ele></trkpt>
      <trkpt lat="60.199097" lon="24.91649"><ele>17.2</ele></trkpt>
      <trkpt lat="60.19907" lon="24.916442"><ele>17.2</ele></trkpt>
      <trkpt lat="60.199037" lon="24.916397"><ele>17.2</ele></trkpt>
      <trkpt lat="60.199002" lon="24.916347"><ele>17.2</ele></trkpt>
      <trkpt lat="60.198967" lon="24.916297"><ele>17.2</ele></trkpt>
      <trkpt lat="60.198932" lon="24.916252"><ele>17</ele></trkpt>
      <trkpt lat="60.1989" lon="24.916212"><ele>17</ele></trkpt>
      <trkpt lat="60.198867" lon="24.916172"><ele>17</ele></trkpt>
      <trkpt lat="60.198832" lon="24.916137"><ele>17</ele></trkpt>
      <trkpt lat="60.198797" lon="24.916105"><ele>17</ele></trkpt>
      <trkpt lat="60.198765" lon="24.916085"><ele>17</ele></trkpt>
      <trkpt lat="60.198735" lon="24.916105"><ele>17</ele></trkpt>
      <trkpt lat="60.198705" lon="24.916132"><ele>17</ele></trkpt>
      <trkpt lat="60.198677" lon="24.916162"><ele>16.8</ele></trkpt>
      <trkpt lat="60.198657" lon="24.916172"><ele>16.8</ele></trkpt>
      <trkpt lat="60.198622" lon="24.916175"><ele>16.8</ele></trkpt>
      <trkpt lat="60.198607" lon="24.916137"><ele>16.8</ele></trkpt>
      <trkpt lat="60.198597" lon="24.9161"><ele>16.8</ele></trkpt>
      <trkpt lat="60.198577" lon="24.916065"><ele>17</ele></trkpt>
      <trkpt lat="60.198547" lon="24.916038"><ele>17</ele></trkpt>
      <trkpt lat="60.198517" lon="24.916012"><ele>17.2</ele></trkpt>
      <trkpt lat="60.198477" lon="24.915992"><ele>17.2</ele></trkpt>
      <trkpt lat="60.198437" lon="24.915977"><ele>17.2</ele></trkpt>
      <trkpt lat="60.198405" lon="24.915972"><ele>17.2</ele></trkpt>
      <trkpt lat="60.198372" lon="24.915962"><ele>17.2</ele></trkpt>
      <trkpt lat="60.198342" lon="24.91595"><ele>17.4</ele></trkpt>
      <trkpt lat="60.198302" lon="24.915942"><ele>17.4</ele></trkpt>
      <trkpt lat="60.198257" lon="24.915922"><ele>17.6</ele></trkpt>
      <trkpt lat="60.198207" lon="24.91589"><ele>17.8</ele></trkpt>
      <trkpt lat="60.198157" lon="24.915857"><ele>18</ele></trkpt>
      <trkpt lat="60.198102" lon="24.915842"><ele>18.2</ele></trkpt>
      <trkpt lat="60.198052" lon="24.915842"><ele>18.2</ele></trkpt>
      <trkpt lat="60.198012" lon="24.915837"><ele>18</ele></trkpt>
      <trkpt lat="60.197972" lon="24.915835"><ele>17.8</ele></trkpt>
      <trkpt lat="60.197942" lon="24.915813"><ele>17.8</ele></trkpt>
      <trkpt lat="60.197925" lon="24.915792"><ele>17.8</ele></trkpt>
      <trkpt lat="60.197887" lon="24.915757"><ele>18</ele></trkpt>
      <trkpt lat="60.19786" lon="24.915745"><ele>18.2</ele></trkpt>
      <trkpt lat="60.19783" lon="24.915737"><ele>18.4</ele></trkpt>
      <trkpt lat="60.197797" lon="24.91573"><ele>18.4</ele></trkpt>
      <trkpt lat="60.197767" lon="24.91571"><ele>18.4</ele></trkpt>
      <trkpt lat="60.197747" lon="24.915702"><ele>18.6</ele></trkpt>
      <trkpt lat="60.197722" lon="24.915697"><ele>18.6</ele></trkpt>
      <trkpt lat="60.197692" lon="24.915702"><ele>18.8</ele></trkpt>
      <trkpt lat="60.19767" lon="24.915717"><ele>18.8</ele></trkpt>
      <trkpt lat="60.197647" lon="24.91574"><ele>18.8</ele></trkpt>
      <trkpt lat="60.197625" lon="24.915762"><ele>18.6</ele></trkpt>
      <trkpt lat="60.197597" lon="24.915802"><ele>18.4</ele></trkpt>
      <trkpt lat="60.19758" lon="24.915822"><ele>18.6</ele></trkpt>
      <trkpt lat="60.197567" lon="24.915848"><ele>18.8</ele></trkpt>
      <trkpt lat="60.197542" lon="24.915895"><ele>19</ele></trkpt>
      <trkpt lat="60.197518" lon="24.91591"><ele>20.2</ele></trkpt>
      <trkpt lat="60.197485" lon="24.915942"><ele>20.2</ele></trkpt>
      <trkpt lat="60.197462" lon="24.915965"><ele>20.2</ele></trkpt>
      <trkpt lat="60.19744" lon="24.91599"><ele>20.2</ele></trkpt>
      <trkpt lat="60.197422" lon="24.916017"><ele>20.2</ele></trkpt>
      <trkpt lat="60.1974" lon="24.916038"><ele>20.2</ele></trkpt>
      <trkpt lat="60.197372" lon="24.916057"><ele>20.2</ele></trkpt>
      <trkpt lat="60.197352" lon="24.916092"><ele>20.4</ele></trkpt>
      <trkpt lat="60.197325" lon="24.916127"><ele>20.4</ele></trkpt>
      <trkpt lat="60.197302" lon="24.91616"><ele>20.6</ele></trkpt>
      <trkpt lat="60.197282" lon="24.916187"><ele>20.8</ele></trkpt>
      <trkpt lat="60.197262" lon="24.916217"><ele>20.8</ele></trkpt>
      <trkpt lat="60.197247" lon="24.916247"><ele>21</ele></trkpt>
      <trkpt lat="60.197232" lon="24.916292"><ele>21.2</ele></trkpt>
      <trkpt lat="60.197207" lon="24.916342"><ele>21.6</ele></trkpt>
      <trkpt lat="60.197185" lon="24.916405"><ele>21.6</ele></trkpt>
      <trkpt lat="60.197172" lon="24.916472"><ele>21.8</ele></trkpt>
      <trkpt lat="60.197165" lon="24.916527"><ele>21.8</ele></trkpt>
      <trkpt lat="60.19715" lon="24.916582"><ele>21.8</ele></trkpt>
      <trkpt lat="60.197132" lon="24.916657"><ele>22</ele></trkpt>
      <trkpt lat="60.197117" lon="24.91674"><ele>22</ele></trkpt>
      <trkpt lat="60.197102" lon="24.916825"><ele>22</ele></trkpt>
      <trkpt lat="60.197085" lon="24.916905"><ele>22</ele></trkpt>
      <trkpt lat="60.197072" lon="24.916967"><ele>22</ele></trkpt>
      <trkpt lat="60.19706" lon="24.917027"><ele>22</ele></trkpt>
      <trkpt lat="60.197042" lon="24.917077"><ele>22</ele></trkpt>
      <trkpt lat="60.197022" lon="24.91713"><ele>22.2</ele></trkpt>
      <trkpt lat="60.19701" lon="24.917187"><ele>22.4</ele></trkpt>
      <trkpt lat="60.196997" lon="24.917245"><ele>22.6</ele></trkpt>
      <trkpt lat="60.196982" lon="24.917295"><ele>22.6</ele></trkpt>
      <trkpt lat="60.196962" lon="24.917332"><ele>22.6</ele></trkpt>
      <trkpt lat="60.19695" lon="24.917375"><ele>22.6</ele></trkpt>
      <trkpt lat="60.196942" lon="24.91742"><ele>22.6</ele></trkpt>
      <trkpt lat="60.196932" lon="24.91747"><ele>22.6</ele></trkpt>
      <trkpt lat="60.196917" lon="24.91752"><ele>22.4</ele></trkpt>
      <trkpt lat="60.196902" lon="24.91758"><ele>22.4</ele></trkpt>
      <trkpt lat="60.196887" lon="24.917632"><ele>22.4</ele></trkpt>
      <trkpt lat="60.196877" lon="24.917687"><ele>22.4</ele></trkpt>
      <trkpt lat="60.196865" lon="24.917737"><ele>22.4</ele></trkpt>
      <trkpt lat="60.196852" lon="24.917777"><ele>22.4</ele></trkpt>
      <trkpt lat="60.196842" lon="24.917825"><ele>22.4</ele></trkpt>
      <trkpt lat="60.196835" lon="24.917865"><ele>22.6</ele></trkpt>
      <trkpt lat="60.196828" lon="24.917907"><ele>22.6</ele></trkpt>
      <trkpt lat="60.196825" lon="24.917945"><ele>22.8</ele></trkpt>
      <trkpt lat="60.196817" lon="24.917982"><ele>23</ele></trkpt>
      <trkpt lat="60.196812" lon="24.918017"><ele>23.2</ele></trkpt>
      <trkpt lat="60.196807" lon="24.918057"><ele>23.4</ele></trkpt>
      <trkpt lat="60.1968" lon="24.9181"><ele>23.6</ele></trkpt>
      <trkpt lat="60.196797" lon="24.918152"><ele>23.8</ele></trkpt>
      <trkpt lat="60.196807" lon="24.918212"><ele>24</ele></trkpt>
      <trkpt lat="60.196807" lon="24.918275"><ele>24.2</ele></trkpt>
      <trkpt lat="60.196805" lon="24.918312"><ele>24.4</ele></trkpt>
      <trkpt lat="60.196797" lon="24.91835"><ele>24.6</ele></trkpt>
      <trkpt lat="60.196795" lon="24.918387"><ele>24.8</ele></trkpt>
      <trkpt lat="60.196787" lon="24.918427"><ele>25</ele></trkpt>
      <trkpt lat="60.196777" lon="24.918467"><ele>25</ele></trkpt>
      <trkpt lat="60.196765" lon="24.918517"><ele>25</ele></trkpt>
      <trkpt lat="60.196755" lon="24.918582"><ele>25</ele></trkpt>
      <trkpt lat="60.196742" lon="24.91865"><ele>25</ele></trkpt>
      <trkpt lat="60.196722" lon="24.918712"><ele>24.8</ele></trkpt>
      <trkpt lat="60.196697" lon="24.918782"><ele>24.6</ele></trkpt>
      <trkpt lat="60.196677" lon="24.918857"><ele>24.2</ele></trkpt>
      <trkpt lat="60.196657" lon="24.918942"><ele>24</ele></trkpt>
      <trkpt lat="60.196632" lon="24.919007"><ele>23.8</ele></trkpt>
      <trkpt lat="60.196607" lon="24.919085"><ele>23.4</ele></trkpt>
      <trkpt lat="60.196592" lon="24.919167"><ele>23</ele></trkpt>
      <trkpt lat="60.19658" lon="24.919232"><ele>22.8</ele></trkpt>
      <trkpt lat="60.196567" lon="24.919292"><ele>22.4</ele></trkpt>
      <trkpt lat="60.196562" lon="24.919357"><ele>22.2</ele></trkpt>
      <trkpt lat="60.19656" lon="24.919407"><ele>22.2</ele></trkpt>
      <trkpt lat="60.196552" lon="24.91945"><ele>22.2</ele></trkpt>
      <trkpt lat="60.196542" lon="24.919527"><ele>22.4</ele></trkpt>
      <trkpt lat="60.196532" lon="24.919577"><ele>22.6</ele></trkpt>
      <trkpt lat="60.196522" lon="24.919627"><ele>22.6</ele></trkpt>
      <trkpt lat="60.196512" lon="24.919687"><ele>22.8</ele></trkpt>
      <trkpt lat="60.19651" lon="24.919752"><ele>23</ele></trkpt>
      <trkpt lat="60.196507" lon="24.919807"><ele>23</ele></trkpt>
      <trkpt lat="60.196502" lon="24.91985"><ele>23</ele></trkpt>
      <trkpt lat="60.196492" lon="24.919907"><ele>23.4</ele></trkpt>
      <trkpt lat="60.196487" lon="24.919942"><ele>23.4</ele></trkpt>
      <trkpt lat="60.196472" lon="24.919978"><ele>23.4</ele></trkpt>
      <trkpt lat="60.196457" lon="24.920025"><ele>23.2</ele></trkpt>
      <trkpt lat="60.196445" lon="24.920077"><ele>23.2</ele></trkpt>
      <trkpt lat="60.196435" lon="24.920147"><ele>23.2</ele></trkpt>
      <trkpt lat="60.196427" lon="24.920215"><ele>23</ele></trkpt>
      <trkpt lat="60.196422" lon="24.92028"><ele>23</ele></trkpt>
    </trkseg>
  </trk>
</gpx>
