<?xml version="1.0" encoding="UTF-8"?>
<gpx version="1.1" creator="tkPage GPX editor" xmlns="http://www.topografix.com/GPX/1/1">
  <trk>
    <name>Trimmed track</name>
    <trkseg>
      <trkpt lat="60.245482" lon="24.062425"><ele>89.4</ele></trkpt>
      <trkpt lat="60.245487" lon="24.062372"><ele>89.2</ele></trkpt>
      <trkpt lat="60.245488" lon="24.06232"><ele>89.2</ele></trkpt>
      <trkpt lat="60.245507" lon="24.062277"><ele>89</ele></trkpt>
      <trkpt lat="60.245527" lon="24.062252"><ele>88.6</ele></trkpt>
      <trkpt lat="60.245565" lon="24.062227"><ele>88.4</ele></trkpt>
      <trkpt lat="60.24561" lon="24.062212"><ele>87.8</ele></trkpt>
      <trkpt lat="60.245637" lon="24.062185"><ele>87.2</ele></trkpt>
      <trkpt lat="60.245647" lon="24.062127"><ele>86.6</ele></trkpt>
      <trkpt lat="60.245647" lon="24.062057"><ele>86</ele></trkpt>
      <trkpt lat="60.245645" lon="24.06199"><ele>85.8</ele></trkpt>
      <trkpt lat="60.24564" lon="24.06192"><ele>85.4</ele></trkpt>
      <trkpt lat="60.245632" lon="24.061847"><ele>85</ele></trkpt>
      <trkpt lat="60.24562" lon="24.06176"><ele>85</ele></trkpt>
      <trkpt lat="60.245602" lon="24.061667"><ele>84.8</ele></trkpt>
      <trkpt lat="60.245582" lon="24.061562"><ele>84.6</ele></trkpt>
      <trkpt lat="60.245562" lon="24.061452"><ele>84.6</ele></trkpt>
      <trkpt lat="60.245535" lon="24.061345"><ele>84.4</ele></trkpt>
      <trkpt lat="60.245497" lon="24.061247"><ele>84.4</ele></trkpt>
      <trkpt lat="60.245447" lon="24.06118"><ele>84.4</ele></trkpt>
      <trkpt lat="60.245402" lon="24.06113"><ele>84.8</ele></trkpt>
      <trkpt lat="60.245362" lon="24.061072"><ele>85</ele></trkpt>
      <trkpt lat="60.245322" lon="24.061012"><ele>85.2</ele></trkpt>
      <trkpt lat="60.245287" lon="24.060935"><ele>85.6</ele></trkpt>
      <trkpt lat="60.24526" lon="24.060845"><ele>85.8</ele></trkpt>
      <trkpt lat="60.245227" lon="24.060752"><ele>85.8</ele></trkpt>
      <trkpt lat="60.245197" lon="24.060652"><ele>85.8</ele></trkpt>
      <trkpt lat="60.245167" lon="24.060552"><ele>85.8</ele></trkpt>
      <trkpt lat="60.245137" lon="24.060442"><ele>85.8</ele></trkpt>
      <trkpt lat="60.245112" lon="24.060332"><ele>85.8</ele></trkpt>
      <trkpt lat="60.24508" lon="24.060235"><ele>85.8</ele></trkpt>
      <trkpt lat="60.245037" lon="24.060132"><ele>85.6</ele></trkpt>
      <trkpt lat="60.244987" lon="24.060047"><ele>85.4</ele></trkpt>
      <trkpt lat="60.244937" lon="24.059952"><ele>85.2</ele></trkpt>
      <trkpt lat="60.24489" lon="24.059847"><ele>85.2</ele></trkpt>
      <trkpt lat="60.244847" lon="24.059742"><ele>85</ele></trkpt>
      <trkpt lat="60.244797" lon="24.059642"><ele>84.8</ele></trkpt>
      <trkpt lat="60.244737" lon="24.059547"><ele>84.4</ele></trkpt>
      <trkpt lat="60.244672" lon="24.059462"><ele>84.2</ele></trkpt>
      <trkpt lat="60.2446" lon="24.059387"><ele>83.8</ele></trkpt>
      <trkpt lat="60.24452" lon="24.059332"><ele>83.4</ele></trkpt>
      <trkpt lat="60.244437" lon="24.059307"><ele>83.2</ele></trkpt>
      <trkpt lat="60.244362" lon="24.0593"><ele>83</ele></trkpt>
      <trkpt lat="60.244297" lon="24.059252"><ele>83</ele></trkpt>
      <trkpt lat="60.244237" lon="24.059203"><ele>83</ele></trkpt>
      <trkpt lat="60.244175" lon="24.059147"><ele>83</ele></trkpt>
      <trkpt lat="60.244115" lon="24.059062"><ele>83</ele></trkpt>
      <trkpt lat="60.244057" lon="24.058962"><ele>83</ele></trkpt>
      <trkpt lat="60.243997" lon="24.058862"><ele>83</ele></trkpt>
      <trkpt lat="60.243927" lon="24.058765"><ele>82.8</ele></trkpt>
      <trkpt lat="60.243857" lon="24.05867"><ele>82.6</ele></trkpt>
      <trkpt lat="60.243785" lon="24.058597"><ele>82.4</ele></trkpt>
      <trkpt lat="60.24371" lon="24.058545"><ele>82.2</ele></trkpt>
      <trkpt lat="60.243642" lon="24.058477"><ele>82</ele></trkpt>
      <trkpt lat="60.243587" lon="24.058385"><ele>82</ele></trkpt>
      <trkpt lat="60.243525" lon="24.058305"><ele>81.8</ele></trkpt>
      <trkpt lat="60.24346" lon="24.05823"><ele>81.8</ele></trkpt>
      <trkpt lat="60.243392" lon="24.058167"><ele>81.8</ele></trkpt>
      <trkpt lat="60.243322" lon="24.05813"><ele>81.8</ele></trkpt>
      <trkpt lat="60.243265" lon="24.058092"><ele>81.8</ele></trkpt>
      <trkpt lat="60.243217" lon="24.058047"><ele>82</ele></trkpt>
      <trkpt lat="60.24317" lon="24.058007"><ele>82.2</ele></trkpt>
      <trkpt lat="60.243117" lon="24.057982"><ele>82.4</ele></trkpt>
      <trkpt lat="60.243067" lon="24.057957"><ele>82.4</ele></trkpt>
      <trkpt lat="60.243017" lon="24.057942"><ele>82.6</ele></trkpt>
      <trkpt lat="60.242972" lon="24.057927"><ele>82.6</ele></trkpt>
      <trkpt lat="60.242927" lon="24.057922"><ele>82.8</ele></trkpt>
      <trkpt lat="60.242882" lon="24.057917"><ele>83</ele></trkpt>
      <trkpt lat="60.242845" lon="24.057907"><ele>83.2</ele></trkpt>
      <trkpt lat="60.24281" lon="24.057897"><ele>83.4</ele></trkpt>
      <trkpt lat="60.242782" lon="24.05787"><ele>83.4</ele></trkpt>
      <trkpt lat="60.242757" lon="24.057827"><ele>83.6</ele></trkpt>
      <trkpt lat="60.242727" lon="24.05777"><ele>83.6</ele></trkpt>
      <trkpt lat="60.242692" lon="24.057707"><ele>83.6</ele></trkpt>
      <trkpt lat="60.242645" lon="24.057665"><ele>83.6</ele></trkpt>
      <trkpt lat="60.242602" lon="24.057597"><ele>83.6</ele></trkpt>
      <trkpt lat="60.242557" lon="24.057522"><ele>83.6</ele></trkpt>
      <trkpt lat="60.242507" lon="24.057452"><ele>83.4</ele></trkpt>
      <trkpt lat="60.242452" lon="24.057402"><ele>83.2</ele></trkpt>
      <trkpt lat="60.2424" lon="24.057365"><ele>83.2</ele></trkpt>
      <trkpt lat="60.242352" lon="24.057337"><ele>83.2</ele></trkpt>
      <trkpt lat="60.242307" lon="24.057307"><ele>83.2</ele></trkpt>
      <trkpt lat="60.242267" lon="24.057262"><ele>83.4</ele></trkpt>
      <trkpt lat="60.242227" lon="24.05721"><ele>83.4</ele></trkpt>
      <trkpt lat="60.242182" lon="24.057142"><ele>83.4</ele></trkpt>
      <trkpt lat="60.242152" lon="24.057043"><ele>83.4</ele></trkpt>
      <trkpt lat="60.24212" lon="24.056945"><ele>83.2</ele></trkpt>
      <trkpt lat="60.24208" lon="24.05685"><ele>83</ele></trkpt>
      <trkpt lat="60.242037" lon="24.05676"><ele>82.8</ele></trkpt>
      <trkpt lat="60.241992" lon="24.056663"><ele>82.8</ele></trkpt>
      <trkpt lat="60.241937" lon="24.05657"><ele>82.6</ele></trkpt>
      <trkpt lat="60.241875" lon="24.056492"><ele>82.2</ele></trkpt>
      <trkpt lat="60.241812" lon="24.056427"><ele>81.8</ele></trkpt>
      <trkpt lat="60.241755" lon="24.056357"><ele>81.4</ele></trkpt>
      <trkpt lat="60.241692" lon="24.05631"><ele>81.2</ele></trkpt>
      <trkpt lat="60.241632" lon="24.056282"><ele>81</ele></trkpt>
      <trkpt lat="60.24158" lon="24.05622"><ele>81</ele></trkpt>
      <trkpt lat="60.241537" lon="24.05614"><ele>81</ele></trkpt>
      <trkpt lat="60.241502" lon="24.056055"><ele>80.8</ele></trkpt>
      <trkpt lat="60.241457" lon="24.05599"><ele>80.4</ele></trkpt>
      <trkpt lat="60.24141" lon="24.055942"><ele>80.2</ele></trkpt>
      <trkpt lat="60.241365" lon="24.055902"><ele>80</ele></trkpt>
      <trkpt lat="60.241325" lon="24.05586"><ele>80</ele></trkpt>
      <trkpt lat="60.24129" lon="24.055837"><ele>80</ele></trkpt>
      <trkpt lat="60.241257" lon="24.055815"><ele>80.2</ele></trkpt>
      <trkpt lat="60.241232" lon="24.05578"><ele>80.4</ele></trkpt>
      <trkpt lat="60.241212" lon="24.055752"><ele>80.6</ele></trkpt>
      <trkpt lat="60.24119" lon="24.05573"><ele>80.6</ele></trkpt>
      <trkpt lat="60.241172" lon="24.0557"><ele>80.8</ele></trkpt>
      <trkpt lat="60.241162" lon="24.055667"><ele>81</ele></trkpt>
      <trkpt lat="60.24112" lon="24.055542"><ele>81.8</ele></trkpt>
      <trkpt lat="60.241105" lon="24.055522"><ele>81.8</ele></trkpt>
      <trkpt lat="60.241092" lon="24.055487"><ele>81.8</ele></trkpt>
      <trkpt lat="60.241082" lon="24.055457"><ele>81.8</ele></trkpt>
      <trkpt lat="60.241077" lon="24.055422"><ele>81.6</ele></trkpt>
      <trkpt lat="60.24107" lon="24.055387"><ele>81.6</ele></trkpt>
      <trkpt lat="60.241055" lon="24.055342"><ele>81.4</ele></trkpt>
      <trkpt lat="60.24104" lon="24.055298"><ele>81.2</ele></trkpt>
      <trkpt lat="60.241022" lon="24.055267"><ele>81</ele></trkpt>
      <trkpt lat="60.240995" lon="24.05524"><ele>81</ele></trkpt>
      <trkpt lat="60.24097" lon="24.055212"><ele>81</ele></trkpt>
      <trkpt lat="60.240952" lon="24.055202"><ele>81</ele></trkpt>
      <trkpt lat="60.240925" lon="24.055175"><ele>81.2</ele></trkpt>
      <trkpt lat="60.240892" lon="24.055152"><ele>81.4</ele></trkpt>
      <trkpt lat="60.24087" lon="24.055105"><ele>81.4</ele></trkpt>
      <trkpt lat="60.240858" lon="24.05507"><ele>81.4</ele></trkpt>
      <trkpt lat="60.240842" lon="24.055032"><ele>81.4</ele></trkpt>
      <trkpt lat="60.240827" lon="24.055002"><ele>81.4</ele></trkpt>
      <trkpt lat="60.240807" lon="24.054982"><ele>81.2</ele></trkpt>
      <trkpt lat="60.240787" lon="24.054982"><ele>81.2</ele></trkpt>
      <trkpt lat="60.240767" lon="24.054977"><ele>81.2</ele></trkpt>
      <trkpt lat="60.240747" lon="24.054962"><ele>81.4</ele></trkpt>
      <trkpt lat="60.24073" lon="24.054947"><ele>81.4</ele></trkpt>
      <trkpt lat="60.240717" lon="24.054912"><ele>81.4</ele></trkpt>
      <trkpt lat="60.240702" lon="24.054872"><ele>81.4</ele></trkpt>
      <trkpt lat="60.240687" lon="24.054822"><ele>81.4</ele></trkpt>
      <trkpt lat="60.240662" lon="24.054787"><ele>81.2</ele></trkpt>
      <trkpt lat="60.240633" lon="24.05477"><ele>81</ele></trkpt>
      <trkpt lat="60.240597" lon="24.054767"><ele>81.2</ele></trkpt>
      <trkpt lat="60.240562" lon="24.054752"><ele>81.2</ele></trkpt>
      <trkpt lat="60.240532" lon="24.05477"><ele>81.4</ele></trkpt>
      <trkpt lat="60.240502" lon="24.054782"><ele>81.6</ele></trkpt>
      <trkpt lat="60.240467" lon="24.054762"><ele>82</ele></trkpt>
      <trkpt lat="60.240445" lon="24.05472"><ele>82.2</ele></trkpt>
      <trkpt lat="60.240437" lon="24.054667"><ele>82.4</ele></trkpt>
      <trkpt lat="60.240425" lon="24.054625"><ele>82.4</ele></trkpt>
      <trkpt lat="60.240412" lon="24.054597"><ele>82.6</ele></trkpt>
      <trkpt lat="60.240395" lon="24.054575"><ele>82.6</ele></trkpt>
      <trkpt lat="60.240372" lon="24.054542"><ele>82.6</ele></trkpt>
      <trkpt lat="60.24036" lon="24.054507"><ele>82.6</ele></trkpt>
      <trkpt lat="60.24035" lon="24.054467"><ele>82.4</ele></trkpt>
      <trkpt lat="60.240337" lon="24.054437"><ele>82.4</ele></trkpt>
      <trkpt lat="60.240322" lon="24.054387"><ele>82.4</ele></trkpt>
      <trkpt lat="60.240307" lon="24.054342"><ele>82.2</ele></trkpt>
      <trkpt lat="60.240292" lon="24.054278"><ele>82</ele></trkpt>
      <trkpt lat="60.240272" lon="24.054217"><ele>81.8</ele></trkpt>
      <trkpt lat="60.240247" lon="24.05416"><ele>81.6</ele></trkpt>
      <trkpt lat="60.240217" lon="24.054137"><ele>81.4</ele></trkpt>
      <trkpt lat="60.240195" lon="24.05411"><ele>81.4</ele></trkpt>
      <trkpt lat="60.24018" lon="24.054057"><ele>81.4</ele></trkpt>
      <trkpt lat="60.240162" lon="24.054"><ele>81.4</ele></trkpt>
      <trkpt lat="60.24013" lon="24.053967"><ele>81.2</ele></trkpt>
      <trkpt lat="60.240102" lon="24.053967"><ele>81</ele></trkpt>
      <trkpt lat="60.240072" lon="24.053957"><ele>81.2</ele></trkpt>
      <trkpt lat="60.240042" lon="24.05393"><ele>81.4</ele></trkpt>
      <trkpt lat="60.24001" lon="24.053877"><ele>81.4</ele></trkpt>
      <trkpt lat="60.23999" lon="24.053825"><ele>81.4</ele></trkpt>
      <trkpt lat="60.239965" lon="24.053765"><ele>81.4</ele></trkpt>
      <trkpt lat="60.239942" lon="24.053685"><ele>81.4</ele></trkpt>
      <trkpt lat="60.239917" lon="24.053632"><ele>81.2</ele></trkpt>
      <trkpt lat="60.239885" lon="24.05361"><ele>81</ele></trkpt>
      <trkpt lat="60.239865" lon="24.053617"><ele>81</ele></trkpt>
      <trkpt lat="60.239845" lon="24.053632"><ele>81</ele></trkpt>
      <trkpt lat="60.239827" lon="24.053652"><ele>81</ele></trkpt>
      <trkpt lat="60.23981" lon="24.053677"><ele>81.2</ele></trkpt>
      <trkpt lat="60.239777" lon="24.05372"><ele>81.8</ele></trkpt>
      <trkpt lat="60.239747" lon="24.053732"><ele>82.2</ele></trkpt>
      <trkpt lat="60.239722" lon="24.053712"><ele>82.6</ele></trkpt>
      <trkpt lat="60.23971" lon="24.05368"><ele>82.8</ele></trkpt>
      <trkpt lat="60.239702" lon="24.053627"><ele>83</ele></trkpt>
      <trkpt lat="60.239687" lon="24.053572"><ele>83.2</ele></trkpt>
      <trkpt lat="60.239667" lon="24.053502"><ele>83</ele></trkpt>
      <trkpt lat="60.239647" lon="24.05343"><ele>82.8</ele></trkpt>
      <trkpt lat="60.239617" lon="24.053357"><ele>82.4</ele></trkpt>
      <trkpt lat="60.239585" lon="24.053285"><ele>82.2</ele></trkpt>
      <trkpt lat="60.239547" lon="24.053217"><ele>81.8</ele></trkpt>
      <trkpt lat="60.239512" lon="24.053177"><ele>81.4</ele></trkpt>
      <trkpt lat="60.239477" lon="24.05313"><ele>81.4</ele></trkpt>
      <trkpt lat="60.23944" lon="24.053092"><ele>81.4</ele></trkpt>
      <trkpt lat="60.239407" lon="24.053072"><ele>81.4</ele></trkpt>
      <trkpt lat="60.239382" lon="24.053067"><ele>81.4</ele></trkpt>
      <trkpt lat="60.23936" lon="24.053065"><ele>81.6</ele></trkpt>
      <trkpt lat="60.239337" lon="24.053062"><ele>81.8</ele></trkpt>
      <trkpt lat="60.239315" lon="24.053057"><ele>82.2</ele></trkpt>
      <trkpt lat="60.239287" lon="24.053057"><ele>82.4</ele></trkpt>
      <trkpt lat="60.23926" lon="24.053052"><ele>82.8</ele></trkpt>
      <trkpt lat="60.239232" lon="24.053045"><ele>83.2</ele></trkpt>
      <trkpt lat="60.239207" lon="24.053027"><ele>83.4</ele></trkpt>
      <trkpt lat="60.239177" lon="24.053005"><ele>83.8</ele></trkpt>
      <trkpt lat="60.239152" lon="24.052977"><ele>84</ele></trkpt>
      <trkpt lat="60.239127" lon="24.052947"><ele>84</ele></trkpt>
      <trkpt lat="60.239097" lon="24.052922"><ele>84.2</ele></trkpt>
      <trkpt lat="60.239065" lon="24.052897"><ele>84.4</ele></trkpt>
      <trkpt lat="60.239032" lon="24.052867"><ele>84.6</ele></trkpt>
      <trkpt lat="60.238997" lon="24.05283"><ele>84.6</ele></trkpt>
      <trkpt lat="60.238962" lon="24.052792"><ele>84.8</ele></trkpt>
      <trkpt lat="60.238927" lon="24.052745"><ele>85</ele></trkpt>
      <trkpt lat="60.238887" lon="24.05271"><ele>85</ele></trkpt>
      <trkpt lat="60.238857" lon="24.052675"><ele>85</ele></trkpt>
      <trkpt lat="60.238827" lon="24.052632"><ele>85.2</ele></trkpt>
      <trkpt lat="60.238795" lon="24.052585"><ele>85.4</ele></trkpt>
      <trkpt lat="60.238755" lon="24.05254"><ele>85.6</ele></trkpt>
      <trkpt lat="60.238712" lon="24.052497"><ele>85.6</ele></trkpt>
      <trkpt lat="60.238672" lon="24.052462"><ele>85.8</ele></trkpt>
      <trkpt lat="60.238632" lon="24.052417"><ele>85.8</ele></trkpt>
      <trkpt lat="60.238602" lon="24.052367"><ele>86</ele></trkpt>
      <trkpt lat="60.238562" lon="24.052312"><ele>86</ele></trkpt>
      <trkpt lat="60.23853" lon="24.052252"><ele>86</ele></trkpt>
      <trkpt lat="60.238492" lon="24.052202"><ele>86</ele></trkpt>
      <trkpt lat="60.238452" lon="24.052162"><ele>86</ele></trkpt>
      <trkpt lat="60.238407" lon="24.052122"><ele>86</ele></trkpt>
      <trkpt lat="60.238362" lon="24.052077"><ele>86</ele></trkpt>
      <trkpt lat="60.238322" lon="24.052022"><ele>86.2</ele></trkpt>
      <trkpt lat="60.238287" lon="24.051962"><ele>86.2</ele></trkpt>
      <trkpt lat="60.23825" lon="24.051912"><ele>86.2</ele></trkpt>
      <trkpt lat="60.238212" lon="24.051857"><ele>86.4</ele></trkpt>
      <trkpt lat="60.238177" lon="24.051805"><ele>86.4</ele></trkpt>
      <trkpt lat="60.238142" lon="24.051757"><ele>86.4</ele></trkpt>
      <trkpt lat="60.238107" lon="24.051722"><ele>86.4</ele></trkpt>
      <trkpt lat="60.23807" lon="24.051707"><ele>86.6</ele></trkpt>
      <trkpt lat="60.238037" lon="24.051697"><ele>86.8</ele></trkpt>
      <trkpt lat="60.238012" lon="24.051677"><ele>87</ele></trkpt>
      <trkpt lat="60.23799" lon="24.051657"><ele>87.4</ele></trkpt>
      <trkpt lat="60.23797" lon="24.051642"><ele>87.6</ele></trkpt>
      <trkpt lat="60.237937" lon="24.051617"><ele>88</ele></trkpt>
      <trkpt lat="60.23792" lon="24.05159"><ele>88.4</ele></trkpt>
      <trkpt lat="60.23791" lon="24.051555"><ele>88.6</ele></trkpt>
      <trkpt lat="60.237902" lon="24.051513"><ele>88.8</ele></trkpt>
      <trkpt lat="60.23789" lon="24.05147"><ele>88.8</ele></trkpt>
      <trkpt lat="60.237872" lon="24.051432"><ele>88.8</ele></trkpt>
      <trkpt lat="60.23785" lon="24.051415"><ele>88.8</ele></trkpt>
      <trkpt lat="60.237832" lon="24.051397"><ele>88.8</ele></trkpt>
      <trkpt lat="60.237812" lon="24.05138"><ele>89</ele></trkpt>
      <trkpt lat="60.237792" lon="24.051347"><ele>89.2</ele></trkpt>
      <trkpt lat="60.237782" lon="24.051317"><ele>89.4</ele></trkpt>
      <trkpt lat="60.237777" lon="24.05128"><ele>89.4</ele></trkpt>
      <trkpt lat="60.237777" lon="24.051212"><ele>89.6</ele></trkpt>
      <trkpt lat="60.23779" lon="24.05115"><ele>89.4</ele></trkpt>
      <trkpt lat="60.237807" lon="24.051117"><ele>89.2</ele></trkpt>
      <trkpt lat="60.23783" lon="24.051082"><ele>88.6</ele></trkpt>
      <trkpt lat="60.237867" lon="24.051032"><ele>87.8</ele></trkpt>
      <trkpt lat="60.237892" lon="24.050957"><ele>86.6</ele></trkpt>
      <trkpt lat="60.237897" lon="24.050877"><ele>85.2</ele></trkpt>
      <trkpt lat="60.237872" lon="24.050797"><ele>84.2</ele></trkpt>
      <trkpt lat="60.23784" lon="24.05073"><ele>83.4</ele></trkpt>
      <trkpt lat="60.23781" lon="24.050672"><ele>82.8</ele></trkpt>
      <trkpt lat="60.23778" lon="24.050612"><ele>82.4</ele></trkpt>
      <trkpt lat="60.237757" lon="24.050557"><ele>82</ele></trkpt>
      <trkpt lat="60.237747" lon="24.05051"><ele>81.6</ele></trkpt>
      <trkpt lat="60.237742" lon="24.050467"><ele>81.4</ele></trkpt>
      <trkpt lat="60.23772" lon="24.050432"><ele>81</ele></trkpt>
      <trkpt lat="60.23769" lon="24.050435"><ele>80.8</ele></trkpt>
      <trkpt lat="60.237672" lon="24.050397"><ele>81</ele></trkpt>
      <trkpt lat="60.237652" lon="24.05035"><ele>81</ele></trkpt>
      <trkpt lat="60.237642" lon="24.050297"><ele>81</ele></trkpt>
      <trkpt lat="60.237642" lon="24.050257"><ele>80.8</ele></trkpt>
      <trkpt lat="60.23764" lon="24.050207"><ele>80.8</ele></trkpt>
      <trkpt lat="60.23764" lon="24.050152"><ele>80.6</ele></trkpt>
      <trkpt lat="60.237625" lon="24.050087"><ele>80.4</ele></trkpt>
      <trkpt lat="60.2376" lon="24.050025"><ele>80</ele></trkpt>
      <trkpt lat="60.237567" lon="24.04998"><ele>79.6</ele></trkpt>
      <trkpt lat="60.237542" lon="24.049952"><ele>79.4</ele></trkpt>
      <trkpt lat="60.237527" lon="24.049915"><ele>79.4</ele></trkpt>
      <trkpt lat="60.237512" lon="24.049862"><ele>79.4</ele></trkpt>
      <trkpt lat="60.237492" lon="24.049802"><ele>79.4</ele></trkpt>
      <trkpt lat="60.237467" lon="24.049762"><ele>79.4</ele></trkpt>
      <trkpt lat="60.237445" lon="24.049732"><ele>79.4</ele></trkpt>
      <trkpt lat="60.237427" lon="24.04971"><ele>79.4</ele></trkpt>
      <trkpt lat="60.237407" lon="24.049682"><ele>79.4</ele></trkpt>
      <trkpt lat="60.237382" lon="24.04966"><ele>79.6</ele></trkpt>
      <trkpt lat="60.237357" lon="24.049632"><ele>79.6</ele></trkpt>
      <trkpt lat="60.237335" lon="24.049577"><ele>79.8</ele></trkpt>
      <trkpt lat="60.23732" lon="24.04952"><ele>80</ele></trkpt>
      <trkpt lat="60.237312" lon="24.049457"><ele>80</ele></trkpt>
      <trkpt lat="60.237298" lon="24.049397"><ele>80</ele></trkpt>
      <trkpt lat="60.237282" lon="24.049352"><ele>80</ele></trkpt>
      <trkpt lat="60.237267" lon="24.049312"><ele>80</ele></trkpt>
      <trkpt lat="60.237252" lon="24.049267"><ele>80.2</ele></trkpt>
      <trkpt lat="60.237228" lon="24.049225"><ele>80.2</ele></trkpt>
      <trkpt lat="60.237202" lon="24.049207"><ele>80.2</ele></trkpt>
      <trkpt lat="60.237187" lon="24.049182"><ele>80.4</ele></trkpt>
      <trkpt lat="60.23717" lon="24.049137"><ele>80.6</ele></trkpt>
      <trkpt lat="60.23715" lon="24.049087"><ele>80.6</ele></trkpt>
      <trkpt lat="60.237135" lon="24.04903"><ele>80.6</ele></trkpt>
      <trkpt lat="60.237122" lon="24.048972"><ele>80.6</ele></trkpt>
      <trkpt lat="60.237107" lon="24.048922"><ele>80.6</ele></trkpt>
      <trkpt lat="60.23709" lon="24.048867"><ele>80.6</ele></trkpt>
      <trkpt lat="60.23707" lon="24.048815"><ele>80.6</ele></trkpt>
      <trkpt lat="60.237045" lon="24.048777"><ele>80.6</ele></trkpt>
      <trkpt lat="60.23702" lon="24.048735"><ele>80.6</ele></trkpt>
      <trkpt lat="60.237002" lon="24.048692"><ele>80.8</ele></trkpt>
      <trkpt lat="60.236985" lon="24.048642"><ele>81</ele></trkpt>
      <trkpt lat="60.236972" lon="24.048587"><ele>81.2</ele></trkpt>
      <trkpt lat="60.236962" lon="24.048542"><ele>81.4</ele></trkpt>
      <trkpt lat="60.23695" lon="24.048497"><ele>81.4</ele></trkpt>
      <trkpt lat="60.236947" lon="24.048442"><ele>81.6</ele></trkpt>
      <trkpt lat="60.236947" lon="24.048377"><ele>81.6</ele></trkpt>
      <trkpt lat="60.236937" lon="24.048302"><ele>81.4</ele></trkpt>
      <trkpt lat="60.236927" lon="24.048227"><ele>81.2</ele></trkpt>
      <trkpt lat="60.236925" lon="24.048157"><ele>81.2</ele></trkpt>
      <trkpt lat="60.23691" lon="24.048102"><ele>81</ele></trkpt>
      <trkpt lat="60.236897" lon="24.048062"><ele>81</ele></trkpt>
      <trkpt lat="60.236882" lon="24.04802"><ele>81.2</ele></trkpt>
      <trkpt lat="60.23687" lon="24.047987"><ele>81.4</ele></trkpt>
      <trkpt lat="60.236857" lon="24.04795"><ele>81.6</ele></trkpt>
      <trkpt lat="60.23682" lon="24.047937"><ele>81.8</ele></trkpt>
      <trkpt lat="60.236802" lon="24.047887"><ele>82</ele></trkpt>
      <trkpt lat="60.236797" lon="24.04782"><ele>82</ele></trkpt>
      <trkpt lat="60.236797" lon="24.04778"><ele>82</ele></trkpt>
      <trkpt lat="60.236797" lon="24.04773"><ele>82</ele></trkpt>
      <trkpt lat="60.236797" lon="24.047685"><ele>81.8</ele></trkpt>
      <trkpt lat="60.236782" lon="24.04766"><ele>81.6</ele></trkpt>
      <trkpt lat="60.236772" lon="24.047627"><ele>81.6</ele></trkpt>
      <trkpt lat="60.236767" lon="24.047587"><ele>81.6</ele></trkpt>
      <trkpt lat="60.23676" lon="24.047542"><ele>81.6</ele></trkpt>
      <trkpt lat="60.236752" lon="24.047497"><ele>81.6</ele></trkpt>
      <trkpt lat="60.236747" lon="24.047452"><ele>81.8</ele></trkpt>
      <trkpt lat="60.236742" lon="24.047415"><ele>81.8</ele></trkpt>
      <trkpt lat="60.23675" lon="24.047377"><ele>81.6</ele></trkpt>
      <trkpt lat="60.236767" lon="24.047347"><ele>81.6</ele></trkpt>
      <trkpt lat="60.23678" lon="24.047305"><ele>81.2</ele></trkpt>
      <trkpt lat="60.236785" lon="24.047242"><ele>80.8</ele></trkpt>
      <trkpt lat="60.236782" lon="24.047162"><ele>80.2</ele></trkpt>
      <trkpt lat="60.236772" lon="24.047107"><ele>79.8</ele></trkpt>
      <trkpt lat="60.23676" lon="24.047057"><ele>79.6</ele></trkpt>
      <trkpt lat="60.236755" lon="24.047007"><ele>79.4</ele></trkpt>
      <trkpt lat="60.236752" lon="24.04696"><ele>79.2</ele></trkpt>
      <trkpt lat="60.236747" lon="24.046902"><ele>79.2</ele></trkpt>
      <trkpt lat="60.23674" lon="24.046845"><ele>79</ele></trkpt>
      <trkpt lat="60.236727" lon="24.046787"><ele>79</ele></trkpt>
      <trkpt lat="60.236707" lon="24.046722"><ele>78.8</ele></trkpt>
      <trkpt lat="60.2367" lon="24.046652"><ele>78.6</ele></trkpt>
      <trkpt lat="60.236687" lon="24.046592"><ele>78.6</ele></trkpt>
      <trkpt lat="60.236677" lon="24.046537"><ele>78.6</ele></trkpt>
      <trkpt lat="60.236665" lon="24.046492"><ele>78.6</ele></trkpt>
      <trkpt lat="60.236645" lon="24.046452"><ele>78.8</ele></trkpt>
      <trkpt lat="60.23662" lon="24.046417"><ele>79</ele></trkpt>
      <trkpt lat="60.236592" lon="24.046417"><ele>79.2</ele></trkpt>
      <trkpt lat="60.236567" lon="24.046433"><ele>79.4</ele></trkpt>
      <trkpt lat="60.236537" lon="24.046447"><ele>79.8</ele></trkpt>
      <trkpt lat="60.236515" lon="24.046433"><ele>80.2</ele></trkpt>
      <trkpt lat="60.236492" lon="24.046427"><ele>80.6</ele></trkpt>
      <trkpt lat="60.236472" lon="24.04644"><ele>80.8</ele></trkpt>
      <trkpt lat="60.236452" lon="24.046455"><ele>81.2</ele></trkpt>
      <trkpt lat="60.236432" lon="24.046442"><ele>81.8</ele></trkpt>
      <trkpt lat="60.236417" lon="24.04642"><ele>82.2</ele></trkpt>
      <trkpt lat="60.236402" lon="24.046387"><ele>82.4</ele></trkpt>
      <trkpt lat="60.236383" lon="24.046357"><ele>82.6</ele></trkpt>
      <trkpt lat="60.236362" lon="24.046357"><ele>83</ele></trkpt>
      <trkpt lat="60.236342" lon="24.046367"><ele>83.2</ele></trkpt>
      <trkpt lat="60.23632" lon="24.046357"><ele>83.6</ele></trkpt>
      <trkpt lat="60.236302" lon="24.046337"><ele>84</ele></trkpt>
      <trkpt lat="60.236287" lon="24.04631"><ele>84.2</ele></trkpt>
      <trkpt lat="60.236272" lon="24.04628"><ele>84.6</ele></trkpt>
      <trkpt lat="60.23625" lon="24.04626"><ele>84.8</ele></trkpt>
      <trkpt lat="60.23623" lon="24.046235"><ele>85</ele></trkpt>
      <trkpt lat="60.236217" lon="24.046197"><ele>85.4</ele></trkpt>
      <trkpt lat="60.236207" lon="24.046147"><ele>85.6</ele></trkpt>
      <trkpt lat="60.236192" lon="24.046105"><ele>85.8</ele></trkpt>
      <trkpt lat="60.236177" lon="24.046065"><ele>86</ele></trkpt>
      <trkpt lat="60.236167" lon="24.046017"><ele>86</ele></trkpt>
      <trkpt lat="60.236157" lon="24.045967"><ele>86.2</ele></trkpt>
      <trkpt lat="60.236145" lon="24.04592"><ele>86.2</ele></trkpt>
      <trkpt lat="60.236137" lon="24.045862"><ele>86.2</ele></trkpt>
      <trkpt lat="60.236127" lon="24.045812"><ele>86.2</ele></trkpt>
      <trkpt lat="60.236115" lon="24.045762"><ele>86.2</ele></trkpt>
      <trkpt lat="60.236097" lon="24.045712"><ele>86.2</ele></trkpt>
      <trkpt lat="60.236087" lon="24.045662"><ele>86.2</ele></trkpt>
      <trkpt lat="60.236087" lon="24.045612"><ele>86.2</ele></trkpt>
      <trkpt lat="60.236077" lon="24.045557"><ele>86.2</ele></trkpt>
      <trkpt lat="60.236067" lon="24.045512"><ele>86</ele></trkpt>
      <trkpt lat="60.236057" lon="24.04547"><ele>86</ele></trkpt>
      <trkpt lat="60.236042" lon="24.045432"><ele>86</ele></trkpt>
      <trkpt lat="60.236025" lon="24.0454"><ele>86</ele></trkpt>
      <trkpt lat="60.236007" lon="24.04537"><ele>86</ele></trkpt>
      <trkpt lat="60.235985" lon="24.045342"><ele>86</ele></trkpt>
      <trkpt lat="60.235962" lon="24.045325"><ele>86.2</ele></trkpt>
      <trkpt lat="60.235947" lon="24.045295"><ele>86.4</ele></trkpt>
      <trkpt lat="60.235932" lon="24.045258"><ele>86.6</ele></trkpt>
      <trkpt lat="60.235917" lon="24.04523"><ele>86.6</ele></trkpt>
      <trkpt lat="60.235902" lon="24.045192"><ele>86.8</ele></trkpt>
      <trkpt lat="60.235882" lon="24.04516"><ele>87</ele></trkpt>
      <trkpt lat="60.23586" lon="24.045127"><ele>87</ele></trkpt>
      <trkpt lat="60.235842" lon="24.045097"><ele>87.2</ele></trkpt>
      <trkpt lat="60.235822" lon="24.045067"><ele>87.4</ele></trkpt>
      <trkpt lat="60.235802" lon="24.045037"><ele>87.6</ele></trkpt>
      <trkpt lat="60.235782" lon="24.044992"><ele>87.6</ele></trkpt>
      <trkpt lat="60.235767" lon="24.044947"><ele>87.8</ele></trkpt>
      <trkpt lat="60.23575" lon="24.04491"><ele>88</ele></trkpt>
      <trkpt lat="60.235737" lon="24.044862"><ele>88</ele></trkpt>
      <trkpt lat="60.235722" lon="24.044815"><ele>88</ele></trkpt>
      <trkpt lat="60.235715" lon="24.044755"><ele>88.2</ele></trkpt>
      <trkpt lat="60.235708" lon="24.044697"><ele>88.2</ele></trkpt>
      <trkpt lat="60.235705" lon="24.044632"><ele>88.2</ele></trkpt>
      <trkpt lat="60.235695" lon="24.044565"><ele>88</ele></trkpt>
      <trkpt lat="60.235687" lon="24.044495"><ele>88</ele></trkpt>
      <trkpt lat="60.235682" lon="24.044417"><ele>87.8</ele></trkpt>
      <trkpt lat="60.23569" lon="24.044335"><ele>87.6</ele></trkpt>
      <trkpt lat="60.235697" lon="24.044242"><ele>87.2</ele></trkpt>
      <trkpt lat="60.235697" lon="24.044145"><ele>87</ele></trkpt>
      <trkpt lat="60.23569" lon="24.044057"><ele>86.8</ele></trkpt>
      <trkpt lat="60.23567" lon="24.043982"><ele>86.6</ele></trkpt>
      <trkpt lat="60.235657" lon="24.043905"><ele>86.6</ele></trkpt>
      <trkpt lat="60.235662" lon="24.043827"><ele>86.4</ele></trkpt>
      <trkpt lat="60.23567" lon="24.04376"><ele>86.2</ele></trkpt>
      <trkpt lat="60.235662" lon="24.0437"><ele>86</ele></trkpt>
      <trkpt lat="60.235647" lon="24.043652"><ele>86</ele></trkpt>
      <trkpt lat="60.235627" lon="24.043617"><ele>86</ele></trkpt>
      <trkpt lat="60.235607" lon="24.043585"><ele>86</ele></trkpt>
      <trkpt lat="60.235592" lon="24.043537"><ele>85.8</ele></trkpt>
      <trkpt lat="60.235587" lon="24.043482"><ele>85.8</ele></trkpt>
      <trkpt lat="60.235585" lon="24.043435"><ele>85.8</ele></trkpt>
      <trkpt lat="60.23558" lon="24.04339"><ele>85.8</ele></trkpt>
      <trkpt lat="60.23557" lon="24.043347"><ele>85.8</ele></trkpt>
      <trkpt lat="60.235557" lon="24.043312"><ele>85.8</ele></trkpt>
      <trkpt lat="60.235547" lon="24.043277"><ele>85.6</ele></trkpt>
      <trkpt lat="60.235545" lon="24.043237"><ele>85.6</ele></trkpt>
      <trkpt lat="60.23554" lon="24.043202"><ele>85.6</ele></trkpt>
      <trkpt lat="60.235532" lon="24.04316"><ele>85.6</ele></trkpt>
      <trkpt lat="60.235525" lon="24.043122"><ele>85.6</ele></trkpt>
      <trkpt lat="60.235507" lon="24.043062"><ele>85.8</ele></trkpt>
      <trkpt lat="60.235497" lon="24.04303"><ele>85.8</ele></trkpt>
      <trkpt lat="60.235487" lon="24.042997"><ele>85.8</ele></trkpt>
      <trkpt lat="60.235472" lon="24.042947"><ele>85.8</ele></trkpt>
      <trkpt lat="60.235462" lon="24.042882"><ele>85.8</ele></trkpt>
      <trkpt lat="60.235452" lon="24.042827"><ele>85.8</ele></trkpt>
      <trkpt lat="60.235442" lon="24.042772"><ele>85.8</ele></trkpt>
      <trkpt lat="60.235425" lon="24.042712"><ele>85.8</ele></trkpt>
      <trkpt lat="60.235397" lon="24.042645"><ele>85.6</ele></trkpt>
      <trkpt lat="60.235375" lon="24.042572"><ele>85.6</ele></trkpt>
      <trkpt lat="60.235352" lon="24.042512"><ele>85.6</ele></trkpt>
      <trkpt lat="60.235328" lon="24.042455"><ele>85.6</ele></trkpt>
      <trkpt lat="60.235307" lon="24.042392"><ele>85.8</ele></trkpt>
      <trkpt lat="60.235287" lon="24.042317"><ele>85.8</ele></trkpt>
      <trkpt lat="60.235262" lon="24.042237"><ele>85.8</ele></trkpt>
      <trkpt lat="60.23524" lon="24.04216"><ele>85.6</ele></trkpt>
      <trkpt lat="60.235212" lon="24.04209"><ele>85.6</ele></trkpt>
      <trkpt lat="60.235192" lon="24.04202"><ele>85.6</ele></trkpt>
      <trkpt lat="60.235167" lon="24.041947"><ele>85.6</ele></trkpt>
      <trkpt lat="60.235142" lon="24.04187"><ele>85.6</ele></trkpt>
      <trkpt lat="60.235107" lon="24.041807"><ele>85.6</ele></trkpt>
      <trkpt lat="60.235067" lon="24.041762"><ele>85.4</ele></trkpt>
      <trkpt lat="60.23503" lon="24.041722"><ele>85.4</ele></trkpt>
      <trkpt lat="60.234995" lon="24.041677"><ele>85.4</ele></trkpt>
      <trkpt lat="60.23496" lon="24.041622"><ele>85.4</ele></trkpt>
      <trkpt lat="60.23492" lon="24.041577"><ele>85.4</ele></trkpt>
      <trkpt lat="60.234878" lon="24.041532"><ele>85.4</ele></trkpt>
      <trkpt lat="60.234842" lon="24.041477"><ele>85.6</ele></trkpt>
      <trkpt lat="60.234805" lon="24.041425"><ele>85.6</ele></trkpt>
      <trkpt lat="60.234765" lon="24.041385"><ele>85.6</ele></trkpt>
      <trkpt lat="60.234727" lon="24.041337"><ele>85.6</ele></trkpt>
      <trkpt lat="60.234692" lon="24.041292"><ele>85.6</ele></trkpt>
      <trkpt lat="60.234657" lon="24.04125"><ele>85.8</ele></trkpt>
      <trkpt lat="60.23462" lon="24.04122"><ele>85.8</ele></trkpt>
      <trkpt lat="60.234577" lon="24.04119"><ele>86</ele></trkpt>
      <trkpt lat="60.234547" lon="24.041127"><ele>86</ele></trkpt>
      <trkpt lat="60.234517" lon="24.041072"><ele>86</ele></trkpt>
      <trkpt lat="60.23449" lon="24.041005"><ele>86</ele></trkpt>
      <trkpt lat="60.234457" lon="24.040975"><ele>86</ele></trkpt>
      <trkpt lat="60.234427" lon="24.040967"><ele>86.2</ele></trkpt>
      <trkpt lat="60.234392" lon="24.040977"><ele>86.2</ele></trkpt>
      <trkpt lat="60.234357" lon="24.040972"><ele>86</ele></trkpt>
      <trkpt lat="60.234322" lon="24.040945"><ele>86</ele></trkpt>
      <trkpt lat="60.234285" lon="24.04091"><ele>86</ele></trkpt>
      <trkpt lat="60.23425" lon="24.040877"><ele>86</ele></trkpt>
      <trkpt lat="60.234217" lon="24.040855"><ele>86</ele></trkpt>
      <trkpt lat="60.234187" lon="24.040847"><ele>86</ele></trkpt>
      <trkpt lat="60.234155" lon="24.04084"><ele>86</ele></trkpt>
      <trkpt lat="60.234127" lon="24.04083"><ele>86</ele></trkpt>
      <trkpt lat="60.234107" lon="24.040807"><ele>86.2</ele></trkpt>
      <trkpt lat="60.23409" lon="24.040775"><ele>86.2</ele></trkpt>
      <trkpt lat="60.234065" lon="24.040742"><ele>86.2</ele></trkpt>
      <trkpt lat="60.23404" lon="24.040695"><ele>86.2</ele></trkpt>
      <trkpt lat="60.234007" lon="24.040655"><ele>86.2</ele></trkpt>
      <trkpt lat="60.23397" lon="24.040645"><ele>86.2</ele></trkpt>
      <trkpt lat="60.233927" lon="24.040632"><ele>86</ele></trkpt>
      <trkpt lat="60.233887" lon="24.040605"><ele>86</ele></trkpt>
      <trkpt lat="60.233847" lon="24.040557"><ele>86</ele></trkpt>
      <trkpt lat="60.233808" lon="24.0405"><ele>86</ele></trkpt>
      <trkpt lat="60.233772" lon="24.040437"><ele>85.8</ele></trkpt>
      <trkpt lat="60.23373" lon="24.04039"><ele>86</ele></trkpt>
      <trkpt lat="60.23369" lon="24.040382"><ele>85.8</ele></trkpt>
      <trkpt lat="60.233657" lon="24.040397"><ele>85.8</ele></trkpt>
      <trkpt lat="60.233627" lon="24.04042"><ele>85.8</ele></trkpt>
      <trkpt lat="60.2336" lon="24.040427"><ele>86</ele></trkpt>
      <trkpt lat="60.233575" lon="24.040402"><ele>86.2</ele></trkpt>
      <trkpt lat="60.233552" lon="24.040352"><ele>86.4</ele></trkpt>
      <trkpt lat="60.233522" lon="24.040297"><ele>86.6</ele></trkpt>
      <trkpt lat="60.23349" lon="24.040227"><ele>86.8</ele></trkpt>
      <trkpt lat="60.233452" lon="24.040172"><ele>87</ele></trkpt>
      <trkpt lat="60.233407" lon="24.04014"><ele>87</ele></trkpt>
      <trkpt lat="60.23337" lon="24.040122"><ele>87</ele></trkpt>
      <trkpt lat="60.23333" lon="24.040112"><ele>87</ele></trkpt>
      <trkpt lat="60.233297" lon="24.040107"><ele>87</ele></trkpt>
      <trkpt lat="60.233262" lon="24.04012"><ele>87.2</ele></trkpt>
      <trkpt lat="60.23323" lon="24.04014"><ele>87.4</ele></trkpt>
      <trkpt lat="60.233192" lon="24.04014"><ele>87.6</ele></trkpt>
      <trkpt lat="60.233155" lon="24.040112"><ele>87.8</ele></trkpt>
      <trkpt lat="60.233132" lon="24.040082"><ele>88.2</ele></trkpt>
      <trkpt lat="60.233107" lon="24.040042"><ele>88.6</ele></trkpt>
      <trkpt lat="60.233085" lon="24.040002"><ele>88.8</ele></trkpt>
      <trkpt lat="60.233067" lon="24.03995"><ele>88.8</ele></trkpt>
      <trkpt lat="60.233057" lon="24.039885"><ele>89</ele></trkpt>
      <trkpt lat="60.233042" lon="24.039822"><ele>89.2</ele></trkpt>
      <trkpt lat="60.233017" lon="24.039777"><ele>89.2</ele></trkpt>
      <trkpt lat="60.232995" lon="24.039728"><ele>89.2</ele></trkpt>
      <trkpt lat="60.232972" lon="24.039687"><ele>89</ele></trkpt>
      <trkpt lat="60.232952" lon="24.039642"><ele>89</ele></trkpt>
      <trkpt lat="60.232932" lon="24.039607"><ele>88.8</ele></trkpt>
      <trkpt lat="60.232912" lon="24.039602"><ele>88.8</ele></trkpt>
      <trkpt lat="60.232892" lon="24.039602"><ele>88.8</ele></trkpt>
      <trkpt lat="60.232872" lon="24.0396"><ele>88.8</ele></trkpt>
      <trkpt lat="60.232847" lon="24.039582"><ele>88.8</ele></trkpt>
      <trkpt lat="60.232822" lon="24.039557"><ele>88.8</ele></trkpt>
      <trkpt lat="60.232797" lon="24.039537"><ele>88.8</ele></trkpt>
      <trkpt lat="60.232772" lon="24.039507"><ele>88.8</ele></trkpt>
      <trkpt lat="60.232757" lon="24.03947"><ele>89</ele></trkpt>
      <trkpt lat="60.23274" lon="24.039425"><ele>89</ele></trkpt>
      <trkpt lat="60.23272" lon="24.039382"><ele>89.2</ele></trkpt>
      <trkpt lat="60.232697" lon="24.039342"><ele>89.2</ele></trkpt>
      <trkpt lat="60.232675" lon="24.039297"><ele>89.2</ele></trkpt>
      <trkpt lat="60.232647" lon="24.039257"><ele>89.2</ele></trkpt>
      <trkpt lat="60.232622" lon="24.039217"><ele>89</ele></trkpt>
      <trkpt lat="60.232597" lon="24.039202"><ele>89</ele></trkpt>
      <trkpt lat="60.23257" lon="24.039185"><ele>89</ele></trkpt>
      <trkpt lat="60.23255" lon="24.03919"><ele>88.8</ele></trkpt>
      <trkpt lat="60.232527" lon="24.039187"><ele>88.8</ele></trkpt>
      <trkpt lat="60.23251" lon="24.039182"><ele>88.6</ele></trkpt>
      <trkpt lat="60.23249" lon="24.039177"><ele>88.6</ele></trkpt>
      <trkpt lat="60.232457" lon="24.039155"><ele>89</ele></trkpt>
      <trkpt lat="60.232427" lon="24.03914"><ele>89.2</ele></trkpt>
      <trkpt lat="60.232407" lon="24.039112"><ele>89.4</ele></trkpt>
      <trkpt lat="60.23238" lon="24.03909"><ele>89.6</ele></trkpt>
      <trkpt lat="60.232352" lon="24.039067"><ele>89.8</ele></trkpt>
      <trkpt lat="60.23231" lon="24.039022"><ele>89.8</ele></trkpt>
      <trkpt lat="60.23228" lon="24.038997"><ele>89.8</ele></trkpt>
      <trkpt lat="60.232257" lon="24.038972"><ele>89.8</ele></trkpt>
      <trkpt lat="60.232227" lon="24.038957"><ele>89.8</ele></trkpt>
      <trkpt lat="60.232192" lon="24.038957"><ele>90</ele></trkpt>
      <trkpt lat="60.232152" lon="24.038947"><ele>90</ele></trkpt>
      <trkpt lat="60.232115" lon="24.03893"><ele>90</ele></trkpt>
      <trkpt lat="60.232077" lon="24.038933"><ele>90</ele></trkpt>
      <trkpt lat="60.232037" lon="24.03892"><ele>90.2</ele></trkpt>
      <trkpt lat="60.232002" lon="24.038875"><ele>90.2</ele></trkpt>
      <trkpt lat="60.231982" lon="24.038807"><ele>90.4</ele></trkpt>
      <trkpt lat="60.231962" lon="24.038737"><ele>90.4</ele></trkpt>
      <trkpt lat="60.23195" lon="24.038657"><ele>90.4</ele></trkpt>
      <trkpt lat="60.231927" lon="24.038577"><ele>90.6</ele></trkpt>
      <trkpt lat="60.231907" lon="24.038505"><ele>90.6</ele></trkpt>
      <trkpt lat="60.231892" lon="24.038452"><ele>90.6</ele></trkpt>
      <trkpt lat="60.231875" lon="24.038382"><ele>90.4</ele></trkpt>
      <trkpt lat="60.231852" lon="24.038317"><ele>90.4</ele></trkpt>
      <trkpt lat="60.231817" lon="24.038277"><ele>90.4</ele></trkpt>
      <trkpt lat="60.231787" lon="24.038237"><ele>90.2</ele></trkpt>
      <trkpt lat="60.231752" lon="24.038212"><ele>90.2</ele></trkpt>
      <trkpt lat="60.23172" lon="24.038197"><ele>90</ele></trkpt>
      <trkpt lat="60.231687" lon="24.038182"><ele>89.8</ele></trkpt>
      <trkpt lat="60.231662" lon="24.038142"><ele>89.6</ele></trkpt>
      <trkpt lat="60.231637" lon="24.038087"><ele>89.6</ele></trkpt>
      <trkpt lat="60.231613" lon="24.038042"><ele>89.4</ele></trkpt>
      <trkpt lat="60.23159" lon="24.038"><ele>89.4</ele></trkpt>
      <trkpt lat="60.231567" lon="24.037957"><ele>89.4</ele></trkpt>
      <trkpt lat="60.231552" lon="24.037907"><ele>89.4</ele></trkpt>
      <trkpt lat="60.231537" lon="24.037852"><ele>89.2</ele></trkpt>
      <trkpt lat="60.231512" lon="24.0378"><ele>89.2</ele></trkpt>
      <trkpt lat="60.231482" lon="24.037752"><ele>89.2</ele></trkpt>
      <trkpt lat="60.231457" lon="24.037702"><ele>89</ele></trkpt>
      <trkpt lat="60.231425" lon="24.037665"><ele>88.8</ele></trkpt>
      <trkpt lat="60.231392" lon="24.037652"><ele>88.8</ele></trkpt>
      <trkpt lat="60.231362" lon="24.03763"><ele>88.6</ele></trkpt>
      <trkpt lat="60.23133" lon="24.037603"><ele>88.8</ele></trkpt>
      <trkpt lat="60.231297" lon="24.037577"><ele>88.8</ele></trkpt>
      <trkpt lat="60.231267" lon="24.037532"><ele>88.8</ele></trkpt>
      <trkpt lat="60.23124" lon="24.03748"><ele>88.8</ele></trkpt>
      <trkpt lat="60.231207" lon="24.037422"><ele>89</ele></trkpt>
      <trkpt lat="60.231175" lon="24.037357"><ele>89</ele></trkpt>
      <trkpt lat="60.231142" lon="24.03729"><ele>89</ele></trkpt>
      <trkpt lat="60.231112" lon="24.037222"><ele>89</ele></trkpt>
      <trkpt lat="60.23108" lon="24.037157"><ele>89</ele></trkpt>
      <trkpt lat="60.231047" lon="24.037097"><ele>89.2</ele></trkpt>
      <trkpt lat="60.231012" lon="24.037037"><ele>89.2</ele></trkpt>
      <trkpt lat="60.23099" lon="24.03696"><ele>89.2</ele></trkpt>
      <trkpt lat="60.230982" lon="24.036877"><ele>89.2</ele></trkpt>
      <trkpt lat="60.230975" lon="24.036797"><ele>89.2</ele></trkpt>
      <trkpt lat="60.230947" lon="24.036727"><ele>89.2</ele></trkpt>
      <trkpt lat="60.230922" lon="24.036662"><ele>89.2</ele></trkpt>
      <trkpt lat="60.230897" lon="24.036597"><ele>89.2</ele></trkpt>
      <trkpt lat="60.230875" lon="24.03653"><ele>89</ele></trkpt>
      <trkpt lat="60.23085" lon="24.036462"><ele>89</ele></trkpt>
      <trkpt lat="60.23083" lon="24.036393"><ele>89</ele></trkpt>
      <trkpt lat="60.23081" lon="24.036325"><ele>88.8</ele></trkpt>
      <trkpt lat="60.230787" lon="24.036257"><ele>88.8</ele></trkpt>
      <trkpt lat="60.230757" lon="24.036202"><ele>88.8</ele></trkpt>
      <trkpt lat="60.230722" lon="24.036168"><ele>88.6</ele></trkpt>
      <trkpt lat="60.230697" lon="24.036122"><ele>88.4</ele></trkpt>
      <trkpt lat="60.230677" lon="24.036072"><ele>88.2</ele></trkpt>
      <trkpt lat="60.230657" lon="24.036013"><ele>88.2</ele></trkpt>
      <trkpt lat="60.230637" lon="24.035952"><ele>88.2</ele></trkpt>
      <trkpt lat="60.230622" lon="24.035875"><ele>88.2</ele></trkpt>
      <trkpt lat="60.230615" lon="24.0358"><ele>88</ele></trkpt>
      <trkpt lat="60.23061" lon="24.035727"><ele>88</ele></trkpt>
      <trkpt lat="60.230587" lon="24.035655"><ele>87.6</ele></trkpt>
      <trkpt lat="60.23057" lon="24.035577"><ele>87.4</ele></trkpt>
      <trkpt lat="60.230547" lon="24.035502"><ele>87.2</ele></trkpt>
      <trkpt lat="60.230537" lon="24.035432"><ele>87</ele></trkpt>
      <trkpt lat="60.23052" lon="24.035373"><ele>86.8</ele></trkpt>
      <trkpt lat="60.230515" lon="24.035312"><ele>86.6</ele></trkpt>
      <trkpt lat="60.230512" lon="24.035255"><ele>86.2</ele></trkpt>
      <trkpt lat="60.230495" lon="24.035222"><ele>85.8</ele></trkpt>
      <trkpt lat="60.230477" lon="24.0352"><ele>85.6</ele></trkpt>
      <trkpt lat="60.230462" lon="24.03516"><ele>85.2</ele></trkpt>
      <trkpt lat="60.230442" lon="24.035122"><ele>85</ele></trkpt>
      <trkpt lat="60.230412" lon="24.035112"><ele>84.8</ele></trkpt>
      <trkpt lat="60.23039" lon="24.035137"><ele>84.6</ele></trkpt>
      <trkpt lat="60.230375" lon="24.035182"><ele>84.4</ele></trkpt>
      <trkpt lat="60.23037" lon="24.035235"><ele>84.4</ele></trkpt>
      <trkpt lat="60.230375" lon="24.035292"><ele>84.4</ele></trkpt>
      <trkpt lat="60.230377" lon="24.035357"><ele>84.4</ele></trkpt>
      <trkpt lat="60.230375" lon="24.035422"><ele>84.6</ele></trkpt>
      <trkpt lat="60.230375" lon="24.035495"><ele>84.8</ele></trkpt>
      <trkpt lat="60.230377" lon="24.035567"><ele>85</ele></trkpt>
      <trkpt lat="60.230385" lon="24.035633"><ele>85.4</ele></trkpt>
      <trkpt lat="60.230395" lon="24.03571"><ele>85.6</ele></trkpt>
      <trkpt lat="60.230402" lon="24.035782"><ele>86</ele></trkpt>
      <trkpt lat="60.230402" lon="24.035862"><ele>86.2</ele></trkpt>
      <trkpt lat="60.230417" lon="24.03592"><ele>86.4</ele></trkpt>
      <trkpt lat="60.230432" lon="24.035978"><ele>86.8</ele></trkpt>
      <trkpt lat="60.23044" lon="24.03605"><ele>87</ele></trkpt>
      <trkpt lat="60.23044" lon="24.036127"><ele>87.4</ele></trkpt>
      <trkpt lat="60.23044" lon="24.036197"><ele>87.8</ele></trkpt>
      <trkpt lat="60.230442" lon="24.036255"><ele>88</ele></trkpt>
      <trkpt lat="60.230437" lon="24.036307"><ele>88.2</ele></trkpt>
      <trkpt lat="60.230417" lon="24.036335"><ele>88.4</ele></trkpt>
      <trkpt lat="60.230387" lon="24.036312"><ele>88.8</ele></trkpt>
      <trkpt lat="60.230367" lon="24.036287"><ele>89</ele></trkpt>
      <trkpt lat="60.23034" lon="24.036252"><ele>89.2</ele></trkpt>
      <trkpt lat="60.230307" lon="24.036197"><ele>89.4</ele></trkpt>
      <trkpt lat="60.230282" lon="24.036137"><ele>89.4</ele></trkpt>
      <trkpt lat="60.230248" lon="24.036072"><ele>89.4</ele></trkpt>
      <trkpt lat="60.230207" lon="24.03603"><ele>89.4</ele></trkpt>
      <trkpt lat="60.230167" lon="24.035977"><ele>89.4</ele></trkpt>
      <trkpt lat="60.230132" lon="24.035917"><ele>89.4</ele></trkpt>
      <trkpt lat="60.230102" lon="24.035862"><ele>89.6</ele></trkpt>
      <trkpt lat="60.230075" lon="24.035792"><ele>89.6</ele></trkpt>
      <trkpt lat="60.230077" lon="24.035712"><ele>89.6</ele></trkpt>
      <trkpt lat="60.230072" lon="24.035637"><ele>89.4</ele></trkpt>
      <trkpt lat="60.230047" lon="24.035592"><ele>89.2</ele></trkpt>
      <trkpt lat="60.230015" lon="24.035562"><ele>89.2</ele></trkpt>
      <trkpt lat="60.229987" lon="24.03551"><ele>89</ele></trkpt>
      <trkpt lat="60.229957" lon="24.035447"><ele>88.8</ele></trkpt>
      <trkpt lat="60.229922" lon="24.035392"><ele>88.6</ele></trkpt>
      <trkpt lat="60.22989" lon="24.035342"><ele>88.4</ele></trkpt>
      <trkpt lat="60.229862" lon="24.035282"><ele>88.4</ele></trkpt>
      <trkpt lat="60.229837" lon="24.035222"><ele>88.6</ele></trkpt>
      <trkpt lat="60.229815" lon="24.035155"><ele>88.6</ele></trkpt>
      <trkpt lat="60.229792" lon="24.035085"><ele>88.6</ele></trkpt>
      <trkpt lat="60.229762" lon="24.035012"><ele>88.6</ele></trkpt>
      <trkpt lat="60.229725" lon="24.034957"><ele>88.4</ele></trkpt>
      <trkpt lat="60.229687" lon="24.034887"><ele>88.2</ele></trkpt>
      <trkpt lat="60.229652" lon="24.034842"><ele>88.2</ele></trkpt>
      <trkpt lat="60.22962" lon="24.034797"><ele>88</ele></trkpt>
      <trkpt lat="60.229582" lon="24.034782"><ele>88</ele></trkpt>
      <trkpt lat="60.229547" lon="24.034762"><ele>88</ele></trkpt>
      <trkpt lat="60.229512" lon="24.034727"><ele>88.2</ele></trkpt>
      <trkpt lat="60.229487" lon="24.034675"><ele>88.2</ele></trkpt>
      <trkpt lat="60.22946" lon="24.03462"><ele>88.2</ele></trkpt>
      <trkpt lat="60.229432" lon="24.034565"><ele>88.2</ele></trkpt>
      <trkpt lat="60.229407" lon="24.034512"><ele>88.4</ele></trkpt>
      <trkpt lat="60.229377" lon="24.03448"><ele>88.4</ele></trkpt>
      <trkpt lat="60.229347" lon="24.034457"><ele>88.4</ele></trkpt>
      <trkpt lat="60.229317" lon="24.034422"><ele>88.6</ele></trkpt>
      <trkpt lat="60.229285" lon="24.034388"><ele>88.6</ele></trkpt>
      <trkpt lat="60.22925" lon="24.034372"><ele>88.6</ele></trkpt>
      <trkpt lat="60.229212" lon="24.034365"><ele>88.6</ele></trkpt>
      <trkpt lat="60.229172" lon="24.03436"><ele>88.6</ele></trkpt>
      <trkpt lat="60.229132" lon="24.034357"><ele>88.8</ele></trkpt>
      <trkpt lat="60.229095" lon="24.03435"><ele>88.8</ele></trkpt>
      <trkpt lat="60.229057" lon="24.03434"><ele>88.8</ele></trkpt>
      <trkpt lat="60.22902" lon="24.034327"><ele>89</ele></trkpt>
      <trkpt lat="60.228987" lon="24.034305"><ele>89</ele></trkpt>
      <trkpt lat="60.228957" lon="24.034267"><ele>89</ele></trkpt>
      <trkpt lat="60.228937" lon="24.034207"><ele>89</ele></trkpt>
      <trkpt lat="60.228917" lon="24.03417"><ele>89.2</ele></trkpt>
      <trkpt lat="60.228897" lon="24.034182"><ele>89.2</ele></trkpt>
      <trkpt lat="60.228872" lon="24.034175"><ele>89.2</ele></trkpt>
      <trkpt lat="60.228852" lon="24.034142"><ele>89.2</ele></trkpt>
      <trkpt lat="60.228832" lon="24.034102"><ele>89.2</ele></trkpt>
      <trkpt lat="60.228802" lon="24.034057"><ele>89.2</ele></trkpt>
      <trkpt lat="60.228767" lon="24.034022"><ele>89.2</ele></trkpt>
      <trkpt lat="60.228727" lon="24.034007"><ele>89.2</ele></trkpt>
      <trkpt lat="60.228687" lon="24.033992"><ele>89.2</ele></trkpt>
      <trkpt lat="60.228645" lon="24.033972"><ele>89.2</ele></trkpt>
      <trkpt lat="60.228597" lon="24.033955"><ele>89.2</ele></trkpt>
      <trkpt lat="60.228547" lon="24.033937"><ele>89.2</ele></trkpt>
      <trkpt lat="60.22849" lon="24.03393"><ele>89.2</ele></trkpt>
      <trkpt lat="60.228427" lon="24.03391"><ele>88.8</ele></trkpt>
      <trkpt lat="60.228367" lon="24.033882"><ele>88.8</ele></trkpt>
      <trkpt lat="60.228312" lon="24.033865"><ele>88.6</ele></trkpt>
      <trkpt lat="60.228257" lon="24.033842"><ele>88.4</ele></trkpt>
      <trkpt lat="60.228208" lon="24.033817"><ele>88.2</ele></trkpt>
      <trkpt lat="60.228177" lon="24.033757"><ele>88.2</ele></trkpt>
      <trkpt lat="60.228142" lon="24.033705"><ele>88.2</ele></trkpt>
      <trkpt lat="60.228097" lon="24.033655"><ele>88</ele></trkpt>
      <trkpt lat="60.228047" lon="24.033635"><ele>87.8</ele></trkpt>
      <trkpt lat="60.227992" lon="24.03362"><ele>87.8</ele></trkpt>
      <trkpt lat="60.227942" lon="24.033567"><ele>87.6</ele></trkpt>
      <trkpt lat="60.227895" lon="24.033507"><ele>87.4</ele></trkpt>
      <trkpt lat="60.227842" lon="24.033467"><ele>87.4</ele></trkpt>
      <trkpt lat="60.227792" lon="24.03343"><ele>87.2</ele></trkpt>
      <trkpt lat="60.227737" lon="24.033402"><ele>87.2</ele></trkpt>
      <trkpt lat="60.227682" lon="24.033417"><ele>87.2</ele></trkpt>
      <trkpt lat="60.22763" lon="24.03345"><ele>87.2</ele></trkpt>
      <trkpt lat="60.227577" lon="24.033442"><ele>87</ele></trkpt>
      <trkpt lat="60.227518" lon="24.033438"><ele>87</ele></trkpt>
      <trkpt lat="60.227465" lon="24.033432"><ele>87</ele></trkpt>
      <trkpt lat="60.227407" lon="24.033425"><ele>86.8</ele></trkpt>
      <trkpt lat="60.227347" lon="24.033417"><ele>86.6</ele></trkpt>
      <trkpt lat="60.227297" lon="24.033357"><ele>86.6</ele></trkpt>
      <trkpt lat="60.227255" lon="24.033292"><ele>86.6</ele></trkpt>
      <trkpt lat="60.22721" lon="24.033212"><ele>86.6</ele></trkpt>
      <trkpt lat="60.227162" lon="24.033142"><ele>86.4</ele></trkpt>
      <trkpt lat="60.22711" lon="24.033102"><ele>86.4</ele></trkpt>
      <trkpt lat="60.227052" lon="24.033058"><ele>86.2</ele></trkpt>
      <trkpt lat="60.227002" lon="24.032997"><ele>86.2</ele></trkpt>
      <trkpt lat="60.226947" lon="24.032957"><ele>86.2</ele></trkpt>
      <trkpt lat="60.226887" lon="24.03294"><ele>86.2</ele></trkpt>
      <trkpt lat="60.226837" lon="24.032902"><ele>86.2</ele></trkpt>
      <trkpt lat="60.226787" lon="24.03285"><ele>86</ele></trkpt>
      <trkpt lat="60.226752" lon="24.032767"><ele>86.2</ele></trkpt>
      <trkpt lat="60.226722" lon="24.032697"><ele>86.2</ele></trkpt>
      <trkpt lat="60.226688" lon="24.032643"><ele>86.4</ele></trkpt>
      <trkpt lat="60.226657" lon="24.032592"><ele>86.4</ele></trkpt>
      <trkpt lat="60.226625" lon="24.032537"><ele>86.6</ele></trkpt>
      <trkpt lat="60.226602" lon="24.032462"><ele>86.6</ele></trkpt>
      <trkpt lat="60.226592" lon="24.032372"><ele>86.6</ele></trkpt>
      <trkpt lat="60.226582" lon="24.03228"><ele>86.6</ele></trkpt>
      <trkpt lat="60.226567" lon="24.032187"><ele>86.6</ele></trkpt>
      <trkpt lat="60.226537" lon="24.032105"><ele>86.4</ele></trkpt>
      <trkpt lat="60.226517" lon="24.032007"><ele>86.4</ele></trkpt>
      <trkpt lat="60.226515" lon="24.031907"><ele>86.2</ele></trkpt>
      <trkpt lat="60.226502" lon="24.031822"><ele>86.2</ele></trkpt>
      <trkpt lat="60.226467" lon="24.031762"><ele>86.2</ele></trkpt>
      <trkpt lat="60.226437" lon="24.031697"><ele>86</ele></trkpt>
      <trkpt lat="60.226412" lon="24.03164"><ele>86</ele></trkpt>
      <trkpt lat="60.226282" lon="24.031737"><ele>86.2</ele></trkpt>
      <trkpt lat="60.226297" lon="24.031785"><ele>85.8</ele></trkpt>
      <trkpt lat="60.226317" lon="24.031837"><ele>85.8</ele></trkpt>
      <trkpt lat="60.226337" lon="24.031883"><ele>86</ele></trkpt>
      <trkpt lat="60.226357" lon="24.031935"><ele>86</ele></trkpt>
      <trkpt lat="60.226382" lon="24.031987"><ele>86</ele></trkpt>
      <trkpt lat="60.226405" lon="24.032038"><ele>86</ele></trkpt>
      <trkpt lat="60.22643" lon="24.032097"><ele>85.8</ele></trkpt>
      <trkpt lat="60.226452" lon="24.032167"><ele>85.8</ele></trkpt>
      <trkpt lat="60.226472" lon="24.032242"><ele>85.8</ele></trkpt>
      <trkpt lat="60.226487" lon="24.032337"><ele>85.8</ele></trkpt>
      <trkpt lat="60.226512" lon="24.032447"><ele>85.8</ele></trkpt>
      <trkpt lat="60.226547" lon="24.032565"><ele>85.8</ele></trkpt>
      <trkpt lat="60.22659" lon="24.032675"><ele>86</ele></trkpt>
      <trkpt lat="60.22664" lon="24.032782"><ele>86</ele></trkpt>
      <trkpt lat="60.226692" lon="24.032887"><ele>86</ele></trkpt>
      <trkpt lat="60.226742" lon="24.032992"><ele>86</ele></trkpt>
      <trkpt lat="60.226792" lon="24.033117"><ele>86.2</ele></trkpt>
      <trkpt lat="60.22683" lon="24.033247"><ele>86.4</ele></trkpt>
      <trkpt lat="60.226882" lon="24.033367"><ele>86.4</ele></trkpt>
      <trkpt lat="60.226927" lon="24.033487"><ele>86.6</ele></trkpt>
      <trkpt lat="60.226975" lon="24.033602"><ele>86.8</ele></trkpt>
      <trkpt lat="60.227015" lon="24.033712"><ele>86.8</ele></trkpt>
      <trkpt lat="60.227057" lon="24.033805"><ele>86.8</ele></trkpt>
      <trkpt lat="60.227097" lon="24.033897"><ele>86.8</ele></trkpt>
      <trkpt lat="60.227137" lon="24.033992"><ele>86.6</ele></trkpt>
      <trkpt lat="60.227185" lon="24.034082"><ele>86.6</ele></trkpt>
      <trkpt lat="60.227232" lon="24.034165"><ele>86.4</ele></trkpt>
      <trkpt lat="60.227272" lon="24.034247"><ele>86.2</ele></trkpt>
      <trkpt lat="60.227305" lon="24.03433"><ele>86</ele></trkpt>
      <trkpt lat="60.22733" lon="24.034405"><ele>86</ele></trkpt>
      <trkpt lat="60.227345" lon="24.03447"><ele>86.2</ele></trkpt>
      <trkpt lat="60.227355" lon="24.034507"><ele>86.2</ele></trkpt>
      <trkpt lat="60.227367" lon="24.034547"><ele>86.2</ele></trkpt>
      <trkpt lat="60.227378" lon="24.03461"><ele>86.2</ele></trkpt>
      <trkpt lat="60.227397" lon="24.034685"><ele>86.2</ele></trkpt>
      <trkpt lat="60.227415" lon="24.034775"><ele>86.2</ele></trkpt>
      <trkpt lat="60.227435" lon="24.034865"><ele>86</ele></trkpt>
      <trkpt lat="60.227462" lon="24.034957"><ele>85.8</ele></trkpt>
      <trkpt lat="60.227497" lon="24.03504"><ele>85.8</ele></trkpt>
      <trkpt lat="60.227532" lon="24.035127"><ele>86</ele></trkpt>
      <trkpt lat="60.227567" lon="24.03521"><ele>85.8</ele></trkpt>
      <trkpt lat="60.227597" lon="24.035277"><ele>85.6</ele></trkpt>
      <trkpt lat="60.227617" lon="24.03535"><ele>85.6</ele></trkpt>
      <trkpt lat="60.227637" lon="24.035417"><ele>85.6</ele></trkpt>
      <trkpt lat="60.227667" lon="24.035472"><ele>85.6</ele></trkpt>
      <trkpt lat="60.2277" lon="24.035522"><ele>85.6</ele></trkpt>
      <trkpt lat="60.227735" lon="24.035572"><ele>85.6</ele></trkpt>
      <trkpt lat="60.227762" lon="24.035642"><ele>85.4</ele></trkpt>
      <trkpt lat="60.227787" lon="24.03572"><ele>85.4</ele></trkpt>
      <trkpt lat="60.227815" lon="24.035802"><ele>85.4</ele></trkpt>
      <trkpt lat="60.22784" lon="24.03589"><ele>85.2</ele></trkpt>
      <trkpt lat="60.227867" lon="24.035977"><ele>85.2</ele></trkpt>
      <trkpt lat="60.227892" lon="24.03607"><ele>85.4</ele></trkpt>
      <trkpt lat="60.227917" lon="24.03616"><ele>85.4</ele></trkpt>
      <trkpt lat="60.227945" lon="24.036247"><ele>85.4</ele></trkpt>
      <trkpt lat="60.227982" lon="24.036302"><ele>85.4</ele></trkpt>
      <trkpt lat="60.228017" lon="24.036358"><ele>85.4</ele></trkpt>
      <trkpt lat="60.228037" lon="24.036425"><ele>85.4</ele></trkpt>
      <trkpt lat="60.22806" lon="24.03648"><ele>85.4</ele></trkpt>
      <trkpt lat="60.228082" lon="24.036545"><ele>85.4</ele></trkpt>
      <trkpt lat="60.228105" lon="24.036617"><ele>85.6</ele></trkpt>
      <trkpt lat="60.228132" lon="24.036695"><ele>85.6</ele></trkpt>
      <trkpt lat="60.22816" lon="24.036772"><ele>85.6</ele></trkpt>
      <trkpt lat="60.228192" lon="24.036835"><ele>85.4</ele></trkpt>
      <trkpt lat="60.228227" lon="24.036897"><ele>85.4</ele></trkpt>
      <trkpt lat="60.228257" lon="24.036972"><ele>85.4</ele></trkpt>
      <trkpt lat="60.228285" lon="24.037042"><ele>85.4</ele></trkpt>
      <trkpt lat="60.228317" lon="24.037115"><ele>85.6</ele></trkpt>
      <trkpt lat="60.228355" lon="24.037185"><ele>85.6</ele></trkpt>
      <trkpt lat="60.228397" lon="24.037242"><ele>85.6</ele></trkpt>
      <trkpt lat="60.22844" lon="24.037312"><ele>85.6</ele></trkpt>
      <trkpt lat="60.228485" lon="24.037378"><ele>85.6</ele></trkpt>
      <trkpt lat="60.228525" lon="24.037455"><ele>85.6</ele></trkpt>
      <trkpt lat="60.228562" lon="24.03753"><ele>85.6</ele></trkpt>
      <trkpt lat="60.228588" lon="24.037612"><ele>85.6</ele></trkpt>
      <trkpt lat="60.228605" lon="24.037702"><ele>85.6</ele></trkpt>
      <trkpt lat="60.22862" lon="24.037787"><ele>85.6</ele></trkpt>
      <trkpt lat="60.228637" lon="24.037865"><ele>85.6</ele></trkpt>
      <trkpt lat="60.228662" lon="24.037942"><ele>85.8</ele></trkpt>
      <trkpt lat="60.228695" lon="24.038007"><ele>85.8</ele></trkpt>
      <trkpt lat="60.228725" lon="24.038075"><ele>85.8</ele></trkpt>
      <trkpt lat="60.228747" lon="24.038152"><ele>85.8</ele></trkpt>
      <trkpt lat="60.228767" lon="24.038235"><ele>85.8</ele></trkpt>
      <trkpt lat="60.228782" lon="24.038327"><ele>85.8</ele></trkpt>
      <trkpt lat="60.228802" lon="24.038422"><ele>85.8</ele></trkpt>
      <trkpt lat="60.228832" lon="24.038517"><ele>85.8</ele></trkpt>
      <trkpt lat="60.228862" lon="24.038612"><ele>85.6</ele></trkpt>
      <trkpt lat="60.22889" lon="24.038702"><ele>85.4</ele></trkpt>
      <trkpt lat="60.228917" lon="24.038757"><ele>85.2</ele></trkpt>
      <trkpt lat="60.228968" lon="24.038792"><ele>85</ele></trkpt>
      <trkpt lat="60.22902" lon="24.03886"><ele>84.8</ele></trkpt>
      <trkpt lat="60.229067" lon="24.038937"><ele>84.6</ele></trkpt>
      <trkpt lat="60.229112" lon="24.039042"><ele>84.2</ele></trkpt>
      <trkpt lat="60.229137" lon="24.039177"><ele>83.8</ele></trkpt>
      <trkpt lat="60.229132" lon="24.03932"><ele>83.4</ele></trkpt>
      <trkpt lat="60.229097" lon="24.039445"><ele>83.2</ele></trkpt>
      <trkpt lat="60.229062" lon="24.039565"><ele>82.8</ele></trkpt>
      <trkpt lat="60.229027" lon="24.039682"><ele>82.4</ele></trkpt>
      <trkpt lat="60.228972" lon="24.039787"><ele>82.2</ele></trkpt>
      <trkpt lat="60.22891" lon="24.03986"><ele>82</ele></trkpt>
      <trkpt lat="60.228845" lon="24.039902"><ele>81.8</ele></trkpt>
      <trkpt lat="60.228785" lon="24.03991"><ele>81.6</ele></trkpt>
      <trkpt lat="60.22875" lon="24.039895"><ele>81.4</ele></trkpt>
      <trkpt lat="60.228727" lon="24.039897"><ele>81.6</ele></trkpt>
      <trkpt lat="60.228692" lon="24.039907"><ele>81.8</ele></trkpt>
      <trkpt lat="60.228652" lon="24.039872"><ele>81.8</ele></trkpt>
      <trkpt lat="60.228612" lon="24.039837"><ele>82</ele></trkpt>
      <trkpt lat="60.22857" lon="24.039797"><ele>82</ele></trkpt>
      <trkpt lat="60.228527" lon="24.039782"><ele>82.2</ele></trkpt>
      <trkpt lat="60.228482" lon="24.039787"><ele>82.2</ele></trkpt>
      <trkpt lat="60.228433" lon="24.039777"><ele>82.2</ele></trkpt>
      <trkpt lat="60.228387" lon="24.039757"><ele>82</ele></trkpt>
      <trkpt lat="60.228335" lon="24.03977"><ele>81.8</ele></trkpt>
      <trkpt lat="60.228282" lon="24.039792"><ele>81.4</ele></trkpt>
      <trkpt lat="60.228222" lon="24.039825"><ele>81</ele></trkpt>
      <trkpt lat="60.228167" lon="24.039872"><ele>80.6</ele></trkpt>
      <trkpt lat="60.228107" lon="24.03994"><ele>80.2</ele></trkpt>
      <trkpt lat="60.22806" lon="24.040042"><ele>79.8</ele></trkpt>
      <trkpt lat="60.228022" lon="24.040167"><ele>79</ele></trkpt>
      <trkpt lat="60.227977" lon="24.040277"><ele>78.2</ele></trkpt>
      <trkpt lat="60.227927" lon="24.040355"><ele>77.4</ele></trkpt>
      <trkpt lat="60.22787" lon="24.04042"><ele>76.8</ele></trkpt>
      <trkpt lat="60.227812" lon="24.040482"><ele>76.2</ele></trkpt>
      <trkpt lat="60.227757" lon="24.040567"><ele>75.4</ele></trkpt>
      <trkpt lat="60.227715" lon="24.040672"><ele>74.8</ele></trkpt>
      <trkpt lat="60.227672" lon="24.040782"><ele>74.2</ele></trkpt>
      <trkpt lat="60.227632" lon="24.040877"><ele>73.8</ele></trkpt>
      <trkpt lat="60.227592" lon="24.040977"><ele>73.2</ele></trkpt>
      <trkpt lat="60.22756" lon="24.041072"><ele>72.8</ele></trkpt>
      <trkpt lat="60.227525" lon="24.041162"><ele>72.6</ele></trkpt>
      <trkpt lat="60.227477" lon="24.04124"><ele>72.2</ele></trkpt>
      <trkpt lat="60.227432" lon="24.041322"><ele>72</ele></trkpt>
      <trkpt lat="60.22741" lon="24.04143"><ele>71.6</ele></trkpt>
      <trkpt lat="60.227397" lon="24.041547"><ele>71.6</ele></trkpt>
      <trkpt lat="60.227385" lon="24.041662"><ele>71.4</ele></trkpt>
      <trkpt lat="60.227372" lon="24.041765"><ele>71.4</ele></trkpt>
      <trkpt lat="60.227352" lon="24.041837"><ele>71.4</ele></trkpt>
      <trkpt lat="60.227315" lon="24.041872"><ele>71.2</ele></trkpt>
      <trkpt lat="60.227272" lon="24.041887"><ele>71.2</ele></trkpt>
      <trkpt lat="60.227227" lon="24.04192"><ele>71.2</ele></trkpt>
      <trkpt lat="60.227177" lon="24.041972"><ele>71</ele></trkpt>
      <trkpt lat="60.227132" lon="24.04204"><ele>71</ele></trkpt>
      <trkpt lat="60.2271" lon="24.04213"><ele>70.8</ele></trkpt>
      <trkpt lat="60.227068" lon="24.04221"><ele>70.4</ele></trkpt>
      <trkpt lat="60.227045" lon="24.042257"><ele>69.8</ele></trkpt>
      <trkpt lat="60.227022" lon="24.042282"><ele>69.4</ele></trkpt>
      <trkpt lat="60.227005" lon="24.042332"><ele>69</ele></trkpt>
      <trkpt lat="60.227032" lon="24.042387"><ele>69</ele></trkpt>
      <trkpt lat="60.227062" lon="24.042412"><ele>69.2</ele></trkpt>
      <trkpt lat="60.227095" lon="24.042432"><ele>69.2</ele></trkpt>
      <trkpt lat="60.227122" lon="24.04247"><ele>69.4</ele></trkpt>
      <trkpt lat="60.227145" lon="24.042472"><ele>69.4</ele></trkpt>
      <trkpt lat="60.227175" lon="24.042472"><ele>69.6</ele></trkpt>
      <trkpt lat="60.227202" lon="24.042507"><ele>69.6</ele></trkpt>
      <trkpt lat="60.227232" lon="24.042542"><ele>69.8</ele></trkpt>
      <trkpt lat="60.227262" lon="24.042577"><ele>70</ele></trkpt>
      <trkpt lat="60.227292" lon="24.042637"><ele>70.2</ele></trkpt>
      <trkpt lat="60.227317" lon="24.042707"><ele>70.2</ele></trkpt>
      <trkpt lat="60.227345" lon="24.042782"><ele>70.4</ele></trkpt>
      <trkpt lat="60.22736" lon="24.042872"><ele>70.6</ele></trkpt>
      <trkpt lat="60.22737" lon="24.042965"><ele>70.6</ele></trkpt>
      <trkpt lat="60.227392" lon="24.043057"><ele>70.6</ele></trkpt>
      <trkpt lat="60.227417" lon="24.043142"><ele>70.6</ele></trkpt>
      <trkpt lat="60.227455" lon="24.043205"><ele>70.8</ele></trkpt>
      <trkpt lat="60.227495" lon="24.043277"><ele>70.8</ele></trkpt>
      <trkpt lat="60.227535" lon="24.043357"><ele>70.8</ele></trkpt>
      <trkpt lat="60.227572" lon="24.043402"><ele>70.8</ele></trkpt>
      <trkpt lat="60.227622" lon="24.04342"><ele>70.8</ele></trkpt>
      <trkpt lat="60.22767" lon="24.04345"><ele>70.8</ele></trkpt>
      <trkpt lat="60.227712" lon="24.04351"><ele>70.6</ele></trkpt>
      <trkpt lat="60.22776" lon="24.043567"><ele>70.6</ele></trkpt>
      <trkpt lat="60.227805" lon="24.043622"><ele>70.4</ele></trkpt>
      <trkpt lat="60.227842" lon="24.0437"><ele>70.4</ele></trkpt>
      <trkpt lat="60.227875" lon="24.043782"><ele>70.4</ele></trkpt>
      <trkpt lat="60.227915" lon="24.043835"><ele>70.4</ele></trkpt>
      <trkpt lat="60.227955" lon="24.043882"><ele>70.4</ele></trkpt>
      <trkpt lat="60.227992" lon="24.043937"><ele>70.4</ele></trkpt>
      <trkpt lat="60.228032" lon="24.043997"><ele>70.4</ele></trkpt>
      <trkpt lat="60.228075" lon="24.044067"><ele>70.6</ele></trkpt>
      <trkpt lat="60.228112" lon="24.044137"><ele>70.6</ele></trkpt>
      <trkpt lat="60.228147" lon="24.044215"><ele>70.6</ele></trkpt>
      <trkpt lat="60.22817" lon="24.044317"><ele>70.6</ele></trkpt>
      <trkpt lat="60.228192" lon="24.044417"><ele>70.6</ele></trkpt>
      <trkpt lat="60.228212" lon="24.044522"><ele>70.6</ele></trkpt>
      <trkpt lat="60.228235" lon="24.044612"><ele>70.6</ele></trkpt>
      <trkpt lat="60.228252" lon="24.04466"><ele>70.4</ele></trkpt>
      <trkpt lat="60.228272" lon="24.044672"><ele>70.4</ele></trkpt>
      <trkpt lat="60.228295" lon="24.044647"><ele>70.4</ele></trkpt>
      <trkpt lat="60.228317" lon="24.044617"><ele>70.2</ele></trkpt>
      <trkpt lat="60.22834" lon="24.044582"><ele>70.2</ele></trkpt>
      <trkpt lat="60.228367" lon="24.044542"><ele>70.2</ele></trkpt>
      <trkpt lat="60.228397" lon="24.044507"><ele>70.2</ele></trkpt>
      <trkpt lat="60.228433" lon="24.044467"><ele>70</ele></trkpt>
      <trkpt lat="60.228475" lon="24.044425"><ele>70</ele></trkpt>
      <trkpt lat="60.228517" lon="24.044367"><ele>70</ele></trkpt>
      <trkpt lat="60.228555" lon="24.044295"><ele>70</ele></trkpt>
      <trkpt lat="60.2286" lon="24.044215"><ele>70</ele></trkpt>
      <trkpt lat="60.228647" lon="24.044152"><ele>70</ele></trkpt>
      <trkpt lat="60.22868" lon="24.04407"><ele>70</ele></trkpt>
      <trkpt lat="60.228712" lon="24.043992"><ele>70</ele></trkpt>
      <trkpt lat="60.22873" lon="24.043905"><ele>70</ele></trkpt>
      <trkpt lat="60.228715" lon="24.04382"><ele>70</ele></trkpt>
      <trkpt lat="60.228705" lon="24.04373"><ele>70</ele></trkpt>
      <trkpt lat="60.228717" lon="24.043652"><ele>70</ele></trkpt>
      <trkpt lat="60.228752" lon="24.043607"><ele>70</ele></trkpt>
      <trkpt lat="60.228782" lon="24.043622"><ele>70</ele></trkpt>
      <trkpt lat="60.228807" lon="24.043652"><ele>70</ele></trkpt>
      <trkpt lat="60.228825" lon="24.043695"><ele>70</ele></trkpt>
      <trkpt lat="60.228842" lon="24.04374"><ele>70</ele></trkpt>
      <trkpt lat="60.22886" lon="24.043772"><ele>70</ele></trkpt>
      <trkpt lat="60.228877" lon="24.043805"><ele>70</ele></trkpt>
      <trkpt lat="60.228897" lon="24.043832"><ele>70</ele></trkpt>
      <trkpt lat="60.228922" lon="24.043835"><ele>70.2</ele></trkpt>
      <trkpt lat="60.228937" lon="24.043807"><ele>70.2</ele></trkpt>
      <trkpt lat="60.228947" lon="24.043765"><ele>70.4</ele></trkpt>
      <trkpt lat="60.22894" lon="24.04372"><ele>70.4</ele></trkpt>
      <trkpt lat="60.228927" lon="24.043668"><ele>70.4</ele></trkpt>
      <trkpt lat="60.228912" lon="24.04361"><ele>70.4</ele></trkpt>
      <trkpt lat="60.228895" lon="24.043542"><ele>70.4</ele></trkpt>
      <trkpt lat="60.228877" lon="24.043462"><ele>70.4</ele></trkpt>
      <trkpt lat="60.228857" lon="24.043375"><ele>70.4</ele></trkpt>
      <trkpt lat="60.228835" lon="24.043297"><ele>70.4</ele></trkpt>
      <trkpt lat="60.228807" lon="24.043222"><ele>70.2</ele></trkpt>
      <trkpt lat="60.228797" lon="24.043152"><ele>70.2</ele></trkpt>
      <trkpt lat="60.228772" lon="24.043092"><ele>70.2</ele></trkpt>
      <trkpt lat="60.228747" lon="24.043017"><ele>70.2</ele></trkpt>
      <trkpt lat="60.228717" lon="24.042945"><ele>70.2</ele></trkpt>
      <trkpt lat="60.22869" lon="24.042865"><ele>70.2</ele></trkpt>
      <trkpt lat="60.228662" lon="24.042782"><ele>70.2</ele></trkpt>
      <trkpt lat="60.22864" lon="24.04268"><ele>70.2</ele></trkpt>
      <trkpt lat="60.228627" lon="24.042567"><ele>70.2</ele></trkpt>
      <trkpt lat="60.22862" lon="24.042447"><ele>70.2</ele></trkpt>
      <trkpt lat="60.228617" lon="24.042337"><ele>70.2</ele></trkpt>
      <trkpt lat="60.228617" lon="24.042227"><ele>70</ele></trkpt>
      <trkpt lat="60.228627" lon="24.042122"><ele>70.2</ele></trkpt>
      <trkpt lat="60.228622" lon="24.042022"><ele>70.2</ele></trkpt>
      <trkpt lat="60.228612" lon="24.041915"><ele>70.2</ele></trkpt>
      <trkpt lat="60.2286" lon="24.0418"><ele>70.2</ele></trkpt>
      <trkpt lat="60.2286" lon="24.04168"><ele>70.2</ele></trkpt>
      <trkpt lat="60.22861" lon="24.041577"><ele>70</ele></trkpt>
      <trkpt lat="60.228637" lon="24.041497"><ele>70</ele></trkpt>
      <trkpt lat="60.228672" lon="24.04146"><ele>70</ele></trkpt>
      <trkpt lat="60.228707" lon="24.041425"><ele>70.2</ele></trkpt>
      <trkpt lat="60.228742" lon="24.041395"><ele>70.4</ele></trkpt>
      <trkpt lat="60.228767" lon="24.041357"><ele>70.6</ele></trkpt>
      <trkpt lat="60.228777" lon="24.041307"><ele>70.8</ele></trkpt>
      <trkpt lat="60.228762" lon="24.041275"><ele>71</ele></trkpt>
      <trkpt lat="60.228735" lon="24.041232"><ele>71.4</ele></trkpt>
      <trkpt lat="60.228715" lon="24.041167"><ele>71.6</ele></trkpt>
      <trkpt lat="60.228702" lon="24.041093"><ele>72</ele></trkpt>
      <trkpt lat="60.228687" lon="24.041022"><ele>72.4</ele></trkpt>
      <trkpt lat="60.228677" lon="24.040947"><ele>72.6</ele></trkpt>
      <trkpt lat="60.228682" lon="24.040887"><ele>73</ele></trkpt>
      <trkpt lat="60.228705" lon="24.040862"><ele>73.4</ele></trkpt>
      <trkpt lat="60.228727" lon="24.04088"><ele>73.6</ele></trkpt>
      <trkpt lat="60.228752" lon="24.0409"><ele>74</ele></trkpt>
      <trkpt lat="60.228782" lon="24.040895"><ele>74.4</ele></trkpt>
      <trkpt lat="60.228792" lon="24.040855"><ele>74.8</ele></trkpt>
      <trkpt lat="60.228782" lon="24.040807"><ele>75.2</ele></trkpt>
      <trkpt lat="60.228767" lon="24.040772"><ele>75.4</ele></trkpt>
      <trkpt lat="60.228747" lon="24.040717"><ele>75.8</ele></trkpt>
      <trkpt lat="60.228732" lon="24.040657"><ele>76</ele></trkpt>
      <trkpt lat="60.228712" lon="24.040597"><ele>76.2</ele></trkpt>
      <trkpt lat="60.228705" lon="24.04052"><ele>76.6</ele></trkpt>
      <trkpt lat="60.228712" lon="24.04045"><ele>76.8</ele></trkpt>
      <trkpt lat="60.228717" lon="24.040382"><ele>77</ele></trkpt>
      <trkpt lat="60.228717" lon="24.040312"><ele>77.4</ele></trkpt>
      <trkpt lat="60.228725" lon="24.040242"><ele>77.6</ele></trkpt>
      <trkpt lat="60.228747" lon="24.040207"><ele>78</ele></trkpt>
      <trkpt lat="60.228767" lon="24.040217"><ele>78.4</ele></trkpt>
      <trkpt lat="60.228795" lon="24.040232"><ele>79.2</ele></trkpt>
      <trkpt lat="60.228817" lon="24.040262"><ele>80</ele></trkpt>
      <trkpt lat="60.228827" lon="24.040317"><ele>80.6</ele></trkpt>
      <trkpt lat="60.228832" lon="24.040362"><ele>80.6</ele></trkpt>
      <trkpt lat="60.228847" lon="24.040407"><ele>80.6</ele></trkpt>
      <trkpt lat="60.228855" lon="24.040457"><ele>80.6</ele></trkpt>
      <trkpt lat="60.22886" lon="24.040507"><ele>80.6</ele></trkpt>
      <trkpt lat="60.228865" lon="24.040557"><ele>80.4</ele></trkpt>
      <trkpt lat="60.228872" lon="24.040607"><ele>80.4</ele></trkpt>
      <trkpt lat="60.228877" lon="24.040657"><ele>80.2</ele></trkpt>
      <trkpt lat="60.228892" lon="24.0407"><ele>80</ele></trkpt>
      <trkpt lat="60.228907" lon="24.040737"><ele>80</ele></trkpt>
      <trkpt lat="60.228922" lon="24.040762"><ele>79.8</ele></trkpt>
      <trkpt lat="60.22894" lon="24.040795"><ele>79.6</ele></trkpt>
      <trkpt lat="60.228952" lon="24.04083"><ele>79.6</ele></trkpt>
      <trkpt lat="60.228957" lon="24.040865"><ele>79.4</ele></trkpt>
      <trkpt lat="60.228972" lon="24.040925"><ele>79.4</ele></trkpt>
      <trkpt lat="60.228982" lon="24.040952"><ele>79.2</ele></trkpt>
      <trkpt lat="60.229007" lon="24.040992"><ele>78.8</ele></trkpt>
      <trkpt lat="60.229015" lon="24.04108"><ele>78.6</ele></trkpt>
      <trkpt lat="60.22902" lon="24.041157"><ele>78.6</ele></trkpt>
      <trkpt lat="60.229032" lon="24.041242"><ele>78.6</ele></trkpt>
      <trkpt lat="60.22906" lon="24.041317"><ele>78.4</ele></trkpt>
      <trkpt lat="60.229092" lon="24.041372"><ele>78.4</ele></trkpt>
      <trkpt lat="60.229112" lon="24.041442"><ele>78</ele></trkpt>
      <trkpt lat="60.229132" lon="24.041505"><ele>77.8</ele></trkpt>
      <trkpt lat="60.229162" lon="24.041525"><ele>77.6</ele></trkpt>
      <trkpt lat="60.229187" lon="24.041557"><ele>77.4</ele></trkpt>
      <trkpt lat="60.229215" lon="24.041582"><ele>77.2</ele></trkpt>
      <trkpt lat="60.229247" lon="24.041607"><ele>77</ele></trkpt>
      <trkpt lat="60.229267" lon="24.041652"><ele>77.2</ele></trkpt>
      <trkpt lat="60.229285" lon="24.041705"><ele>77.2</ele></trkpt>
      <trkpt lat="60.22931" lon="24.041772"><ele>77.4</ele></trkpt>
      <trkpt lat="60.229332" lon="24.041855"><ele>77.4</ele></trkpt>
      <trkpt lat="60.229352" lon="24.041962"><ele>77.2</ele></trkpt>
      <trkpt lat="60.229375" lon="24.042077"><ele>77.2</ele></trkpt>
      <trkpt lat="60.229395" lon="24.0422"><ele>77</ele></trkpt>
      <trkpt lat="60.229427" lon="24.042297"><ele>76.8</ele></trkpt>
      <trkpt lat="60.22947" lon="24.042362"><ele>76.4</ele></trkpt>
      <trkpt lat="60.229502" lon="24.04243"><ele>76</ele></trkpt>
      <trkpt lat="60.229522" lon="24.04248"><ele>75.8</ele></trkpt>
      <trkpt lat="60.229547" lon="24.042527"><ele>76</ele></trkpt>
      <trkpt lat="60.229562" lon="24.04256"><ele>76.2</ele></trkpt>
      <trkpt lat="60.229577" lon="24.042592"><ele>76.6</ele></trkpt>
      <trkpt lat="60.229585" lon="24.042632"><ele>77</ele></trkpt>
      <trkpt lat="60.22958" lon="24.04268"><ele>77.4</ele></trkpt>
      <trkpt lat="60.229562" lon="24.042718"><ele>77.6</ele></trkpt>
      <trkpt lat="60.229532" lon="24.042732"><ele>77.8</ele></trkpt>
      <trkpt lat="60.2295" lon="24.042725"><ele>77.8</ele></trkpt>
      <trkpt lat="60.229467" lon="24.042717"><ele>78</ele></trkpt>
      <trkpt lat="60.229425" lon="24.042717"><ele>77.8</ele></trkpt>
      <trkpt lat="60.22938" lon="24.042742"><ele>77.6</ele></trkpt>
      <trkpt lat="60.229335" lon="24.042802"><ele>77.4</ele></trkpt>
      <trkpt lat="60.229292" lon="24.042892"><ele>76.8</ele></trkpt>
      <trkpt lat="60.229262" lon="24.042997"><ele>76.2</ele></trkpt>
      <trkpt lat="60.229252" lon="24.043112"><ele>75.2</ele></trkpt>
      <trkpt lat="60.22927" lon="24.04322"><ele>74.2</ele></trkpt>
      <trkpt lat="60.229307" lon="24.0433"><ele>73.4</ele></trkpt>
      <trkpt lat="60.229355" lon="24.04336"><ele>72.6</ele></trkpt>
      <trkpt lat="60.2294" lon="24.043432"><ele>72</ele></trkpt>
      <trkpt lat="60.229432" lon="24.04353"><ele>71.6</ele></trkpt>
      <trkpt lat="60.229462" lon="24.043632"><ele>71.2</ele></trkpt>
      <trkpt lat="60.229492" lon="24.04373"><ele>71</ele></trkpt>
      <trkpt lat="60.229527" lon="24.04383"><ele>71</ele></trkpt>
      <trkpt lat="60.229565" lon="24.043932"><ele>71</ele></trkpt>
      <trkpt lat="60.229602" lon="24.044037"><ele>70.8</ele></trkpt>
      <trkpt lat="60.229632" lon="24.044137"><ele>70.8</ele></trkpt>
      <trkpt lat="60.229652" lon="24.044227"><ele>70.6</ele></trkpt>
      <trkpt lat="60.229675" lon="24.04431"><ele>70.6</ele></trkpt>
      <trkpt lat="60.2297" lon="24.044402"><ele>70.6</ele></trkpt>
      <trkpt lat="60.229725" lon="24.044492"><ele>70.8</ele></trkpt>
      <trkpt lat="60.229747" lon="24.04459"><ele>70.6</ele></trkpt>
      <trkpt lat="60.229757" lon="24.044687"><ele>70.4</ele></trkpt>
      <trkpt lat="60.229767" lon="24.044802"><ele>70.4</ele></trkpt>
      <trkpt lat="60.229792" lon="24.044867"><ele>70.6</ele></trkpt>
      <trkpt lat="60.229822" lon="24.044878"><ele>70.8</ele></trkpt>
      <trkpt lat="60.229842" lon="24.044865"><ele>70.6</ele></trkpt>
      <trkpt lat="60.22986" lon="24.044842"><ele>70.6</ele></trkpt>
      <trkpt lat="60.229892" lon="24.044802"><ele>70.4</ele></trkpt>
      <trkpt lat="60.229922" lon="24.044785"><ele>70.6</ele></trkpt>
      <trkpt lat="60.229953" lon="24.04475"><ele>70.8</ele></trkpt>
      <trkpt lat="60.22997" lon="24.044727"><ele>71</ele></trkpt>
      <trkpt lat="60.229982" lon="24.044695"><ele>71.2</ele></trkpt>
      <trkpt lat="60.229987" lon="24.044657"><ele>71.4</ele></trkpt>
      <trkpt lat="60.229992" lon="24.044617"><ele>71.6</ele></trkpt>
      <trkpt lat="60.229992" lon="24.04458"><ele>72</ele></trkpt>
      <trkpt lat="60.22999" lon="24.044542"><ele>72.2</ele></trkpt>
      <trkpt lat="60.229985" lon="24.044502"><ele>72.6</ele></trkpt>
      <trkpt lat="60.229977" lon="24.044462"><ele>72.8</ele></trkpt>
      <trkpt lat="60.229965" lon="24.044425"><ele>73</ele></trkpt>
      <trkpt lat="60.229952" lon="24.04438"><ele>73.2</ele></trkpt>
      <trkpt lat="60.229942" lon="24.044332"><ele>73.4</ele></trkpt>
      <trkpt lat="60.229927" lon="24.044282"><ele>73.6</ele></trkpt>
      <trkpt lat="60.229915" lon="24.044232"><ele>73.8</ele></trkpt>
      <trkpt lat="60.229902" lon="24.044187"><ele>74</ele></trkpt>
      <trkpt lat="60.22989" lon="24.044142"><ele>74.2</ele></trkpt>
      <trkpt lat="60.229882" lon="24.044082"><ele>74.4</ele></trkpt>
      <trkpt lat="60.229882" lon="24.044022"><ele>74.6</ele></trkpt>
      <trkpt lat="60.229882" lon="24.043965"><ele>74.8</ele></trkpt>
      <trkpt lat="60.229882" lon="24.04391"><ele>75</ele></trkpt>
      <trkpt lat="60.229877" lon="24.043858"><ele>75.4</ele></trkpt>
      <trkpt lat="60.229865" lon="24.043807"><ele>75.6</ele></trkpt>
      <trkpt lat="60.22985" lon="24.04376"><ele>75.8</ele></trkpt>
      <trkpt lat="60.229832" lon="24.043712"><ele>76</ele></trkpt>
      <trkpt lat="60.22982" lon="24.04366"><ele>76.4</ele></trkpt>
      <trkpt lat="60.229812" lon="24.04361"><ele>76.6</ele></trkpt>
      <trkpt lat="60.229797" lon="24.043567"><ele>76.6</ele></trkpt>
      <trkpt lat="60.229782" lon="24.043512"><ele>76.8</ele></trkpt>
      <trkpt lat="60.229772" lon="24.043457"><ele>76.8</ele></trkpt>
      <trkpt lat="60.229762" lon="24.043397"><ele>77</ele></trkpt>
      <trkpt lat="60.229755" lon="24.043332"><ele>77</ele></trkpt>
      <trkpt lat="60.22975" lon="24.043267"><ele>77</ele></trkpt>
      <trkpt lat="60.229742" lon="24.043202"><ele>77.2</ele></trkpt>
      <trkpt lat="60.229742" lon="24.043135"><ele>77.4</ele></trkpt>
      <trkpt lat="60.229745" lon="24.043072"><ele>77.6</ele></trkpt>
      <trkpt lat="60.229742" lon="24.043012"><ele>77.6</ele></trkpt>
      <trkpt lat="60.229735" lon="24.042947"><ele>77.8</ele></trkpt>
      <trkpt lat="60.229732" lon="24.042892"><ele>78</ele></trkpt>
      <trkpt lat="60.229727" lon="24.042842"><ele>78.2</ele></trkpt>
      <trkpt lat="60.229722" lon="24.0428"><ele>78.4</ele></trkpt>
      <trkpt lat="60.22972" lon="24.042762"><ele>78.6</ele></trkpt>
      <trkpt lat="60.22972" lon="24.042722"><ele>78.8</ele></trkpt>
      <trkpt lat="60.229722" lon="24.042662"><ele>79.2</ele></trkpt>
      <trkpt lat="60.229717" lon="24.04261"><ele>79.4</ele></trkpt>
      <trkpt lat="60.229717" lon="24.04256"><ele>79.8</ele></trkpt>
      <trkpt lat="60.229717" lon="24.042502"><ele>80</ele></trkpt>
      <trkpt lat="60.229737" lon="24.042472"><ele>80.4</ele></trkpt>
      <trkpt lat="60.229757" lon="24.042482"><ele>80.8</ele></trkpt>
      <trkpt lat="60.229777" lon="24.042517"><ele>81.2</ele></trkpt>
      <trkpt lat="60.229792" lon="24.042542"><ele>81.4</ele></trkpt>
      <trkpt lat="60.22981" lon="24.042572"><ele>81.4</ele></trkpt>
      <trkpt lat="60.229825" lon="24.042597"><ele>81.4</ele></trkpt>
      <trkpt lat="60.229842" lon="24.042632"><ele>81.6</ele></trkpt>
      <trkpt lat="60.22986" lon="24.042682"><ele>81.6</ele></trkpt>
      <trkpt lat="60.229872" lon="24.042718"><ele>81.6</ele></trkpt>
      <trkpt lat="60.229882" lon="24.042762"><ele>81.6</ele></trkpt>
      <trkpt lat="60.2299" lon="24.042802"><ele>81.6</ele></trkpt>
      <trkpt lat="60.22992" lon="24.04284"><ele>81.6</ele></trkpt>
      <trkpt lat="60.22994" lon="24.04288"><ele>81.4</ele></trkpt>
      <trkpt lat="60.229957" lon="24.042922"><ele>81.4</ele></trkpt>
      <trkpt lat="60.229975" lon="24.042972"><ele>81.4</ele></trkpt>
      <trkpt lat="60.229992" lon="24.043022"><ele>81.4</ele></trkpt>
      <trkpt lat="60.23001" lon="24.043072"><ele>81.6</ele></trkpt>
      <trkpt lat="60.23003" lon="24.04313"><ele>81.6</ele></trkpt>
      <trkpt lat="60.230052" lon="24.043182"><ele>81.6</ele></trkpt>
      <trkpt lat="60.230067" lon="24.04324"><ele>81.6</ele></trkpt>
      <trkpt lat="60.230085" lon="24.043307"><ele>81.6</ele></trkpt>
      <trkpt lat="60.230097" lon="24.04338"><ele>81.6</ele></trkpt>
      <trkpt lat="60.230112" lon="24.04345"><ele>81.6</ele></trkpt>
      <trkpt lat="60.230137" lon="24.043522"><ele>81.6</ele></trkpt>
      <trkpt lat="60.230162" lon="24.043602"><ele>81.6</ele></trkpt>
      <trkpt lat="60.230187" lon="24.043692"><ele>81.6</ele></trkpt>
      <trkpt lat="60.230227" lon="24.043765"><ele>81.6</ele></trkpt>
      <trkpt lat="60.230267" lon="24.043827"><ele>81.6</ele></trkpt>
      <trkpt lat="60.230297" lon="24.043902"><ele>81.6</ele></trkpt>
      <trkpt lat="60.23032" lon="24.043977"><ele>81.6</ele></trkpt>
      <trkpt lat="60.230337" lon="24.044052"><ele>81.8</ele></trkpt>
      <trkpt lat="60.23035" lon="24.04413"><ele>81.8</ele></trkpt>
      <trkpt lat="60.230357" lon="24.044205"><ele>81.8</ele></trkpt>
      <trkpt lat="60.23035" lon="24.044272"><ele>82</ele></trkpt>
      <trkpt lat="60.230325" lon="24.044302"><ele>82</ele></trkpt>
      <trkpt lat="60.230292" lon="24.044302"><ele>82</ele></trkpt>
      <trkpt lat="60.230255" lon="24.044297"><ele>82.2</ele></trkpt>
      <trkpt lat="60.230207" lon="24.044302"><ele>82.2</ele></trkpt>
      <trkpt lat="60.230152" lon="24.044327"><ele>82.2</ele></trkpt>
      <trkpt lat="60.230102" lon="24.044375"><ele>82</ele></trkpt>
      <trkpt lat="60.230057" lon="24.044462"><ele>81.6</ele></trkpt>
      <trkpt lat="60.230022" lon="24.044567"><ele>81</ele></trkpt>
      <trkpt lat="60.230027" lon="24.044692"><ele>80.2</ele></trkpt>
      <trkpt lat="60.23006" lon="24.044805"><ele>79.2</ele></trkpt>
      <trkpt lat="60.230082" lon="24.044922"><ele>77.8</ele></trkpt>
      <trkpt lat="60.230095" lon="24.045045"><ele>76.6</ele></trkpt>
      <trkpt lat="60.230095" lon="24.045167"><ele>75.8</ele></trkpt>
      <trkpt lat="60.230092" lon="24.0453"><ele>75</ele></trkpt>
      <trkpt lat="60.230092" lon="24.045435"><ele>74.6</ele></trkpt>
      <trkpt lat="60.230122" lon="24.045545"><ele>74.4</ele></trkpt>
      <trkpt lat="60.230147" lon="24.045647"><ele>74</ele></trkpt>
      <trkpt lat="60.230172" lon="24.045737"><ele>73.6</ele></trkpt>
      <trkpt lat="60.230192" lon="24.045822"><ele>73.2</ele></trkpt>
      <trkpt lat="60.23019" lon="24.045897"><ele>72.8</ele></trkpt>
      <trkpt lat="60.230202" lon="24.045975"><ele>72.8</ele></trkpt>
      <trkpt lat="60.230217" lon="24.046052"><ele>72.6</ele></trkpt>
      <trkpt lat="60.230227" lon="24.046147"><ele>72.6</ele></trkpt>
      <trkpt lat="60.23024" lon="24.04625"><ele>72.4</ele></trkpt>
      <trkpt lat="60.230257" lon="24.046342"><ele>72.2</ele></trkpt>
      <trkpt lat="60.23028" lon="24.04643"><ele>71.8</ele></trkpt>
      <trkpt lat="60.230287" lon="24.046522"><ele>71.6</ele></trkpt>
      <trkpt lat="60.230295" lon="24.046615"><ele>71.6</ele></trkpt>
      <trkpt lat="60.230307" lon="24.046702"><ele>71.6</ele></trkpt>
      <trkpt lat="60.230337" lon="24.046778"><ele>71.4</ele></trkpt>
      <trkpt lat="60.230357" lon="24.046862"><ele>71.2</ele></trkpt>
      <trkpt lat="60.230372" lon="24.046942"><ele>71</ele></trkpt>
      <trkpt lat="60.230392" lon="24.047017"><ele>70.8</ele></trkpt>
      <trkpt lat="60.230412" lon="24.047087"><ele>70.8</ele></trkpt>
      <trkpt lat="60.230425" lon="24.047152"><ele>70.6</ele></trkpt>
      <trkpt lat="60.230425" lon="24.04722"><ele>70.6</ele></trkpt>
      <trkpt lat="60.230427" lon="24.047295"><ele>70.6</ele></trkpt>
      <trkpt lat="60.230442" lon="24.047367"><ele>70.6</ele></trkpt>
      <trkpt lat="60.230452" lon="24.047445"><ele>70.6</ele></trkpt>
      <trkpt lat="60.23047" lon="24.047515"><ele>70.4</ele></trkpt>
      <trkpt lat="60.230487" lon="24.047572"><ele>70.2</ele></trkpt>
      <trkpt lat="60.230507" lon="24.04763"><ele>70.2</ele></trkpt>
      <trkpt lat="60.230525" lon="24.047687"><ele>70</ele></trkpt>
      <trkpt lat="60.230532" lon="24.04775"><ele>69.8</ele></trkpt>
      <trkpt lat="60.23054" lon="24.047815"><ele>69.6</ele></trkpt>
      <trkpt lat="60.230542" lon="24.047872"><ele>69.6</ele></trkpt>
      <trkpt lat="60.230552" lon="24.04792"><ele>69.4</ele></trkpt>
      <trkpt lat="60.230558" lon="24.047967"><ele>69.6</ele></trkpt>
      <trkpt lat="60.230557" lon="24.04802"><ele>69.6</ele></trkpt>
      <trkpt lat="60.230537" lon="24.048042"><ele>69.6</ele></trkpt>
      <trkpt lat="60.230517" lon="24.048037"><ele>69.6</ele></trkpt>
      <trkpt lat="60.230495" lon="24.048027"><ele>69.6</ele></trkpt>
      <trkpt lat="60.23047" lon="24.048017"><ele>69.6</ele></trkpt>
      <trkpt lat="60.230447" lon="24.047988"><ele>69.4</ele></trkpt>
      <trkpt lat="60.230422" lon="24.047965"><ele>69.4</ele></trkpt>
      <trkpt lat="60.230397" lon="24.04795"><ele>69.2</ele></trkpt>
      <trkpt lat="60.23037" lon="24.04795"><ele>69</ele></trkpt>
      <trkpt lat="60.230352" lon="24.047972"><ele>69</ele></trkpt>
      <trkpt lat="60.230337" lon="24.048005"><ele>68.8</ele></trkpt>
      <trkpt lat="60.23032" lon="24.048047"><ele>68.8</ele></trkpt>
      <trkpt lat="60.230302" lon="24.04809"><ele>68.6</ele></trkpt>
      <trkpt lat="60.230277" lon="24.048132"><ele>68.6</ele></trkpt>
      <trkpt lat="60.230252" lon="24.048165"><ele>68.4</ele></trkpt>
      <trkpt lat="60.230227" lon="24.048205"><ele>68.4</ele></trkpt>
      <trkpt lat="60.230207" lon="24.048262"><ele>68.2</ele></trkpt>
      <trkpt lat="60.2302" lon="24.048327"><ele>68.2</ele></trkpt>
      <trkpt lat="60.2302" lon="24.048395"><ele>68</ele></trkpt>
      <trkpt lat="60.230205" lon="24.048457"><ele>68</ele></trkpt>
      <trkpt lat="60.230217" lon="24.048522"><ele>67.8</ele></trkpt>
      <trkpt lat="60.23024" lon="24.04858"><ele>67.6</ele></trkpt>
      <trkpt lat="60.230255" lon="24.04866"><ele>67.6</ele></trkpt>
      <trkpt lat="60.230282" lon="24.048722"><ele>67.6</ele></trkpt>
      <trkpt lat="60.230312" lon="24.04879"><ele>67.4</ele></trkpt>
      <trkpt lat="60.23033" lon="24.048867"><ele>67.4</ele></trkpt>
      <trkpt lat="60.230347" lon="24.048947"><ele>67.4</ele></trkpt>
      <trkpt lat="60.230377" lon="24.049017"><ele>67.2</ele></trkpt>
      <trkpt lat="60.230415" lon="24.049087"><ele>67</ele></trkpt>
      <trkpt lat="60.230442" lon="24.049167"><ele>67</ele></trkpt>
      <trkpt lat="60.23047" lon="24.049242"><ele>66.8</ele></trkpt>
      <trkpt lat="60.230507" lon="24.049302"><ele>66.8</ele></trkpt>
      <trkpt lat="60.230547" lon="24.049352"><ele>66.8</ele></trkpt>
      <trkpt lat="60.230582" lon="24.049417"><ele>66.8</ele></trkpt>
      <trkpt lat="60.230607" lon="24.04949"><ele>66.8</ele></trkpt>
      <trkpt lat="60.230647" lon="24.049527"><ele>66.6</ele></trkpt>
      <trkpt lat="60.230677" lon="24.049582"><ele>66.6</ele></trkpt>
      <trkpt lat="60.230697" lon="24.049647"><ele>66.6</ele></trkpt>
      <trkpt lat="60.230722" lon="24.049722"><ele>66.6</ele></trkpt>
      <trkpt lat="60.230747" lon="24.049795"><ele>66.6</ele></trkpt>
      <trkpt lat="60.230777" lon="24.049847"><ele>66.8</ele></trkpt>
      <trkpt lat="60.230802" lon="24.049912"><ele>66.8</ele></trkpt>
      <trkpt lat="60.230797" lon="24.049987"><ele>66.8</ele></trkpt>
      <trkpt lat="60.23077" lon="24.050047"><ele>67</ele></trkpt>
      <trkpt lat="60.230742" lon="24.050115"><ele>67.2</ele></trkpt>
      <trkpt lat="60.230722" lon="24.050195"><ele>67.2</ele></trkpt>
      <trkpt lat="60.230717" lon="24.050292"><ele>67.2</ele></trkpt>
      <trkpt lat="60.230727" lon="24.050382"><ele>67.2</ele></trkpt>
      <trkpt lat="60.230755" lon="24.05047"><ele>67.2</ele></trkpt>
      <trkpt lat="60.230782" lon="24.050563"><ele>67.2</ele></trkpt>
      <trkpt lat="60.230807" lon="24.050675"><ele>67.2</ele></trkpt>
      <trkpt lat="60.230832" lon="24.050787"><ele>67.2</ele></trkpt>
      <trkpt lat="60.230865" lon="24.050887"><ele>67.2</ele></trkpt>
      <trkpt lat="60.230902" lon="24.050987"><ele>67.2</ele></trkpt>
      <trkpt lat="60.230937" lon="24.051105"><ele>67</ele></trkpt>
      <trkpt lat="60.230967" lon="24.05123"><ele>66.8</ele></trkpt>
      <trkpt lat="60.231012" lon="24.051337"><ele>66.8</ele></trkpt>
      <trkpt lat="60.231057" lon="24.051452"><ele>66.6</ele></trkpt>
      <trkpt lat="60.231107" lon="24.051555"><ele>66.4</ele></trkpt>
      <trkpt lat="60.231162" lon="24.051657"><ele>66.2</ele></trkpt>
      <trkpt lat="60.231202" lon="24.051782"><ele>66</ele></trkpt>
      <trkpt lat="60.231247" lon="24.051893"><ele>66</ele></trkpt>
      <trkpt lat="60.231292" lon="24.052"><ele>66</ele></trkpt>
      <trkpt lat="60.231332" lon="24.052097"><ele>65.8</ele></trkpt>
      <trkpt lat="60.231387" lon="24.052162"><ele>66</ele></trkpt>
      <trkpt lat="60.231445" lon="24.05223"><ele>66.2</ele></trkpt>
      <trkpt lat="60.231495" lon="24.052327"><ele>66.4</ele></trkpt>
      <trkpt lat="60.231552" lon="24.05241"><ele>66.4</ele></trkpt>
      <trkpt lat="60.231612" lon="24.052485"><ele>66.4</ele></trkpt>
      <trkpt lat="60.231667" lon="24.05258"><ele>66.2</ele></trkpt>
      <trkpt lat="60.23172" lon="24.052687"><ele>66.2</ele></trkpt>
      <trkpt lat="60.231775" lon="24.05279"><ele>66.4</ele></trkpt>
      <trkpt lat="60.231835" lon="24.052878"><ele>66.4</ele></trkpt>
      <trkpt lat="60.231897" lon="24.05297"><ele>66.2</ele></trkpt>
      <trkpt lat="60.231947" lon="24.053067"><ele>66.4</ele></trkpt>
      <trkpt lat="60.23199" lon="24.053177"><ele>66.6</ele></trkpt>
      <trkpt lat="60.232027" lon="24.053282"><ele>66.8</ele></trkpt>
      <trkpt lat="60.232067" lon="24.05337"><ele>66.8</ele></trkpt>
      <trkpt lat="60.232112" lon="24.053442"><ele>66.8</ele></trkpt>
      <trkpt lat="60.232152" lon="24.05351"><ele>66.8</ele></trkpt>
      <trkpt lat="60.232187" lon="24.05358"><ele>67</ele></trkpt>
      <trkpt lat="60.232225" lon="24.053632"><ele>67.2</ele></trkpt>
      <trkpt lat="60.232265" lon="24.053677"><ele>67.4</ele></trkpt>
      <trkpt lat="60.232302" lon="24.053725"><ele>67.6</ele></trkpt>
      <trkpt lat="60.232337" lon="24.05378"><ele>67.6</ele></trkpt>
      <trkpt lat="60.232372" lon="24.053837"><ele>67.6</ele></trkpt>
      <trkpt lat="60.232405" lon="24.053887"><ele>67.6</ele></trkpt>
      <trkpt lat="60.232437" lon="24.053937"><ele>67.6</ele></trkpt>
      <trkpt lat="60.232462" lon="24.053982"><ele>67.6</ele></trkpt>
      <trkpt lat="60.232487" lon="24.05402"><ele>67.6</ele></trkpt>
      <trkpt lat="60.232512" lon="24.054062"><ele>67.8</ele></trkpt>
      <trkpt lat="60.232532" lon="24.054112"><ele>67.8</ele></trkpt>
      <trkpt lat="60.232547" lon="24.054162"><ele>68</ele></trkpt>
      <trkpt lat="60.232565" lon="24.054207"><ele>68</ele></trkpt>
      <trkpt lat="60.23259" lon="24.054247"><ele>68</ele></trkpt>
      <trkpt lat="60.232615" lon="24.054282"><ele>68</ele></trkpt>
      <trkpt lat="60.232642" lon="24.054317"><ele>67.8</ele></trkpt>
      <trkpt lat="60.232667" lon="24.054357"><ele>67.8</ele></trkpt>
      <trkpt lat="60.232692" lon="24.054395"><ele>67.8</ele></trkpt>
      <trkpt lat="60.232717" lon="24.054427"><ele>67.8</ele></trkpt>
      <trkpt lat="60.232747" lon="24.05445"><ele>67.8</ele></trkpt>
      <trkpt lat="60.232777" lon="24.054475"><ele>67.8</ele></trkpt>
      <trkpt lat="60.232802" lon="24.054503"><ele>68</ele></trkpt>
      <trkpt lat="60.232823" lon="24.054547"><ele>67.8</ele></trkpt>
      <trkpt lat="60.232842" lon="24.054592"><ele>68</ele></trkpt>
      <trkpt lat="60.232857" lon="24.054637"><ele>68</ele></trkpt>
      <trkpt lat="60.232877" lon="24.054687"><ele>68</ele></trkpt>
      <trkpt lat="60.232897" lon="24.054737"><ele>68</ele></trkpt>
      <trkpt lat="60.232922" lon="24.054777"><ele>68</ele></trkpt>
      <trkpt lat="60.232952" lon="24.054802"><ele>68</ele></trkpt>
      <trkpt lat="60.232982" lon="24.05483"><ele>68.2</ele></trkpt>
      <trkpt lat="60.233015" lon="24.054857"><ele>68.2</ele></trkpt>
      <trkpt lat="60.233052" lon="24.054882"><ele>68.2</ele></trkpt>
      <trkpt lat="60.23309" lon="24.054915"><ele>68</ele></trkpt>
      <trkpt lat="60.233122" lon="24.054967"><ele>68</ele></trkpt>
      <trkpt lat="60.233147" lon="24.055027"><ele>67.8</ele></trkpt>
      <trkpt lat="60.233172" lon="24.055087"><ele>67.6</ele></trkpt>
      <trkpt lat="60.233203" lon="24.055145"><ele>67.6</ele></trkpt>
      <trkpt lat="60.233237" lon="24.055187"><ele>67.4</ele></trkpt>
      <trkpt lat="60.233275" lon="24.055222"><ele>67.6</ele></trkpt>
      <trkpt lat="60.23331" lon="24.055252"><ele>67.6</ele></trkpt>
      <trkpt lat="60.233345" lon="24.055287"><ele>67.8</ele></trkpt>
      <trkpt lat="60.23338" lon="24.055315"><ele>67.8</ele></trkpt>
      <trkpt lat="60.233417" lon="24.055337"><ele>68</ele></trkpt>
      <trkpt lat="60.233457" lon="24.055362"><ele>68.2</ele></trkpt>
      <trkpt lat="60.233497" lon="24.05538"><ele>68.2</ele></trkpt>
      <trkpt lat="60.233532" lon="24.055402"><ele>68.4</ele></trkpt>
      <trkpt lat="60.233567" lon="24.055422"><ele>68.6</ele></trkpt>
      <trkpt lat="60.233607" lon="24.055452"><ele>68.8</ele></trkpt>
      <trkpt lat="60.233637" lon="24.055502"><ele>69</ele></trkpt>
      <trkpt lat="60.233668" lon="24.055552"><ele>69</ele></trkpt>
      <trkpt lat="60.233707" lon="24.055595"><ele>69.2</ele></trkpt>
      <trkpt lat="60.233738" lon="24.055632"><ele>69.2</ele></trkpt>
      <trkpt lat="60.233777" lon="24.055657"><ele>69.4</ele></trkpt>
      <trkpt lat="60.233817" lon="24.055687"><ele>69.4</ele></trkpt>
      <trkpt lat="60.233852" lon="24.055717"><ele>69.4</ele></trkpt>
      <trkpt lat="60.233877" lon="24.055752"><ele>69.6</ele></trkpt>
      <trkpt lat="60.233912" lon="24.055792"><ele>69.6</ele></trkpt>
      <trkpt lat="60.233947" lon="24.055802"><ele>69.8</ele></trkpt>
      <trkpt lat="60.233982" lon="24.055785"><ele>69.8</ele></trkpt>
      <trkpt lat="60.234005" lon="24.055757"><ele>70</ele></trkpt>
      <trkpt lat="60.234" lon="24.055717"><ele>70</ele></trkpt>
      <trkpt lat="60.23398" lon="24.055692"><ele>70.2</ele></trkpt>
      <trkpt lat="60.233952" lon="24.055655"><ele>70.2</ele></trkpt>
      <trkpt lat="60.233917" lon="24.055612"><ele>70.4</ele></trkpt>
      <trkpt lat="60.233877" lon="24.055572"><ele>70.4</ele></trkpt>
      <trkpt lat="60.23383" lon="24.055545"><ele>70.6</ele></trkpt>
      <trkpt lat="60.233785" lon="24.055495"><ele>70.4</ele></trkpt>
      <trkpt lat="60.233752" lon="24.055422"><ele>70.4</ele></trkpt>
      <trkpt lat="60.233717" lon="24.055375"><ele>70.4</ele></trkpt>
      <trkpt lat="60.233677" lon="24.055337"><ele>70.2</ele></trkpt>
      <trkpt lat="60.233637" lon="24.055292"><ele>70.2</ele></trkpt>
      <trkpt lat="60.233595" lon="24.055245"><ele>70.2</ele></trkpt>
      <trkpt lat="60.233552" lon="24.055185"><ele>69.8</ele></trkpt>
      <trkpt lat="60.23351" lon="24.055137"><ele>69.8</ele></trkpt>
      <trkpt lat="60.233462" lon="24.05509"><ele>69.8</ele></trkpt>
      <trkpt lat="60.233415" lon="24.05503"><ele>69.8</ele></trkpt>
      <trkpt lat="60.233372" lon="24.054965"><ele>69.8</ele></trkpt>
      <trkpt lat="60.23333" lon="24.054892"><ele>69.8</ele></trkpt>
      <trkpt lat="60.233282" lon="24.054852"><ele>69.6</ele></trkpt>
      <trkpt lat="60.233232" lon="24.054795"><ele>69.6</ele></trkpt>
      <trkpt lat="60.23319" lon="24.054755"><ele>69.4</ele></trkpt>
      <trkpt lat="60.233147" lon="24.0547"><ele>69.4</ele></trkpt>
      <trkpt lat="60.233112" lon="24.054635"><ele>69.2</ele></trkpt>
      <trkpt lat="60.233072" lon="24.054562"><ele>69.2</ele></trkpt>
      <trkpt lat="60.233037" lon="24.05448"><ele>69.2</ele></trkpt>
      <trkpt lat="60.233017" lon="24.054392"><ele>69</ele></trkpt>
      <trkpt lat="60.232997" lon="24.054313"><ele>68.8</ele></trkpt>
      <trkpt lat="60.232962" lon="24.054257"><ele>68.6</ele></trkpt>
      <trkpt lat="60.23293" lon="24.054207"><ele>68.6</ele></trkpt>
      <trkpt lat="60.232892" lon="24.05415"><ele>68.6</ele></trkpt>
      <trkpt lat="60.232862" lon="24.054082"><ele>68.6</ele></trkpt>
      <trkpt lat="60.232822" lon="24.054037"><ele>68.6</ele></trkpt>
      <trkpt lat="60.232787" lon="24.054017"><ele>68.8</ele></trkpt>
      <trkpt lat="60.232752" lon="24.053992"><ele>68.8</ele></trkpt>
      <trkpt lat="60.23274" lon="24.05393"><ele>68.8</ele></trkpt>
      <trkpt lat="60.232742" lon="24.053872"><ele>69</ele></trkpt>
      <trkpt lat="60.232752" lon="24.05382"><ele>69</ele></trkpt>
      <trkpt lat="60.232762" lon="24.05377"><ele>69</ele></trkpt>
      <trkpt lat="60.232782" lon="24.05373"><ele>69</ele></trkpt>
      <trkpt lat="60.232802" lon="24.053715"><ele>69.2</ele></trkpt>
      <trkpt lat="60.232823" lon="24.053717"><ele>69.4</ele></trkpt>
      <trkpt lat="60.232847" lon="24.053732"><ele>69.4</ele></trkpt>
      <trkpt lat="60.232872" lon="24.053742"><ele>69.6</ele></trkpt>
      <trkpt lat="60.232897" lon="24.053757"><ele>69.8</ele></trkpt>
      <trkpt lat="60.232912" lon="24.053787"><ele>70</ele></trkpt>
      <trkpt lat="60.232935" lon="24.053815"><ele>70.4</ele></trkpt>
      <trkpt lat="60.232957" lon="24.053837"><ele>70.6</ele></trkpt>
      <trkpt lat="60.232978" lon="24.05384"><ele>70.8</ele></trkpt>
      <trkpt lat="60.233002" lon="24.053852"><ele>70.8</ele></trkpt>
      <trkpt lat="60.233022" lon="24.053872"><ele>70.8</ele></trkpt>
      <trkpt lat="60.233042" lon="24.053892"><ele>71</ele></trkpt>
      <trkpt lat="60.233062" lon="24.05391"><ele>71.2</ele></trkpt>
      <trkpt lat="60.233082" lon="24.053922"><ele>71.2</ele></trkpt>
      <trkpt lat="60.233102" lon="24.053925"><ele>71.4</ele></trkpt>
      <trkpt lat="60.233125" lon="24.053932"><ele>71.6</ele></trkpt>
      <trkpt lat="60.233145" lon="24.053927"><ele>71.8</ele></trkpt>
      <trkpt lat="60.233167" lon="24.05392"><ele>72</ele></trkpt>
      <trkpt lat="60.233187" lon="24.053922"><ele>72</ele></trkpt>
      <trkpt lat="60.233207" lon="24.053922"><ele>72.2</ele></trkpt>
      <trkpt lat="60.23323" lon="24.053912"><ele>72.4</ele></trkpt>
      <trkpt lat="60.233252" lon="24.053897"><ele>72.6</ele></trkpt>
      <trkpt lat="60.23327" lon="24.053872"><ele>72.8</ele></trkpt>
      <trkpt lat="60.233292" lon="24.053862"><ele>73</ele></trkpt>
      <trkpt lat="60.233312" lon="24.053882"><ele>73.4</ele></trkpt>
      <trkpt lat="60.233332" lon="24.053898"><ele>73.8</ele></trkpt>
      <trkpt lat="60.233357" lon="24.053912"><ele>74.2</ele></trkpt>
      <trkpt lat="60.233382" lon="24.053917"><ele>74.4</ele></trkpt>
      <trkpt lat="60.233402" lon="24.053912"><ele>74.8</ele></trkpt>
      <trkpt lat="60.23342" lon="24.05392"><ele>75.2</ele></trkpt>
      <trkpt lat="60.233437" lon="24.053937"><ele>75.4</ele></trkpt>
      <trkpt lat="60.233472" lon="24.053947"><ele>76.2</ele></trkpt>
      <trkpt lat="60.2335" lon="24.053972"><ele>76.8</ele></trkpt>
      <trkpt lat="60.23352" lon="24.05398"><ele>77.2</ele></trkpt>
      <trkpt lat="60.233542" lon="24.053985"><ele>77.4</ele></trkpt>
      <trkpt lat="60.233562" lon="24.053982"><ele>77.8</ele></trkpt>
      <trkpt lat="60.233587" lon="24.053982"><ele>78</ele></trkpt>
      <trkpt lat="60.233607" lon="24.053972"><ele>78.2</ele></trkpt>
      <trkpt lat="60.233625" lon="24.053967"><ele>78.6</ele></trkpt>
      <trkpt lat="60.233657" lon="24.053972"><ele>79.2</ele></trkpt>
      <trkpt lat="60.23369" lon="24.05397"><ele>79.8</ele></trkpt>
      <trkpt lat="60.233722" lon="24.05397"><ele>80.2</ele></trkpt>
      <trkpt lat="60.233742" lon="24.053972"><ele>80.4</ele></trkpt>
      <trkpt lat="60.23376" lon="24.053977"><ele>80.6</ele></trkpt>
      <trkpt lat="60.233777" lon="24.053995"><ele>80.8</ele></trkpt>
      <trkpt lat="60.233792" lon="24.054015"><ele>80.8</ele></trkpt>
      <trkpt lat="60.233807" lon="24.054037"><ele>80.8</ele></trkpt>
      <trkpt lat="60.233822" lon="24.05406"><ele>81</ele></trkpt>
      <trkpt lat="60.233847" lon="24.0541"><ele>81.2</ele></trkpt>
      <trkpt lat="60.233867" lon="24.054135"><ele>81.2</ele></trkpt>
      <trkpt lat="60.233882" lon="24.054172"><ele>81</ele></trkpt>
      <trkpt lat="60.23391" lon="24.054202"><ele>81</ele></trkpt>
      <trkpt lat="60.233937" lon="24.05423"><ele>81.2</ele></trkpt>
      <trkpt lat="60.233957" lon="24.05426"><ele>81</ele></trkpt>
      <trkpt lat="60.233982" lon="24.054297"><ele>81</ele></trkpt>
      <trkpt lat="60.23401" lon="24.054332"><ele>81</ele></trkpt>
      <trkpt lat="60.23404" lon="24.05436"><ele>81</ele></trkpt>
      <trkpt lat="60.23406" lon="24.054377"><ele>80.8</ele></trkpt>
      <trkpt lat="60.234082" lon="24.054397"><ele>80.8</ele></trkpt>
      <trkpt lat="60.234102" lon="24.054412"><ele>80.8</ele></trkpt>
      <trkpt lat="60.234127" lon="24.05443"><ele>80.8</ele></trkpt>
      <trkpt lat="60.234147" lon="24.054442"><ele>80.8</ele></trkpt>
      <trkpt lat="60.234167" lon="24.054462"><ele>81</ele></trkpt>
      <trkpt lat="60.234188" lon="24.054482"><ele>81</ele></trkpt>
      <trkpt lat="60.234212" lon="24.0545"><ele>81</ele></trkpt>
      <trkpt lat="60.234237" lon="24.054515"><ele>81.2</ele></trkpt>
      <trkpt lat="60.234262" lon="24.054532"><ele>81.2</ele></trkpt>
      <trkpt lat="60.234287" lon="24.054537"><ele>81.2</ele></trkpt>
      <trkpt lat="60.23431" lon="24.054522"><ele>81.4</ele></trkpt>
      <trkpt lat="60.234327" lon="24.054497"><ele>81.4</ele></trkpt>
      <trkpt lat="60.234347" lon="24.054442"><ele>81.4</ele></trkpt>
      <trkpt lat="60.234362" lon="24.054417"><ele>81.6</ele></trkpt>
      <trkpt lat="60.234377" lon="24.054392"><ele>81.6</ele></trkpt>
      <trkpt lat="60.234397" lon="24.054372"><ele>81.6</ele></trkpt>
      <trkpt lat="60.234422" lon="24.054365"><ele>81.8</ele></trkpt>
      <trkpt lat="60.234445" lon="24.054382"><ele>81.8</ele></trkpt>
      <trkpt lat="60.234462" lon="24.054422"><ele>82</ele></trkpt>
      <trkpt lat="60.234477" lon="24.054477"><ele>82</ele></trkpt>
      <trkpt lat="60.234487" lon="24.054545"><ele>82.2</ele></trkpt>
      <trkpt lat="60.234495" lon="24.054602"><ele>82.4</ele></trkpt>
      <trkpt lat="60.234505" lon="24.05467"><ele>82.4</ele></trkpt>
      <trkpt lat="60.234512" lon="24.054737"><ele>82.2</ele></trkpt>
      <trkpt lat="60.234522" lon="24.054807"><ele>82.2</ele></trkpt>
      <trkpt lat="60.234552" lon="24.05486"><ele>82.2</ele></trkpt>
      <trkpt lat="60.234585" lon="24.0549"><ele>82.2</ele></trkpt>
      <trkpt lat="60.234622" lon="24.054932"><ele>82</ele></trkpt>
      <trkpt lat="60.234653" lon="24.05496"><ele>82</ele></trkpt>
      <trkpt lat="60.234682" lon="24.055002"><ele>82</ele></trkpt>
      <trkpt lat="60.234707" lon="24.055047"><ele>82</ele></trkpt>
      <trkpt lat="60.234732" lon="24.055097"><ele>82.2</ele></trkpt>
      <trkpt lat="60.234757" lon="24.055152"><ele>82.2</ele></trkpt>
      <trkpt lat="60.234775" lon="24.055217"><ele>82.2</ele></trkpt>
      <trkpt lat="60.234787" lon="24.055285"><ele>82.2</ele></trkpt>
      <trkpt lat="60.234802" lon="24.05535"><ele>82.2</ele></trkpt>
      <trkpt lat="60.234817" lon="24.055412"><ele>82.2</ele></trkpt>
      <trkpt lat="60.234837" lon="24.055467"><ele>82.2</ele></trkpt>
      <trkpt lat="60.234865" lon="24.055517"><ele>82.2</ele></trkpt>
      <trkpt lat="60.234892" lon="24.055575"><ele>82.2</ele></trkpt>
      <trkpt lat="60.234912" lon="24.055635"><ele>82</ele></trkpt>
      <trkpt lat="60.234932" lon="24.0557"><ele>82</ele></trkpt>
      <trkpt lat="60.234955" lon="24.055762"><ele>82</ele></trkpt>
      <trkpt lat="60.234982" lon="24.055815"><ele>82</ele></trkpt>
      <trkpt lat="60.235017" lon="24.055852"><ele>81.8</ele></trkpt>
      <trkpt lat="60.235052" lon="24.055862"><ele>81.8</ele></trkpt>
      <trkpt lat="60.235087" lon="24.055855"><ele>81.8</ele></trkpt>
      <trkpt lat="60.235122" lon="24.055837"><ele>82</ele></trkpt>
      <trkpt lat="60.235162" lon="24.055827"><ele>82.2</ele></trkpt>
      <trkpt lat="60.235202" lon="24.055817"><ele>82.4</ele></trkpt>
      <trkpt lat="60.235242" lon="24.055817"><ele>82.6</ele></trkpt>
      <trkpt lat="60.235282" lon="24.055815"><ele>82.8</ele></trkpt>
      <trkpt lat="60.235322" lon="24.05579"><ele>82.8</ele></trkpt>
      <trkpt lat="60.235362" lon="24.055752"><ele>83</ele></trkpt>
      <trkpt lat="60.235402" lon="24.055722"><ele>83.2</ele></trkpt>
      <trkpt lat="60.235437" lon="24.055682"><ele>83.2</ele></trkpt>
      <trkpt lat="60.235477" lon="24.055637"><ele>83.4</ele></trkpt>
      <trkpt lat="60.235515" lon="24.055602"><ele>83.6</ele></trkpt>
      <trkpt lat="60.235552" lon="24.055565"><ele>83.8</ele></trkpt>
      <trkpt lat="60.23559" lon="24.055542"><ele>84</ele></trkpt>
      <trkpt lat="60.23563" lon="24.055532"><ele>84</ele></trkpt>
      <trkpt lat="60.23567" lon="24.055522"><ele>84.2</ele></trkpt>
      <trkpt lat="60.235707" lon="24.055502"><ele>84.4</ele></trkpt>
      <trkpt lat="60.235735" lon="24.055453"><ele>84.6</ele></trkpt>
      <trkpt lat="60.235752" lon="24.055385"><ele>84.8</ele></trkpt>
      <trkpt lat="60.235767" lon="24.055312"><ele>85</ele></trkpt>
      <trkpt lat="60.235797" lon="24.055267"><ele>85</ele></trkpt>
      <trkpt lat="60.235835" lon="24.055262"><ele>85.2</ele></trkpt>
      <trkpt lat="60.235863" lon="24.055267"><ele>85.4</ele></trkpt>
      <trkpt lat="60.235897" lon="24.055262"><ele>85.6</ele></trkpt>
      <trkpt lat="60.235922" lon="24.055235"><ele>85.8</ele></trkpt>
      <trkpt lat="60.235952" lon="24.055202"><ele>86</ele></trkpt>
      <trkpt lat="60.235985" lon="24.055197"><ele>86.2</ele></trkpt>
      <trkpt lat="60.236017" lon="24.055195"><ele>86.4</ele></trkpt>
      <trkpt lat="60.236052" lon="24.05519"><ele>86.6</ele></trkpt>
      <trkpt lat="60.236087" lon="24.05519"><ele>86.6</ele></trkpt>
      <trkpt lat="60.23612" lon="24.055202"><ele>87</ele></trkpt>
      <trkpt lat="60.236152" lon="24.055205"><ele>87.2</ele></trkpt>
      <trkpt lat="60.236185" lon="24.055197"><ele>87.4</ele></trkpt>
      <trkpt lat="60.236212" lon="24.055162"><ele>87.4</ele></trkpt>
      <trkpt lat="60.236237" lon="24.055117"><ele>87.6</ele></trkpt>
      <trkpt lat="60.236267" lon="24.055087"><ele>87.6</ele></trkpt>
      <trkpt lat="60.236302" lon="24.055085"><ele>87.8</ele></trkpt>
      <trkpt lat="60.236335" lon="24.055105"><ele>88</ele></trkpt>
      <trkpt lat="60.236362" lon="24.055112"><ele>88</ele></trkpt>
      <trkpt lat="60.236397" lon="24.055105"><ele>88.2</ele></trkpt>
      <trkpt lat="60.236427" lon="24.055087"><ele>88.2</ele></trkpt>
      <trkpt lat="60.236455" lon="24.055042"><ele>88.2</ele></trkpt>
      <trkpt lat="60.236482" lon="24.054995"><ele>88.4</ele></trkpt>
      <trkpt lat="60.236517" lon="24.054962"><ele>88.4</ele></trkpt>
      <trkpt lat="60.236547" lon="24.054935"><ele>88.4</ele></trkpt>
      <trkpt lat="60.236577" lon="24.054897"><ele>88.4</ele></trkpt>
      <trkpt lat="60.236612" lon="24.054872"><ele>88.6</ele></trkpt>
      <trkpt lat="60.23665" lon="24.054857"><ele>88.8</ele></trkpt>
      <trkpt lat="60.236687" lon="24.054852"><ele>89</ele></trkpt>
      <trkpt lat="60.236727" lon="24.054845"><ele>89</ele></trkpt>
      <trkpt lat="60.236762" lon="24.054832"><ele>89.2</ele></trkpt>
      <trkpt lat="60.236797" lon="24.054822"><ele>89.4</ele></trkpt>
      <trkpt lat="60.23683" lon="24.054827"><ele>89.4</ele></trkpt>
      <trkpt lat="60.236852" lon="24.054847"><ele>89.6</ele></trkpt>
      <trkpt lat="60.236872" lon="24.054872"><ele>89.8</ele></trkpt>
      <trkpt lat="60.236895" lon="24.054907"><ele>90.4</ele></trkpt>
      <trkpt lat="60.236915" lon="24.054927"><ele>90.6</ele></trkpt>
      <trkpt lat="60.23694" lon="24.054937"><ele>90.8</ele></trkpt>
      <trkpt lat="60.236967" lon="24.054942"><ele>91</ele></trkpt>
      <trkpt lat="60.236992" lon="24.05494"><ele>91.2</ele></trkpt>
      <trkpt lat="60.237017" lon="24.054932"><ele>91.4</ele></trkpt>
      <trkpt lat="60.23705" lon="24.054918"><ele>91.6</ele></trkpt>
      <trkpt lat="60.23707" lon="24.054912"><ele>91.8</ele></trkpt>
      <trkpt lat="60.237092" lon="24.054902"><ele>92</ele></trkpt>
      <trkpt lat="60.237112" lon="24.054892"><ele>92.2</ele></trkpt>
      <trkpt lat="60.237132" lon="24.054882"><ele>92.4</ele></trkpt>
      <trkpt lat="60.237167" lon="24.054872"><ele>93</ele></trkpt>
      <trkpt lat="60.237187" lon="24.054882"><ele>93.2</ele></trkpt>
      <trkpt lat="60.237202" lon="24.054907"><ele>93.4</ele></trkpt>
      <trkpt lat="60.237217" lon="24.05493"><ele>93.4</ele></trkpt>
      <trkpt lat="60.237228" lon="24.054957"><ele>93.6</ele></trkpt>
      <trkpt lat="60.237247" lon="24.054982"><ele>93.8</ele></trkpt>
      <trkpt lat="60.237267" lon="24.055007"><ele>93.8</ele></trkpt>
      <trkpt lat="60.23729" lon="24.055027"><ele>93.8</ele></trkpt>
      <trkpt lat="60.237315" lon="24.055055"><ele>93.8</ele></trkpt>
      <trkpt lat="60.237337" lon="24.055087"><ele>94</ele></trkpt>
      <trkpt lat="60.237362" lon="24.055122"><ele>94</ele></trkpt>
      <trkpt lat="60.237385" lon="24.055155"><ele>94.2</ele></trkpt>
      <trkpt lat="60.237412" lon="24.055192"><ele>94.2</ele></trkpt>
      <trkpt lat="60.237435" lon="24.055232"><ele>94.2</ele></trkpt>
      <trkpt lat="60.237457" lon="24.055282"><ele>94.2</ele></trkpt>
      <trkpt lat="60.237477" lon="24.05534"><ele>94.2</ele></trkpt>
      <trkpt lat="60.237492" lon="24.0554"><ele>94.4</ele></trkpt>
      <trkpt lat="60.237502" lon="24.055462"><ele>94.4</ele></trkpt>
      <trkpt lat="60.237512" lon="24.055522"><ele>94.4</ele></trkpt>
      <trkpt lat="60.237522" lon="24.055587"><ele>94.4</ele></trkpt>
      <trkpt lat="60.237532" lon="24.05565"><ele>94.4</ele></trkpt>
      <trkpt lat="60.237542" lon="24.055712"><ele>94.6</ele></trkpt>
      <trkpt lat="60.237552" lon="24.05577"><ele>94.6</ele></trkpt>
      <trkpt lat="60.237557" lon="24.055817"><ele>94.6</ele></trkpt>
      <trkpt lat="60.237562" lon="24.05586"><ele>94.4</ele></trkpt>
      <trkpt lat="60.237572" lon="24.055892"><ele>94.4</ele></trkpt>
      <trkpt lat="60.237597" lon="24.055937"><ele>94.6</ele></trkpt>
      <trkpt lat="60.237615" lon="24.055957"><ele>94.6</ele></trkpt>
      <trkpt lat="60.237637" lon="24.055967"><ele>94.8</ele></trkpt>
      <trkpt lat="60.237655" lon="24.055967"><ele>94.8</ele></trkpt>
      <trkpt lat="60.237678" lon="24.055957"><ele>94.8</ele></trkpt>
      <trkpt lat="60.237712" lon="24.055937"><ele>94.8</ele></trkpt>
      <trkpt lat="60.237745" lon="24.05591"><ele>94.8</ele></trkpt>
      <trkpt lat="60.237777" lon="24.055877"><ele>94.6</ele></trkpt>
      <trkpt lat="60.237807" lon="24.055832"><ele>94.4</ele></trkpt>
      <trkpt lat="60.237832" lon="24.05578"><ele>94.2</ele></trkpt>
      <trkpt lat="60.237857" lon="24.055722"><ele>94.2</ele></trkpt>
      <trkpt lat="60.237882" lon="24.055657"><ele>94</ele></trkpt>
      <trkpt lat="60.237912" lon="24.055587"><ele>94</ele></trkpt>
      <trkpt lat="60.23794" lon="24.05552"><ele>94</ele></trkpt>
      <trkpt lat="60.237967" lon="24.055452"><ele>94</ele></trkpt>
      <trkpt lat="60.237995" lon="24.055372"><ele>94</ele></trkpt>
      <trkpt lat="60.238027" lon="24.055302"><ele>94</ele></trkpt>
      <trkpt lat="60.238065" lon="24.05523"><ele>94</ele></trkpt>
      <trkpt lat="60.238105" lon="24.055157"><ele>94</ele></trkpt>
      <trkpt lat="60.23815" lon="24.055092"><ele>93.8</ele></trkpt>
      <trkpt lat="60.238202" lon="24.055037"><ele>93.8</ele></trkpt>
      <trkpt lat="60.238262" lon="24.055002"><ele>93.8</ele></trkpt>
      <trkpt lat="60.238322" lon="24.054965"><ele>94</ele></trkpt>
      <trkpt lat="60.238367" lon="24.054962"><ele>94</ele></trkpt>
      <trkpt lat="60.2384" lon="24.054972"><ele>94.2</ele></trkpt>
      <trkpt lat="60.238437" lon="24.054957"><ele>94.6</ele></trkpt>
      <trkpt lat="60.238477" lon="24.054967"><ele>95</ele></trkpt>
      <trkpt lat="60.238515" lon="24.054987"><ele>95.4</ele></trkpt>
      <trkpt lat="60.238552" lon="24.055002"><ele>95.6</ele></trkpt>
      <trkpt lat="60.238592" lon="24.055022"><ele>96</ele></trkpt>
      <trkpt lat="60.23863" lon="24.055047"><ele>96.4</ele></trkpt>
      <trkpt lat="60.238663" lon="24.055082"><ele>96.8</ele></trkpt>
      <trkpt lat="60.23868" lon="24.055132"><ele>97</ele></trkpt>
      <trkpt lat="60.238672" lon="24.055185"><ele>97.4</ele></trkpt>
      <trkpt lat="60.238655" lon="24.055217"><ele>97.8</ele></trkpt>
      <trkpt lat="60.23863" lon="24.055235"><ele>98</ele></trkpt>
      <trkpt lat="60.238605" lon="24.055272"><ele>98.4</ele></trkpt>
      <trkpt lat="60.238577" lon="24.055307"><ele>98.6</ele></trkpt>
      <trkpt lat="60.238547" lon="24.055337"><ele>98.8</ele></trkpt>
      <trkpt lat="60.238527" lon="24.055382"><ele>99</ele></trkpt>
      <trkpt lat="60.238502" lon="24.05543"><ele>99.4</ele></trkpt>
      <trkpt lat="60.238472" lon="24.055462"><ele>99.6</ele></trkpt>
      <trkpt lat="60.238452" lon="24.055502"><ele>99.8</ele></trkpt>
      <trkpt lat="60.238442" lon="24.055552"><ele>100.2</ele></trkpt>
      <trkpt lat="60.238452" lon="24.055597"><ele>100.4</ele></trkpt>
      <trkpt lat="60.23847" lon="24.055622"><ele>100.6</ele></trkpt>
      <trkpt lat="60.238492" lon="24.055637"><ele>101</ele></trkpt>
      <trkpt lat="60.238512" lon="24.055647"><ele>101.2</ele></trkpt>
      <trkpt lat="60.238532" lon="24.055647"><ele>101.4</ele></trkpt>
      <trkpt lat="60.238557" lon="24.055627"><ele>101.8</ele></trkpt>
      <trkpt lat="60.238577" lon="24.055592"><ele>101.8</ele></trkpt>
      <trkpt lat="60.238607" lon="24.055552"><ele>102</ele></trkpt>
      <trkpt lat="60.23864" lon="24.055557"><ele>102</ele></trkpt>
      <trkpt lat="60.238662" lon="24.055587"><ele>102</ele></trkpt>
      <trkpt lat="60.238695" lon="24.055615"><ele>102.2</ele></trkpt>
      <trkpt lat="60.238722" lon="24.055567"><ele>102</ele></trkpt>
      <trkpt lat="60.238737" lon="24.055525"><ele>102</ele></trkpt>
      <trkpt lat="60.238767" lon="24.0555"><ele>102</ele></trkpt>
      <trkpt lat="60.2388" lon="24.055512"><ele>101.8</ele></trkpt>
      <trkpt lat="60.238817" lon="24.055552"><ele>101.8</ele></trkpt>
      <trkpt lat="60.238817" lon="24.055592"><ele>101.8</ele></trkpt>
      <trkpt lat="60.238807" lon="24.055657"><ele>101.6</ele></trkpt>
      <trkpt lat="60.2388" lon="24.055692"><ele>101.6</ele></trkpt>
      <trkpt lat="60.23879" lon="24.055762"><ele>101.6</ele></trkpt>
      <trkpt lat="60.238782" lon="24.055795"><ele>101.6</ele></trkpt>
      <trkpt lat="60.238772" lon="24.055827"><ele>101.6</ele></trkpt>
      <trkpt lat="60.23876" lon="24.05586"><ele>101.8</ele></trkpt>
      <trkpt lat="60.23875" lon="24.055895"><ele>101.8</ele></trkpt>
      <trkpt lat="60.238742" lon="24.055937"><ele>101.8</ele></trkpt>
      <trkpt lat="60.23874" lon="24.055987"><ele>101.8</ele></trkpt>
      <trkpt lat="60.238733" lon="24.056037"><ele>101.8</ele></trkpt>
      <trkpt lat="60.238732" lon="24.05608"><ele>101.8</ele></trkpt>
      <trkpt lat="60.238727" lon="24.056132"><ele>101.8</ele></trkpt>
      <trkpt lat="60.23873" lon="24.056205"><ele>101.8</ele></trkpt>
      <trkpt lat="60.238752" lon="24.05627"><ele>101.8</ele></trkpt>
      <trkpt lat="60.238782" lon="24.056312"><ele>101.6</ele></trkpt>
      <trkpt lat="60.238815" lon="24.056332"><ele>101.4</ele></trkpt>
      <trkpt lat="60.238842" lon="24.056372"><ele>101.4</ele></trkpt>
      <trkpt lat="60.238862" lon="24.056417"><ele>101.2</ele></trkpt>
      <trkpt lat="60.238887" lon="24.056452"><ele>101.2</ele></trkpt>
      <trkpt lat="60.238912" lon="24.05647"><ele>101.2</ele></trkpt>
      <trkpt lat="60.238942" lon="24.056465"><ele>101.2</ele></trkpt>
      <trkpt lat="60.238967" lon="24.056455"><ele>101.2</ele></trkpt>
      <trkpt lat="60.238997" lon="24.056457"><ele>101.2</ele></trkpt>
      <trkpt lat="60.239027" lon="24.056477"><ele>101.2</ele></trkpt>
      <trkpt lat="60.239057" lon="24.056515"><ele>101.2</ele></trkpt>
      <trkpt lat="60.239085" lon="24.056535"><ele>101.2</ele></trkpt>
      <trkpt lat="60.239107" lon="24.056542"><ele>101</ele></trkpt>
      <trkpt lat="60.239127" lon="24.056552"><ele>101</ele></trkpt>
      <trkpt lat="60.239142" lon="24.056592"><ele>100.8</ele></trkpt>
      <trkpt lat="60.239152" lon="24.056635"><ele>100.8</ele></trkpt>
      <trkpt lat="60.239162" lon="24.056672"><ele>100.6</ele></trkpt>
      <trkpt lat="60.23918" lon="24.05669"><ele>100.6</ele></trkpt>
      <trkpt lat="60.239202" lon="24.056717"><ele>100.6</ele></trkpt>
      <trkpt lat="60.239222" lon="24.056757"><ele>100.4</ele></trkpt>
      <trkpt lat="60.239232" lon="24.056822"><ele>100.6</ele></trkpt>
      <trkpt lat="60.239245" lon="24.05687"><ele>100.6</ele></trkpt>
      <trkpt lat="60.239267" lon="24.056882"><ele>100.6</ele></trkpt>
      <trkpt lat="60.239295" lon="24.056912"><ele>100.4</ele></trkpt>
      <trkpt lat="60.239312" lon="24.056962"><ele>100.4</ele></trkpt>
      <trkpt lat="60.23933" lon="24.057012"><ele>100.4</ele></trkpt>
      <trkpt lat="60.239332" lon="24.057077"><ele>100.4</ele></trkpt>
      <trkpt lat="60.239315" lon="24.057122"><ele>100.4</ele></trkpt>
      <trkpt lat="60.239305" lon="24.05716"><ele>100.4</ele></trkpt>
      <trkpt lat="60.239312" lon="24.057192"><ele>100.4</ele></trkpt>
      <trkpt lat="60.239347" lon="24.05719"><ele>100.4</ele></trkpt>
      <trkpt lat="60.239372" lon="24.0572"><ele>100.6</ele></trkpt>
      <trkpt lat="60.239392" lon="24.057237"><ele>100.6</ele></trkpt>
      <trkpt lat="60.239412" lon="24.05728"><ele>100.4</ele></trkpt>
      <trkpt lat="60.23943" lon="24.057337"><ele>100.4</ele></trkpt>
      <trkpt lat="60.239437" lon="24.0574"><ele>100.4</ele></trkpt>
      <trkpt lat="60.23946" lon="24.057445"><ele>100.4</ele></trkpt>
      <trkpt lat="60.239482" lon="24.057442"><ele>100.2</ele></trkpt>
      <trkpt lat="60.23951" lon="24.057417"><ele>100.2</ele></trkpt>
      <trkpt lat="60.239537" lon="24.057435"><ele>100.4</ele></trkpt>
      <trkpt lat="60.239555" lon="24.057487"><ele>100.4</ele></trkpt>
      <trkpt lat="60.239577" lon="24.057512"><ele>100.4</ele></trkpt>
      <trkpt lat="60.239607" lon="24.057552"><ele>100.4</ele></trkpt>
      <trkpt lat="60.239625" lon="24.057612"><ele>100.4</ele></trkpt>
      <trkpt lat="60.239635" lon="24.057672"><ele>100.4</ele></trkpt>
      <trkpt lat="60.239657" lon="24.05769"><ele>100.4</ele></trkpt>
      <trkpt lat="60.239687" lon="24.057697"><ele>100.4</ele></trkpt>
      <trkpt lat="60.239705" lon="24.057737"><ele>100.4</ele></trkpt>
      <trkpt lat="60.239707" lon="24.05779"><ele>100.4</ele></trkpt>
      <trkpt lat="60.239687" lon="24.057832"><ele>100.6</ele></trkpt>
      <trkpt lat="60.239667" lon="24.057842"><ele>100.8</ele></trkpt>
      <trkpt lat="60.239657" lon="24.05788"><ele>100.8</ele></trkpt>
      <trkpt lat="60.239667" lon="24.057912"><ele>100.8</ele></trkpt>
      <trkpt lat="60.239702" lon="24.057927"><ele>100.8</ele></trkpt>
      <trkpt lat="60.239727" lon="24.057942"><ele>100.8</ele></trkpt>
      <trkpt lat="60.239745" lon="24.057992"><ele>100.8</ele></trkpt>
      <trkpt lat="60.239757" lon="24.058042"><ele>100.8</ele></trkpt>
      <trkpt lat="60.239772" lon="24.0581"><ele>100.8</ele></trkpt>
      <trkpt lat="60.239772" lon="24.058157"><ele>100.6</ele></trkpt>
      <trkpt lat="60.23979" lon="24.058202"><ele>100.6</ele></trkpt>
      <trkpt lat="60.239807" lon="24.05826"><ele>100.6</ele></trkpt>
      <trkpt lat="60.23983" lon="24.058297"><ele>100.6</ele></trkpt>
      <trkpt lat="60.239857" lon="24.058322"><ele>100.6</ele></trkpt>
      <trkpt lat="60.239877" lon="24.058322"><ele>100.6</ele></trkpt>
      <trkpt lat="60.2399" lon="24.058307"><ele>100.6</ele></trkpt>
      <trkpt lat="60.23993" lon="24.058312"><ele>100.6</ele></trkpt>
      <trkpt lat="60.23996" lon="24.0583"><ele>100.6</ele></trkpt>
      <trkpt lat="60.239992" lon="24.058312"><ele>100.6</ele></trkpt>
      <trkpt lat="60.240017" lon="24.058357"><ele>100.4</ele></trkpt>
      <trkpt lat="60.240037" lon="24.058412"><ele>100.6</ele></trkpt>
      <trkpt lat="60.240057" lon="24.058475"><ele>100.4</ele></trkpt>
      <trkpt lat="60.240057" lon="24.058552"><ele>100.4</ele></trkpt>
      <trkpt lat="60.240062" lon="24.058617"><ele>100.4</ele></trkpt>
      <trkpt lat="60.240085" lon="24.058652"><ele>100.4</ele></trkpt>
      <trkpt lat="60.240112" lon="24.058677"><ele>100.2</ele></trkpt>
      <trkpt lat="60.240132" lon="24.058727"><ele>100.4</ele></trkpt>
      <trkpt lat="60.240132" lon="24.058792"><ele>100.4</ele></trkpt>
      <trkpt lat="60.240127" lon="24.058855"><ele>100.2</ele></trkpt>
      <trkpt lat="60.240142" lon="24.058895"><ele>100.2</ele></trkpt>
      <trkpt lat="60.240167" lon="24.058917"><ele>100</ele></trkpt>
      <trkpt lat="60.240192" lon="24.05894"><ele>100</ele></trkpt>
      <trkpt lat="60.240225" lon="24.058965"><ele>100</ele></trkpt>
      <trkpt lat="60.240242" lon="24.059032"><ele>100</ele></trkpt>
      <trkpt lat="60.240252" lon="24.059097"><ele>100</ele></trkpt>
      <trkpt lat="60.24027" lon="24.059132"><ele>100</ele></trkpt>
      <trkpt lat="60.240302" lon="24.05914"><ele>99.8</ele></trkpt>
      <trkpt lat="60.240327" lon="24.059187"><ele>99.8</ele></trkpt>
      <trkpt lat="60.240352" lon="24.059247"><ele>99.8</ele></trkpt>
      <trkpt lat="60.240385" lon="24.059287"><ele>99.8</ele></trkpt>
      <trkpt lat="60.240405" lon="24.059362"><ele>99.8</ele></trkpt>
      <trkpt lat="60.240427" lon="24.05941"><ele>99.8</ele></trkpt>
      <trkpt lat="60.240457" lon="24.05942"><ele>99.8</ele></trkpt>
      <trkpt lat="60.240482" lon="24.059397"><ele>99.8</ele></trkpt>
      <trkpt lat="60.240507" lon="24.059372"><ele>99.8</ele></trkpt>
      <trkpt lat="60.240535" lon="24.059377"><ele>100</ele></trkpt>
      <trkpt lat="60.240557" lon="24.059393"><ele>100</ele></trkpt>
      <trkpt lat="60.240577" lon="24.059407"><ele>100</ele></trkpt>
      <trkpt lat="60.240605" lon="24.059427"><ele>100</ele></trkpt>
      <trkpt lat="60.240627" lon="24.059437"><ele>100</ele></trkpt>
      <trkpt lat="60.240657" lon="24.05944"><ele>99.8</ele></trkpt>
      <trkpt lat="60.240682" lon="24.059437"><ele>99.8</ele></trkpt>
      <trkpt lat="60.240707" lon="24.059432"><ele>99.8</ele></trkpt>
      <trkpt lat="60.240732" lon="24.05942"><ele>99.8</ele></trkpt>
      <trkpt lat="60.240767" lon="24.059422"><ele>99.8</ele></trkpt>
      <trkpt lat="60.240807" lon="24.059432"><ele>99.8</ele></trkpt>
      <trkpt lat="60.240847" lon="24.059428"><ele>99.8</ele></trkpt>
      <trkpt lat="60.2409" lon="24.059415"><ele>99.8</ele></trkpt>
      <trkpt lat="60.240957" lon="24.059422"><ele>99.6</ele></trkpt>
      <trkpt lat="60.241007" lon="24.059412"><ele>99.8</ele></trkpt>
      <trkpt lat="60.241052" lon="24.059362"><ele>99.8</ele></trkpt>
      <trkpt lat="60.241097" lon="24.059312"><ele>99.6</ele></trkpt>
      <trkpt lat="60.241147" lon="24.059282"><ele>99.8</ele></trkpt>
      <trkpt lat="60.24119" lon="24.059237"><ele>99.8</ele></trkpt>
      <trkpt lat="60.24123" lon="24.059172"><ele>100</ele></trkpt>
      <trkpt lat="60.241277" lon="24.059127"><ele>100</ele></trkpt>
      <trkpt lat="60.241315" lon="24.059062"><ele>100</ele></trkpt>
      <trkpt lat="60.241347" lon="24.05899"><ele>100</ele></trkpt>
      <trkpt lat="60.241387" lon="24.058907"><ele>99.8</ele></trkpt>
      <trkpt lat="60.24143" lon="24.058812"><ele>99.6</ele></trkpt>
      <trkpt lat="60.241477" lon="24.058712"><ele>99.6</ele></trkpt>
      <trkpt lat="60.241525" lon="24.058605"><ele>99.4</ele></trkpt>
      <trkpt lat="60.241577" lon="24.058492"><ele>99</ele></trkpt>
      <trkpt lat="60.241617" lon="24.058367"><ele>98.6</ele></trkpt>
      <trkpt lat="60.241662" lon="24.058252"><ele>98</ele></trkpt>
      <trkpt lat="60.241707" lon="24.05814"><ele>97.2</ele></trkpt>
      <trkpt lat="60.24174" lon="24.058042"><ele>96.4</ele></trkpt>
      <trkpt lat="60.241762" lon="24.057942"><ele>95.6</ele></trkpt>
      <trkpt lat="60.241785" lon="24.057835"><ele>94.8</ele></trkpt>
      <trkpt lat="60.241797" lon="24.057752"><ele>94.2</ele></trkpt>
      <trkpt lat="60.241825" lon="24.057732"><ele>93.6</ele></trkpt>
      <trkpt lat="60.241857" lon="24.057752"><ele>93</ele></trkpt>
      <trkpt lat="60.241892" lon="24.05779"><ele>92.6</ele></trkpt>
      <trkpt lat="60.241925" lon="24.057832"><ele>92</ele></trkpt>
      <trkpt lat="60.241967" lon="24.057847"><ele>91.6</ele></trkpt>
      <trkpt lat="60.242007" lon="24.057887"><ele>91.2</ele></trkpt>
      <trkpt lat="60.242045" lon="24.057927"><ele>90.8</ele></trkpt>
      <trkpt lat="60.242087" lon="24.057957"><ele>90.6</ele></trkpt>
      <trkpt lat="60.242127" lon="24.058007"><ele>90.6</ele></trkpt>
      <trkpt lat="60.242162" lon="24.05804"><ele>90.6</ele></trkpt>
      <trkpt lat="60.242197" lon="24.058067"><ele>90.4</ele></trkpt>
      <trkpt lat="60.242242" lon="24.058097"><ele>90.4</ele></trkpt>
      <trkpt lat="60.242287" lon="24.058125"><ele>90.2</ele></trkpt>
      <trkpt lat="60.242335" lon="24.058152"><ele>90.2</ele></trkpt>
      <trkpt lat="60.242362" lon="24.058222"><ele>90.2</ele></trkpt>
      <trkpt lat="60.242377" lon="24.058275"><ele>90.2</ele></trkpt>
      <trkpt lat="60.242395" lon="24.058282"><ele>90.2</ele></trkpt>
      <trkpt lat="60.242417" lon="24.058262"><ele>90</ele></trkpt>
      <trkpt lat="60.242448" lon="24.058252"><ele>90</ele></trkpt>
      <trkpt lat="60.242482" lon="24.058262"><ele>90</ele></trkpt>
      <trkpt lat="60.242502" lon="24.058315"><ele>90</ele></trkpt>
      <trkpt lat="60.242502" lon="24.058362"><ele>90</ele></trkpt>
      <trkpt lat="60.24253" lon="24.058402"><ele>89.8</ele></trkpt>
      <trkpt lat="60.24255" lon="24.058392"><ele>89.8</ele></trkpt>
      <trkpt lat="60.242577" lon="24.058407"><ele>89.8</ele></trkpt>
      <trkpt lat="60.242597" lon="24.058447"><ele>89.8</ele></trkpt>
      <trkpt lat="60.242615" lon="24.05847"><ele>89.8</ele></trkpt>
      <trkpt lat="60.242637" lon="24.058482"><ele>89.8</ele></trkpt>
      <trkpt lat="60.242665" lon="24.058495"><ele>89.8</ele></trkpt>
      <trkpt lat="60.242685" lon="24.058492"><ele>89.8</ele></trkpt>
      <trkpt lat="60.242717" lon="24.058467"><ele>89.8</ele></trkpt>
      <trkpt lat="60.24275" lon="24.058492"><ele>89.8</ele></trkpt>
      <trkpt lat="60.24277" lon="24.058537"><ele>89.8</ele></trkpt>
      <trkpt lat="60.242787" lon="24.058577"><ele>89.6</ele></trkpt>
      <trkpt lat="60.242802" lon="24.058617"><ele>89.6</ele></trkpt>
      <trkpt lat="60.242817" lon="24.058662"><ele>89.6</ele></trkpt>
      <trkpt lat="60.242835" lon="24.058697"><ele>89.4</ele></trkpt>
      <trkpt lat="60.242855" lon="24.058712"><ele>89.6</ele></trkpt>
      <trkpt lat="60.242882" lon="24.058702"><ele>89.6</ele></trkpt>
      <trkpt lat="60.242912" lon="24.0587"><ele>89.6</ele></trkpt>
      <trkpt lat="60.242942" lon="24.058717"><ele>89.8</ele></trkpt>
      <trkpt lat="60.242967" lon="24.058745"><ele>90</ele></trkpt>
      <trkpt lat="60.242992" lon="24.058755"><ele>90</ele></trkpt>
      <trkpt lat="60.243022" lon="24.058757"><ele>90</ele></trkpt>
      <trkpt lat="60.243057" lon="24.058772"><ele>89.8</ele></trkpt>
      <trkpt lat="60.243072" lon="24.05881"><ele>89.8</ele></trkpt>
      <trkpt lat="60.24307" lon="24.058847"><ele>89.8</ele></trkpt>
      <trkpt lat="60.243072" lon="24.058902"><ele>89.8</ele></trkpt>
      <trkpt lat="60.243107" lon="24.058932"><ele>90</ele></trkpt>
      <trkpt lat="60.243132" lon="24.05892"><ele>90</ele></trkpt>
      <trkpt lat="60.243157" lon="24.058915"><ele>90.2</ele></trkpt>
      <trkpt lat="60.243182" lon="24.058917"><ele>90.2</ele></trkpt>
      <trkpt lat="60.243208" lon="24.058937"><ele>90.2</ele></trkpt>
      <trkpt lat="60.243232" lon="24.05897"><ele>90.2</ele></trkpt>
      <trkpt lat="60.24325" lon="24.05901"><ele>90</ele></trkpt>
      <trkpt lat="60.243265" lon="24.059048"><ele>90</ele></trkpt>
      <trkpt lat="60.24328" lon="24.059105"><ele>90</ele></trkpt>
      <trkpt lat="60.243297" lon="24.059147"><ele>90</ele></trkpt>
      <trkpt lat="60.24332" lon="24.059162"><ele>90</ele></trkpt>
      <trkpt lat="60.243345" lon="24.059152"><ele>90.2</ele></trkpt>
      <trkpt lat="60.243377" lon="24.059152"><ele>90.4</ele></trkpt>
      <trkpt lat="60.2434" lon="24.059192"><ele>90.6</ele></trkpt>
      <trkpt lat="60.243412" lon="24.059237"><ele>90.6</ele></trkpt>
      <trkpt lat="60.243425" lon="24.059267"><ele>90.4</ele></trkpt>
      <trkpt lat="60.24345" lon="24.05929"><ele>90.4</ele></trkpt>
      <trkpt lat="60.243472" lon="24.059322"><ele>90.4</ele></trkpt>
      <trkpt lat="60.243497" lon="24.05935"><ele>90.4</ele></trkpt>
      <trkpt lat="60.243522" lon="24.059372"><ele>90.6</ele></trkpt>
      <trkpt lat="60.243542" lon="24.05939"><ele>90.6</ele></trkpt>
      <trkpt lat="60.243567" lon="24.059412"><ele>90.6</ele></trkpt>
      <trkpt lat="60.243587" lon="24.059437"><ele>90.6</ele></trkpt>
      <trkpt lat="60.243607" lon="24.059467"><ele>90.6</ele></trkpt>
      <trkpt lat="60.243637" lon="24.059477"><ele>90.6</ele></trkpt>
      <trkpt lat="60.243658" lon="24.059502"><ele>90.6</ele></trkpt>
      <trkpt lat="60.243677" lon="24.059537"><ele>90.6</ele></trkpt>
      <trkpt lat="60.24369" lon="24.059577"><ele>90.6</ele></trkpt>
      <trkpt lat="60.243707" lon="24.059602"><ele>90.4</ele></trkpt>
      <trkpt lat="60.243722" lon="24.059627"><ele>90.4</ele></trkpt>
      <trkpt lat="60.243743" lon="24.059655"><ele>90.4</ele></trkpt>
      <trkpt lat="60.243762" lon="24.059677"><ele>90.4</ele></trkpt>
      <trkpt lat="60.243782" lon="24.059702"><ele>90.4</ele></trkpt>
      <trkpt lat="60.243812" lon="24.059737"><ele>90.4</ele></trkpt>
      <trkpt lat="60.243842" lon="24.059765"><ele>90.2</ele></trkpt>
      <trkpt lat="60.243867" lon="24.059807"><ele>90.2</ele></trkpt>
      <trkpt lat="60.243887" lon="24.059852"><ele>90.2</ele></trkpt>
      <trkpt lat="60.243912" lon="24.059892"><ele>90.2</ele></trkpt>
      <trkpt lat="60.243942" lon="24.059917"><ele>90.4</ele></trkpt>
      <trkpt lat="60.243972" lon="24.059912"><ele>90.4</ele></trkpt>
      <trkpt lat="60.244005" lon="24.059915"><ele>90.6</ele></trkpt>
      <trkpt lat="60.244038" lon="24.05994"><ele>90.6</ele></trkpt>
      <trkpt lat="60.244062" lon="24.059992"><ele>90.6</ele></trkpt>
      <trkpt lat="60.244077" lon="24.060052"><ele>90.6</ele></trkpt>
      <trkpt lat="60.244085" lon="24.06012"><ele>90.6</ele></trkpt>
      <trkpt lat="60.244085" lon="24.060187"><ele>90.6</ele></trkpt>
      <trkpt lat="60.244072" lon="24.06026"><ele>90.8</ele></trkpt>
      <trkpt lat="60.244055" lon="24.060302"><ele>91</ele></trkpt>
      <trkpt lat="60.244035" lon="24.06034"><ele>91</ele></trkpt>
      <trkpt lat="60.244027" lon="24.060397"><ele>91.2</ele></trkpt>
      <trkpt lat="60.244025" lon="24.060465"><ele>91.4</ele></trkpt>
      <trkpt lat="60.24403" lon="24.060537"><ele>91.8</ele></trkpt>
      <trkpt lat="60.244022" lon="24.060607"><ele>92</ele></trkpt>
      <trkpt lat="60.244002" lon="24.060652"><ele>92.2</ele></trkpt>
      <trkpt lat="60.243982" lon="24.06068"><ele>92.4</ele></trkpt>
      <trkpt lat="60.243968" lon="24.060722"><ele>92.8</ele></trkpt>
      <trkpt lat="60.243957" lon="24.06077"><ele>93</ele></trkpt>
      <trkpt lat="60.243947" lon="24.060815"><ele>93.2</ele></trkpt>
      <trkpt lat="60.243947" lon="24.060867"><ele>93.4</ele></trkpt>
      <trkpt lat="60.243937" lon="24.060912"><ele>93.8</ele></trkpt>
      <trkpt lat="60.243917" lon="24.060927"><ele>94</ele></trkpt>
      <trkpt lat="60.243902" lon="24.060977"><ele>94.6</ele></trkpt>
      <trkpt lat="60.243898" lon="24.061032"><ele>94.8</ele></trkpt>
      <trkpt lat="60.24389" lon="24.061077"><ele>95</ele></trkpt>
      <trkpt lat="60.243875" lon="24.061122"><ele>95.2</ele></trkpt>
      <trkpt lat="60.243865" lon="24.061177"><ele>95.4</ele></trkpt>
      <trkpt lat="60.243872" lon="24.061232"><ele>95.6</ele></trkpt>
      <trkpt lat="60.24388" lon="24.06129"><ele>95.8</ele></trkpt>
      <trkpt lat="60.243892" lon="24.061347"><ele>96</ele></trkpt>
      <trkpt lat="60.243907" lon="24.061397"><ele>96.4</ele></trkpt>
      <trkpt lat="60.243922" lon="24.06145"><ele>96.4</ele></trkpt>
      <trkpt lat="60.24394" lon="24.0615"><ele>96.6</ele></trkpt>
      <trkpt lat="60.243952" lon="24.06155"><ele>96.8</ele></trkpt>
      <trkpt lat="60.243962" lon="24.0616"><ele>97</ele></trkpt>
      <trkpt lat="60.243972" lon="24.061647"><ele>97.2</ele></trkpt>
      <trkpt lat="60.243982" lon="24.06169"><ele>97.4</ele></trkpt>
      <trkpt lat="60.243997" lon="24.06173"><ele>97.6</ele></trkpt>
      <trkpt lat="60.244012" lon="24.061772"><ele>97.6</ele></trkpt>
      <trkpt lat="60.244037" lon="24.061815"><ele>97.8</ele></trkpt>
      <trkpt lat="60.24406" lon="24.061862"><ele>97.8</ele></trkpt>
      <trkpt lat="60.244082" lon="24.061917"><ele>97.8</ele></trkpt>
      <trkpt lat="60.244107" lon="24.061962"><ele>97.6</ele></trkpt>
      <trkpt lat="60.24413" lon="24.062"><ele>97.4</ele></trkpt>
      <trkpt lat="60.244152" lon="24.062035"><ele>97.2</ele></trkpt>
      <trkpt lat="60.24417" lon="24.062072"><ele>97</ele></trkpt>
      <trkpt lat="60.244187" lon="24.062112"><ele>97</ele></trkpt>
      <trkpt lat="60.2442" lon="24.062147"><ele>97.2</ele></trkpt>
      <trkpt lat="60.244215" lon="24.062182"><ele>97.2</ele></trkpt>
      <trkpt lat="60.24423" lon="24.062217"><ele>97.2</ele></trkpt>
      <trkpt lat="60.244245" lon="24.06224"><ele>97.2</ele></trkpt>
      <trkpt lat="60.244262" lon="24.062252"><ele>97.2</ele></trkpt>
      <trkpt lat="60.24428" lon="24.062277"><ele>97.6</ele></trkpt>
      <trkpt lat="60.244348" lon="24.06218"><ele>98.6</ele></trkpt>
      <trkpt lat="60.244367" lon="24.062158"><ele>98.6</ele></trkpt>
      <trkpt lat="60.244395" lon="24.06212"><ele>98.6</ele></trkpt>
      <trkpt lat="60.244422" lon="24.062062"><ele>98.6</ele></trkpt>
      <trkpt lat="60.244455" lon="24.062025"><ele>98.4</ele></trkpt>
      <trkpt lat="60.244495" lon="24.061987"><ele>98.2</ele></trkpt>
      <trkpt lat="60.244532" lon="24.061917"><ele>98.2</ele></trkpt>
      <trkpt lat="60.244567" lon="24.061842"><ele>97.8</ele></trkpt>
      <trkpt lat="60.2446" lon="24.061767"><ele>97.4</ele></trkpt>
      <trkpt lat="60.244637" lon="24.061715"><ele>97.2</ele></trkpt>
      <trkpt lat="60.244677" lon="24.061717"><ele>96.6</ele></trkpt>
      <trkpt lat="60.244715" lon="24.061747"><ele>96.2</ele></trkpt>
      <trkpt lat="60.244757" lon="24.061795"><ele>95.8</ele></trkpt>
      <trkpt lat="60.24479" lon="24.061862"><ele>95.4</ele></trkpt>
      <trkpt lat="60.244827" lon="24.06192"><ele>95</ele></trkpt>
      <trkpt lat="60.244867" lon="24.06194"><ele>94.8</ele></trkpt>
      <trkpt lat="60.244915" lon="24.061937"><ele>94.6</ele></trkpt>
      <trkpt lat="60.244962" lon="24.061975"><ele>94.4</ele></trkpt>
      <trkpt lat="60.245012" lon="24.062025"><ele>94.2</ele></trkpt>
      <trkpt lat="60.245062" lon="24.062072"><ele>93.8</ele></trkpt>
      <trkpt lat="60.245082" lon="24.062137"><ele>93.6</ele></trkpt>
      <trkpt lat="60.245072" lon="24.062193"><ele>93.4</ele></trkpt>
      <trkpt lat="60.245075" lon="24.06225"><ele>93.4</ele></trkpt>
      <trkpt lat="60.245097" lon="24.062282"><ele>93.2</ele></trkpt>
      <trkpt lat="60.245137" lon="24.062315"><ele>93.2</ele></trkpt>
      <trkpt lat="60.245177" lon="24.062367"><ele>93.2</ele></trkpt>
      <trkpt lat="60.245212" lon="24.062405"><ele>93.4</ele></trkpt>
      <trkpt lat="60.245257" lon="24.062447"><ele>93.2</ele></trkpt>
      <trkpt lat="60.245292" lon="24.06251"><ele>93.2</ele></trkpt>
      <trkpt lat="60.245333" lon="24.062577"><ele>93.2</ele></trkpt>
      <trkpt lat="60.245365" lon="24.062642"><ele>93.2</ele></trkpt>
      <trkpt lat="60.245402" lon="24.06266"><ele>93.2</ele></trkpt>
      <trkpt lat="60.245437" lon="24.062617"><ele>93.2</ele></trkpt>
      <trkpt lat="60.24546" lon="24.062537"><ele>93.4</ele></trkpt>
      <trkpt lat="60.245477" lon="24.062452"><ele>93.4</ele></trkpt>
      <trkpt lat="60.245495" lon="24.062347"><ele>93.2</ele></trkpt>
      <trkpt lat="60.245527" lon="24.062287"><ele>93.2</ele></trkpt>
    </trkseg>
  </trk>
</gpx>
