<?xml version="1.0" encoding="UTF-8"?>
<gpx version="1.1" creator="tkPage GPX editor" xmlns="http://www.topografix.com/GPX/1/1">
  <trk>
    <name>Trimmed track</name>
    <trkseg>
      <trkpt lat="60.079457" lon="24.410442"><ele>25.4</ele></trkpt>
      <trkpt lat="60.079435" lon="24.410463"><ele>25.4</ele></trkpt>
      <trkpt lat="60.079405" lon="24.410487"><ele>25.4</ele></trkpt>
      <trkpt lat="60.079372" lon="24.410502"><ele>25.2</ele></trkpt>
      <trkpt lat="60.079337" lon="24.410507"><ele>25</ele></trkpt>
      <trkpt lat="60.079303" lon="24.410502"><ele>24.8</ele></trkpt>
      <trkpt lat="60.079272" lon="24.410495"><ele>24.6</ele></trkpt>
      <trkpt lat="60.079237" lon="24.410475"><ele>24.6</ele></trkpt>
      <trkpt lat="60.079202" lon="24.41044"><ele>24.4</ele></trkpt>
      <trkpt lat="60.079172" lon="24.410392"><ele>24</ele></trkpt>
      <trkpt lat="60.079142" lon="24.410325"><ele>23.8</ele></trkpt>
      <trkpt lat="60.079115" lon="24.41025"><ele>23.6</ele></trkpt>
      <trkpt lat="60.079085" lon="24.4102"><ele>23.2</ele></trkpt>
      <trkpt lat="60.07905" lon="24.410152"><ele>23</ele></trkpt>
      <trkpt lat="60.079022" lon="24.410117"><ele>22.8</ele></trkpt>
      <trkpt lat="60.078992" lon="24.410112"><ele>22.6</ele></trkpt>
      <trkpt lat="60.078962" lon="24.410107"><ele>22.6</ele></trkpt>
      <trkpt lat="60.078937" lon="24.410092"><ele>22.6</ele></trkpt>
      <trkpt lat="60.078905" lon="24.410072"><ele>22.6</ele></trkpt>
      <trkpt lat="60.078872" lon="24.410052"><ele>22.6</ele></trkpt>
      <trkpt lat="60.078842" lon="24.410032"><ele>22.4</ele></trkpt>
      <trkpt lat="60.078822" lon="24.410007"><ele>22.6</ele></trkpt>
      <trkpt lat="60.078807" lon="24.409975"><ele>22.6</ele></trkpt>
      <trkpt lat="60.078792" lon="24.409947"><ele>23</ele></trkpt>
      <trkpt lat="60.078772" lon="24.40991"><ele>23</ele></trkpt>
      <trkpt lat="60.078755" lon="24.409877"><ele>23.4</ele></trkpt>
      <trkpt lat="60.078732" lon="24.409837"><ele>23.4</ele></trkpt>
      <trkpt lat="60.078707" lon="24.409802"><ele>23.6</ele></trkpt>
      <trkpt lat="60.078687" lon="24.409772"><ele>23.8</ele></trkpt>
      <trkpt lat="60.078662" lon="24.409747"><ele>24.2</ele></trkpt>
      <trkpt lat="60.078642" lon="24.40972"><ele>24.6</ele></trkpt>
      <trkpt lat="60.078622" lon="24.409707"><ele>25</ele></trkpt>
      <trkpt lat="60.0786" lon="24.409755"><ele>25.6</ele></trkpt>
      <trkpt lat="60.07859" lon="24.409807"><ele>25.6</ele></trkpt>
      <trkpt lat="60.078582" lon="24.409857"><ele>25.6</ele></trkpt>
      <trkpt lat="60.078577" lon="24.409902"><ele>25.6</ele></trkpt>
      <trkpt lat="60.078572" lon="24.409947"><ele>25.8</ele></trkpt>
      <trkpt lat="60.078562" lon="24.409995"><ele>25.8</ele></trkpt>
      <trkpt lat="60.078552" lon="24.410032"><ele>26</ele></trkpt>
      <trkpt lat="60.078527" lon="24.410062"><ele>26.4</ele></trkpt>
      <trkpt lat="60.078497" lon="24.410042"><ele>26.8</ele></trkpt>
      <trkpt lat="60.07848" lon="24.410007"><ele>27</ele></trkpt>
      <trkpt lat="60.078462" lon="24.40995"><ele>27.2</ele></trkpt>
      <trkpt lat="60.078442" lon="24.409897"><ele>27.2</ele></trkpt>
      <trkpt lat="60.07842" lon="24.409845"><ele>27.2</ele></trkpt>
      <trkpt lat="60.078395" lon="24.409787"><ele>27.4</ele></trkpt>
      <trkpt lat="60.07837" lon="24.409737"><ele>27.4</ele></trkpt>
      <trkpt lat="60.078342" lon="24.409692"><ele>27.6</ele></trkpt>
      <trkpt lat="60.078312" lon="24.409632"><ele>27.6</ele></trkpt>
      <trkpt lat="60.07829" lon="24.409562"><ele>27.8</ele></trkpt>
      <trkpt lat="60.078267" lon="24.409497"><ele>27.8</ele></trkpt>
      <trkpt lat="60.07824" lon="24.409475"><ele>28</ele></trkpt>
      <trkpt lat="60.078217" lon="24.409472"><ele>28</ele></trkpt>
      <trkpt lat="60.078195" lon="24.409475"><ele>28.2</ele></trkpt>
      <trkpt lat="60.078172" lon="24.409472"><ele>28.6</ele></trkpt>
      <trkpt lat="60.078152" lon="24.409457"><ele>29</ele></trkpt>
      <trkpt lat="60.078132" lon="24.409437"><ele>29.4</ele></trkpt>
      <trkpt lat="60.078112" lon="24.40942"><ele>29.8</ele></trkpt>
      <trkpt lat="60.078092" lon="24.409407"><ele>30.2</ele></trkpt>
      <trkpt lat="60.078077" lon="24.409427"><ele>30.4</ele></trkpt>
      <trkpt lat="60.078067" lon="24.409477"><ele>30.4</ele></trkpt>
      <trkpt lat="60.078055" lon="24.409557"><ele>30.6</ele></trkpt>
      <trkpt lat="60.078047" lon="24.409652"><ele>30.6</ele></trkpt>
      <trkpt lat="60.07806" lon="24.409742"><ele>30.6</ele></trkpt>
      <trkpt lat="60.07808" lon="24.409812"><ele>30.6</ele></trkpt>
      <trkpt lat="60.078093" lon="24.409867"><ele>30.6</ele></trkpt>
      <trkpt lat="60.078107" lon="24.409897"><ele>30.6</ele></trkpt>
      <trkpt lat="60.078117" lon="24.409945"><ele>30.4</ele></trkpt>
      <trkpt lat="60.078125" lon="24.410007"><ele>30.2</ele></trkpt>
      <trkpt lat="60.07813" lon="24.410055"><ele>30</ele></trkpt>
      <trkpt lat="60.078145" lon="24.410097"><ele>29.8</ele></trkpt>
      <trkpt lat="60.078157" lon="24.410152"><ele>29.6</ele></trkpt>
      <trkpt lat="60.078167" lon="24.410202"><ele>29.4</ele></trkpt>
      <trkpt lat="60.078172" lon="24.410242"><ele>29.2</ele></trkpt>
      <trkpt lat="60.078177" lon="24.410282"><ele>29.2</ele></trkpt>
      <trkpt lat="60.078182" lon="24.410327"><ele>29.2</ele></trkpt>
      <trkpt lat="60.078177" lon="24.410372"><ele>29</ele></trkpt>
      <trkpt lat="60.078162" lon="24.410412"><ele>29</ele></trkpt>
      <trkpt lat="60.078147" lon="24.410432"><ele>28.8</ele></trkpt>
      <trkpt lat="60.07813" lon="24.410442"><ele>28.6</ele></trkpt>
      <trkpt lat="60.07811" lon="24.410442"><ele>28.6</ele></trkpt>
      <trkpt lat="60.078087" lon="24.410437"><ele>28.4</ele></trkpt>
      <trkpt lat="60.07806" lon="24.410447"><ele>28.2</ele></trkpt>
      <trkpt lat="60.078022" lon="24.410442"><ele>28</ele></trkpt>
      <trkpt lat="60.077982" lon="24.41043"><ele>27.8</ele></trkpt>
      <trkpt lat="60.077947" lon="24.410427"><ele>27.6</ele></trkpt>
      <trkpt lat="60.07791" lon="24.410425"><ele>27.4</ele></trkpt>
      <trkpt lat="60.077877" lon="24.41041"><ele>27.4</ele></trkpt>
      <trkpt lat="60.077852" lon="24.410412"><ele>27.2</ele></trkpt>
      <trkpt lat="60.077822" lon="24.41041"><ele>27.2</ele></trkpt>
      <trkpt lat="60.077787" lon="24.410412"><ele>27.2</ele></trkpt>
      <trkpt lat="60.077757" lon="24.410412"><ele>27</ele></trkpt>
      <trkpt lat="60.077727" lon="24.410422"><ele>26.8</ele></trkpt>
      <trkpt lat="60.077697" lon="24.410447"><ele>26.6</ele></trkpt>
      <trkpt lat="60.077677" lon="24.410447"><ele>26.4</ele></trkpt>
      <trkpt lat="60.077632" lon="24.410432"><ele>26.4</ele></trkpt>
      <trkpt lat="60.077595" lon="24.410425"><ele>26.2</ele></trkpt>
      <trkpt lat="60.077558" lon="24.410415"><ele>26</ele></trkpt>
      <trkpt lat="60.077522" lon="24.410415"><ele>25.8</ele></trkpt>
      <trkpt lat="60.077492" lon="24.410397"><ele>25.6</ele></trkpt>
      <trkpt lat="60.077465" lon="24.410377"><ele>25.4</ele></trkpt>
      <trkpt lat="60.07744" lon="24.410372"><ele>25.4</ele></trkpt>
      <trkpt lat="60.077418" lon="24.410367"><ele>25.2</ele></trkpt>
      <trkpt lat="60.07738" lon="24.41036"><ele>25.2</ele></trkpt>
      <trkpt lat="60.077362" lon="24.41036"><ele>25.2</ele></trkpt>
      <trkpt lat="60.07734" lon="24.410362"><ele>25.2</ele></trkpt>
      <trkpt lat="60.077312" lon="24.410367"><ele>25.2</ele></trkpt>
      <trkpt lat="60.07728" lon="24.410377"><ele>25.2</ele></trkpt>
      <trkpt lat="60.07725" lon="24.410372"><ele>25.2</ele></trkpt>
      <trkpt lat="60.07722" lon="24.410365"><ele>25</ele></trkpt>
      <trkpt lat="60.077177" lon="24.410367"><ele>25</ele></trkpt>
      <trkpt lat="60.077142" lon="24.410355"><ele>24.6</ele></trkpt>
      <trkpt lat="60.077105" lon="24.41036"><ele>24.4</ele></trkpt>
      <trkpt lat="60.077062" lon="24.410352"><ele>24</ele></trkpt>
      <trkpt lat="60.077017" lon="24.410347"><ele>23.8</ele></trkpt>
      <trkpt lat="60.076977" lon="24.410332"><ele>23.4</ele></trkpt>
      <trkpt lat="60.076937" lon="24.410297"><ele>23</ele></trkpt>
      <trkpt lat="60.076902" lon="24.410272"><ele>22.6</ele></trkpt>
      <trkpt lat="60.076867" lon="24.410267"><ele>22.6</ele></trkpt>
      <trkpt lat="60.076832" lon="24.410252"><ele>22.4</ele></trkpt>
      <trkpt lat="60.0768" lon="24.410225"><ele>22.4</ele></trkpt>
      <trkpt lat="60.076772" lon="24.410177"><ele>22.4</ele></trkpt>
      <trkpt lat="60.076752" lon="24.410135"><ele>22.6</ele></trkpt>
      <trkpt lat="60.076722" lon="24.410117"><ele>22.6</ele></trkpt>
      <trkpt lat="60.07669" lon="24.410102"><ele>22.6</ele></trkpt>
      <trkpt lat="60.076662" lon="24.41006"><ele>22.6</ele></trkpt>
      <trkpt lat="60.076632" lon="24.410025"><ele>22.6</ele></trkpt>
      <trkpt lat="60.076605" lon="24.409982"><ele>22.4</ele></trkpt>
      <trkpt lat="60.076587" lon="24.409957"><ele>22.2</ele></trkpt>
      <trkpt lat="60.076567" lon="24.409952"><ele>22.2</ele></trkpt>
      <trkpt lat="60.076547" lon="24.409927"><ele>22</ele></trkpt>
      <trkpt lat="60.076532" lon="24.409885"><ele>21.8</ele></trkpt>
      <trkpt lat="60.076527" lon="24.409827"><ele>21.6</ele></trkpt>
      <trkpt lat="60.076532" lon="24.409765"><ele>21.6</ele></trkpt>
      <trkpt lat="60.076537" lon="24.4097"><ele>21.6</ele></trkpt>
      <trkpt lat="60.076547" lon="24.409635"><ele>21.8</ele></trkpt>
      <trkpt lat="60.076547" lon="24.409562"><ele>21.8</ele></trkpt>
      <trkpt lat="60.076547" lon="24.409487"><ele>22</ele></trkpt>
      <trkpt lat="60.076547" lon="24.409417"><ele>22</ele></trkpt>
      <trkpt lat="60.076537" lon="24.409342"><ele>22</ele></trkpt>
      <trkpt lat="60.076537" lon="24.40927"><ele>22</ele></trkpt>
      <trkpt lat="60.076542" lon="24.4092"><ele>22</ele></trkpt>
      <trkpt lat="60.076547" lon="24.409125"><ele>22</ele></trkpt>
      <trkpt lat="60.076547" lon="24.409045"><ele>22</ele></trkpt>
      <trkpt lat="60.076537" lon="24.40897"><ele>22.2</ele></trkpt>
      <trkpt lat="60.076512" lon="24.408902"><ele>22.2</ele></trkpt>
      <trkpt lat="60.076472" lon="24.408842"><ele>22.2</ele></trkpt>
      <trkpt lat="60.076432" lon="24.408792"><ele>22</ele></trkpt>
      <trkpt lat="60.076392" lon="24.408777"><ele>22</ele></trkpt>
      <trkpt lat="60.076355" lon="24.408792"><ele>21.8</ele></trkpt>
      <trkpt lat="60.07632" lon="24.408832"><ele>21.8</ele></trkpt>
      <trkpt lat="60.076285" lon="24.408895"><ele>21.8</ele></trkpt>
      <trkpt lat="60.076252" lon="24.408962"><ele>22</ele></trkpt>
      <trkpt lat="60.076217" lon="24.409045"><ele>22</ele></trkpt>
      <trkpt lat="60.076177" lon="24.409127"><ele>21.8</ele></trkpt>
      <trkpt lat="60.076132" lon="24.409207"><ele>21.8</ele></trkpt>
      <trkpt lat="60.076085" lon="24.409277"><ele>21.6</ele></trkpt>
      <trkpt lat="60.076037" lon="24.40934"><ele>21.6</ele></trkpt>
      <trkpt lat="60.075992" lon="24.409397"><ele>21.6</ele></trkpt>
      <trkpt lat="60.075947" lon="24.409442"><ele>21.8</ele></trkpt>
      <trkpt lat="60.075905" lon="24.409497"><ele>21.8</ele></trkpt>
      <trkpt lat="60.075852" lon="24.409552"><ele>22</ele></trkpt>
      <trkpt lat="60.075797" lon="24.409597"><ele>22</ele></trkpt>
      <trkpt lat="60.075737" lon="24.409635"><ele>22</ele></trkpt>
      <trkpt lat="60.075673" lon="24.409655"><ele>22</ele></trkpt>
      <trkpt lat="60.075612" lon="24.409665"><ele>21.8</ele></trkpt>
      <trkpt lat="60.075547" lon="24.40966"><ele>21.8</ele></trkpt>
      <trkpt lat="60.075485" lon="24.409637"><ele>21.6</ele></trkpt>
      <trkpt lat="60.075422" lon="24.40961"><ele>21.4</ele></trkpt>
      <trkpt lat="60.075362" lon="24.409575"><ele>21.2</ele></trkpt>
      <trkpt lat="60.075312" lon="24.409522"><ele>21.2</ele></trkpt>
      <trkpt lat="60.075267" lon="24.409475"><ele>21.4</ele></trkpt>
      <trkpt lat="60.075232" lon="24.409427"><ele>21.6</ele></trkpt>
      <trkpt lat="60.075217" lon="24.409405"><ele>21.6</ele></trkpt>
      <trkpt lat="60.075087" lon="24.40926"><ele>22</ele></trkpt>
      <trkpt lat="60.07506" lon="24.409232"><ele>22</ele></trkpt>
      <trkpt lat="60.075027" lon="24.4092"><ele>22</ele></trkpt>
      <trkpt lat="60.074997" lon="24.409167"><ele>22.2</ele></trkpt>
      <trkpt lat="60.074962" lon="24.409117"><ele>22.2</ele></trkpt>
      <trkpt lat="60.074922" lon="24.409063"><ele>22.2</ele></trkpt>
      <trkpt lat="60.074882" lon="24.40901"><ele>22.2</ele></trkpt>
      <trkpt lat="60.074837" lon="24.408955"><ele>22.2</ele></trkpt>
      <trkpt lat="60.074792" lon="24.408905"><ele>22.2</ele></trkpt>
      <trkpt lat="60.074747" lon="24.408852"><ele>22.2</ele></trkpt>
      <trkpt lat="60.074697" lon="24.408805"><ele>22.2</ele></trkpt>
      <trkpt lat="60.074642" lon="24.408762"><ele>22.2</ele></trkpt>
      <trkpt lat="60.074592" lon="24.408722"><ele>22.2</ele></trkpt>
      <trkpt lat="60.074547" lon="24.40868"><ele>22.2</ele></trkpt>
      <trkpt lat="60.074487" lon="24.408652"><ele>22.2</ele></trkpt>
      <trkpt lat="60.074425" lon="24.408612"><ele>22</ele></trkpt>
      <trkpt lat="60.07436" lon="24.408572"><ele>21.8</ele></trkpt>
      <trkpt lat="60.074292" lon="24.408517"><ele>21.6</ele></trkpt>
      <trkpt lat="60.074227" lon="24.408447"><ele>21.2</ele></trkpt>
      <trkpt lat="60.07416" lon="24.408375"><ele>20.8</ele></trkpt>
      <trkpt lat="60.074097" lon="24.408292"><ele>20.4</ele></trkpt>
      <trkpt lat="60.074032" lon="24.408212"><ele>20</ele></trkpt>
      <trkpt lat="60.073967" lon="24.40814"><ele>19.6</ele></trkpt>
      <trkpt lat="60.073905" lon="24.408077"><ele>19.2</ele></trkpt>
      <trkpt lat="60.073832" lon="24.408027"><ele>19</ele></trkpt>
      <trkpt lat="60.073752" lon="24.408002"><ele>18.4</ele></trkpt>
      <trkpt lat="60.073672" lon="24.408005"><ele>17.6</ele></trkpt>
      <trkpt lat="60.073602" lon="24.408012"><ele>17</ele></trkpt>
      <trkpt lat="60.073532" lon="24.408042"><ele>16.4</ele></trkpt>
      <trkpt lat="60.07347" lon="24.408085"><ele>16.6</ele></trkpt>
      <trkpt lat="60.073405" lon="24.408132"><ele>16.6</ele></trkpt>
      <trkpt lat="60.073342" lon="24.408177"><ele>16.8</ele></trkpt>
      <trkpt lat="60.073277" lon="24.408222"><ele>16.8</ele></trkpt>
      <trkpt lat="60.073212" lon="24.408267"><ele>16.8</ele></trkpt>
      <trkpt lat="60.073155" lon="24.408315"><ele>17</ele></trkpt>
      <trkpt lat="60.073102" lon="24.408357"><ele>17.2</ele></trkpt>
      <trkpt lat="60.073057" lon="24.408402"><ele>17.6</ele></trkpt>
      <trkpt lat="60.07302" lon="24.408447"><ele>18</ele></trkpt>
      <trkpt lat="60.072982" lon="24.408487"><ele>18.6</ele></trkpt>
      <trkpt lat="60.072952" lon="24.408527"><ele>19.2</ele></trkpt>
      <trkpt lat="60.072925" lon="24.408565"><ele>19.6</ele></trkpt>
      <trkpt lat="60.072897" lon="24.408597"><ele>20.2</ele></trkpt>
      <trkpt lat="60.072872" lon="24.408632"><ele>20.8</ele></trkpt>
      <trkpt lat="60.072845" lon="24.408667"><ele>21.4</ele></trkpt>
      <trkpt lat="60.072815" lon="24.4087"><ele>21.8</ele></trkpt>
      <trkpt lat="60.072782" lon="24.408732"><ele>22.2</ele></trkpt>
      <trkpt lat="60.072745" lon="24.408767"><ele>22.4</ele></trkpt>
      <trkpt lat="60.072702" lon="24.408807"><ele>22.6</ele></trkpt>
      <trkpt lat="60.072662" lon="24.408852"><ele>22.6</ele></trkpt>
      <trkpt lat="60.072607" lon="24.408902"><ele>22.6</ele></trkpt>
      <trkpt lat="60.07255" lon="24.40896"><ele>22.6</ele></trkpt>
      <trkpt lat="60.072482" lon="24.409017"><ele>22.2</ele></trkpt>
      <trkpt lat="60.072415" lon="24.409085"><ele>21.8</ele></trkpt>
      <trkpt lat="60.072337" lon="24.40914"><ele>21.2</ele></trkpt>
      <trkpt lat="60.072253" lon="24.40916"><ele>20.4</ele></trkpt>
      <trkpt lat="60.072167" lon="24.409142"><ele>19.6</ele></trkpt>
      <trkpt lat="60.072082" lon="24.409082"><ele>18.8</ele></trkpt>
      <trkpt lat="60.072002" lon="24.408982"><ele>17.8</ele></trkpt>
      <trkpt lat="60.071935" lon="24.40887"><ele>17.2</ele></trkpt>
      <trkpt lat="60.071865" lon="24.408757"><ele>16.6</ele></trkpt>
      <trkpt lat="60.071795" lon="24.40865"><ele>15.8</ele></trkpt>
      <trkpt lat="60.071727" lon="24.408545"><ele>15</ele></trkpt>
      <trkpt lat="60.071662" lon="24.408442"><ele>14</ele></trkpt>
      <trkpt lat="60.071597" lon="24.408332"><ele>13.2</ele></trkpt>
      <trkpt lat="60.071532" lon="24.40823"><ele>12.4</ele></trkpt>
      <trkpt lat="60.071477" lon="24.408112"><ele>12</ele></trkpt>
      <trkpt lat="60.07142" lon="24.408007"><ele>11.8</ele></trkpt>
      <trkpt lat="60.071365" lon="24.407888"><ele>12</ele></trkpt>
      <trkpt lat="60.071317" lon="24.407777"><ele>12.2</ele></trkpt>
      <trkpt lat="60.071268" lon="24.407672"><ele>12.6</ele></trkpt>
      <trkpt lat="60.071227" lon="24.407555"><ele>12.6</ele></trkpt>
      <trkpt lat="60.07118" lon="24.40743"><ele>12.4</ele></trkpt>
      <trkpt lat="60.071132" lon="24.407297"><ele>11.6</ele></trkpt>
      <trkpt lat="60.07108" lon="24.40717"><ele>10.8</ele></trkpt>
      <trkpt lat="60.07103" lon="24.407037"><ele>10.2</ele></trkpt>
      <trkpt lat="60.070977" lon="24.406897"><ele>9.8</ele></trkpt>
      <trkpt lat="60.070927" lon="24.406757"><ele>10</ele></trkpt>
      <trkpt lat="60.07087" lon="24.406622"><ele>9.8</ele></trkpt>
      <trkpt lat="60.070822" lon="24.406485"><ele>9.8</ele></trkpt>
      <trkpt lat="60.070775" lon="24.406347"><ele>9.6</ele></trkpt>
      <trkpt lat="60.07073" lon="24.406207"><ele>9.6</ele></trkpt>
      <trkpt lat="60.070682" lon="24.406085"><ele>9.4</ele></trkpt>
      <trkpt lat="60.070632" lon="24.405987"><ele>9.2</ele></trkpt>
      <trkpt lat="60.070567" lon="24.405927"><ele>8.8</ele></trkpt>
      <trkpt lat="60.070502" lon="24.405918"><ele>8.4</ele></trkpt>
      <trkpt lat="60.070437" lon="24.405957"><ele>8</ele></trkpt>
      <trkpt lat="60.070387" lon="24.406025"><ele>7.6</ele></trkpt>
      <trkpt lat="60.070352" lon="24.406092"><ele>7.6</ele></trkpt>
      <trkpt lat="60.070315" lon="24.406135"><ele>7.8</ele></trkpt>
      <trkpt lat="60.070282" lon="24.406162"><ele>7.8</ele></trkpt>
      <trkpt lat="60.070247" lon="24.40616"><ele>8.2</ele></trkpt>
      <trkpt lat="60.07022" lon="24.40613"><ele>8.4</ele></trkpt>
      <trkpt lat="60.070197" lon="24.406077"><ele>8.8</ele></trkpt>
      <trkpt lat="60.070172" lon="24.406007"><ele>9</ele></trkpt>
      <trkpt lat="60.07015" lon="24.405917"><ele>9</ele></trkpt>
      <trkpt lat="60.070122" lon="24.405827"><ele>8.8</ele></trkpt>
      <trkpt lat="60.070092" lon="24.405732"><ele>8.6</ele></trkpt>
      <trkpt lat="60.070058" lon="24.405637"><ele>8.4</ele></trkpt>
      <trkpt lat="60.070027" lon="24.405542"><ele>8.2</ele></trkpt>
      <trkpt lat="60.069992" lon="24.40545"><ele>8.2</ele></trkpt>
      <trkpt lat="60.069957" lon="24.40536"><ele>8.2</ele></trkpt>
      <trkpt lat="60.069915" lon="24.40527"><ele>8</ele></trkpt>
      <trkpt lat="60.069875" lon="24.405172"><ele>8</ele></trkpt>
      <trkpt lat="60.069832" lon="24.405077"><ele>7.8</ele></trkpt>
      <trkpt lat="60.06979" lon="24.40498"><ele>7.8</ele></trkpt>
      <trkpt lat="60.069747" lon="24.404885"><ele>7.8</ele></trkpt>
      <trkpt lat="60.069707" lon="24.40479"><ele>7.8</ele></trkpt>
      <trkpt lat="60.069667" lon="24.404697"><ele>7.8</ele></trkpt>
      <trkpt lat="60.069632" lon="24.404605"><ele>8</ele></trkpt>
      <trkpt lat="60.0696" lon="24.404517"><ele>8</ele></trkpt>
      <trkpt lat="60.069565" lon="24.404432"><ele>8.2</ele></trkpt>
      <trkpt lat="60.069527" lon="24.404352"><ele>8.4</ele></trkpt>
      <trkpt lat="60.06949" lon="24.404282"><ele>8.6</ele></trkpt>
      <trkpt lat="60.069447" lon="24.404237"><ele>8.6</ele></trkpt>
      <trkpt lat="60.069405" lon="24.404202"><ele>8.8</ele></trkpt>
      <trkpt lat="60.069367" lon="24.404182"><ele>9</ele></trkpt>
      <trkpt lat="60.069327" lon="24.404167"><ele>9.2</ele></trkpt>
      <trkpt lat="60.069287" lon="24.404157"><ele>9.4</ele></trkpt>
      <trkpt lat="60.069247" lon="24.40415"><ele>9.6</ele></trkpt>
      <trkpt lat="60.06921" lon="24.404142"><ele>9.8</ele></trkpt>
      <trkpt lat="60.069172" lon="24.404132"><ele>10</ele></trkpt>
      <trkpt lat="60.069132" lon="24.404142"><ele>10.4</ele></trkpt>
      <trkpt lat="60.069097" lon="24.404157"><ele>10.6</ele></trkpt>
      <trkpt lat="60.069062" lon="24.404177"><ele>11</ele></trkpt>
      <trkpt lat="60.069032" lon="24.404202"><ele>11.2</ele></trkpt>
      <trkpt lat="60.069002" lon="24.404232"><ele>11.4</ele></trkpt>
      <trkpt lat="60.068975" lon="24.404267"><ele>11.8</ele></trkpt>
      <trkpt lat="60.068947" lon="24.4043"><ele>12</ele></trkpt>
      <trkpt lat="60.068917" lon="24.404332"><ele>12.4</ele></trkpt>
      <trkpt lat="60.068887" lon="24.404367"><ele>12.6</ele></trkpt>
      <trkpt lat="60.06886" lon="24.404405"><ele>12.8</ele></trkpt>
      <trkpt lat="60.068835" lon="24.404447"><ele>13</ele></trkpt>
      <trkpt lat="60.06881" lon="24.404485"><ele>13.2</ele></trkpt>
      <trkpt lat="60.068787" lon="24.404527"><ele>13.6</ele></trkpt>
      <trkpt lat="60.068765" lon="24.404567"><ele>13.8</ele></trkpt>
      <trkpt lat="60.068742" lon="24.404597"><ele>14</ele></trkpt>
      <trkpt lat="60.068725" lon="24.40463"><ele>14.4</ele></trkpt>
      <trkpt lat="60.068707" lon="24.40467"><ele>14.8</ele></trkpt>
      <trkpt lat="60.068692" lon="24.404707"><ele>15.2</ele></trkpt>
      <trkpt lat="60.068677" lon="24.40474"><ele>15.6</ele></trkpt>
      <trkpt lat="60.06866" lon="24.404775"><ele>15.8</ele></trkpt>
      <trkpt lat="60.068647" lon="24.404802"><ele>16.2</ele></trkpt>
      <trkpt lat="60.068632" lon="24.404837"><ele>16.6</ele></trkpt>
      <trkpt lat="60.068617" lon="24.404872"><ele>16.8</ele></trkpt>
      <trkpt lat="60.068607" lon="24.40491"><ele>17.2</ele></trkpt>
      <trkpt lat="60.068595" lon="24.404942"><ele>17.6</ele></trkpt>
      <trkpt lat="60.06858" lon="24.404977"><ele>17.8</ele></trkpt>
      <trkpt lat="60.068562" lon="24.404997"><ele>18</ele></trkpt>
      <trkpt lat="60.068542" lon="24.405012"><ele>18.4</ele></trkpt>
      <trkpt lat="60.068517" lon="24.405032"><ele>18.6</ele></trkpt>
      <trkpt lat="60.068487" lon="24.405055"><ele>19</ele></trkpt>
      <trkpt lat="60.06846" lon="24.405067"><ele>19.2</ele></trkpt>
      <trkpt lat="60.068432" lon="24.405082"><ele>19.2</ele></trkpt>
      <trkpt lat="60.068402" lon="24.405087"><ele>19.4</ele></trkpt>
      <trkpt lat="60.068372" lon="24.405087"><ele>19.6</ele></trkpt>
      <trkpt lat="60.068342" lon="24.405097"><ele>19.6</ele></trkpt>
      <trkpt lat="60.068312" lon="24.405107"><ele>19.6</ele></trkpt>
      <trkpt lat="60.06828" lon="24.405112"><ele>19.8</ele></trkpt>
      <trkpt lat="60.068247" lon="24.405102"><ele>19.8</ele></trkpt>
      <trkpt lat="60.068212" lon="24.40509"><ele>20</ele></trkpt>
      <trkpt lat="60.068177" lon="24.405075"><ele>20.2</ele></trkpt>
      <trkpt lat="60.068142" lon="24.405052"><ele>20.2</ele></trkpt>
      <trkpt lat="60.068107" lon="24.405025"><ele>20.4</ele></trkpt>
      <trkpt lat="60.068075" lon="24.405002"><ele>20.6</ele></trkpt>
      <trkpt lat="60.068042" lon="24.404985"><ele>20.8</ele></trkpt>
      <trkpt lat="60.068007" lon="24.404977"><ele>21</ele></trkpt>
      <trkpt lat="60.067972" lon="24.404975"><ele>21.2</ele></trkpt>
      <trkpt lat="60.067937" lon="24.404972"><ele>21.4</ele></trkpt>
      <trkpt lat="60.067907" lon="24.404975"><ele>21.6</ele></trkpt>
      <trkpt lat="60.067877" lon="24.404968"><ele>21.8</ele></trkpt>
      <trkpt lat="60.067842" lon="24.404962"><ele>22</ele></trkpt>
      <trkpt lat="60.067815" lon="24.404945"><ele>22.2</ele></trkpt>
      <trkpt lat="60.067785" lon="24.404912"><ele>22.2</ele></trkpt>
      <trkpt lat="60.067745" lon="24.404877"><ele>22.2</ele></trkpt>
      <trkpt lat="60.067695" lon="24.404842"><ele>22.4</ele></trkpt>
      <trkpt lat="60.067638" lon="24.404812"><ele>22.4</ele></trkpt>
      <trkpt lat="60.067582" lon="24.404782"><ele>22.4</ele></trkpt>
      <trkpt lat="60.067522" lon="24.404743"><ele>22.4</ele></trkpt>
      <trkpt lat="60.067465" lon="24.404697"><ele>22.2</ele></trkpt>
      <trkpt lat="60.0674" lon="24.404637"><ele>22.2</ele></trkpt>
      <trkpt lat="60.067337" lon="24.404562"><ele>21.8</ele></trkpt>
      <trkpt lat="60.067272" lon="24.404477"><ele>21.6</ele></trkpt>
      <trkpt lat="60.0672" lon="24.404412"><ele>21.2</ele></trkpt>
      <trkpt lat="60.067122" lon="24.404372"><ele>20.8</ele></trkpt>
      <trkpt lat="60.067047" lon="24.404345"><ele>20.4</ele></trkpt>
      <trkpt lat="60.066977" lon="24.40432"><ele>20.2</ele></trkpt>
      <trkpt lat="60.066912" lon="24.404325"><ele>20</ele></trkpt>
      <trkpt lat="60.066855" lon="24.404347"><ele>19.8</ele></trkpt>
      <trkpt lat="60.066802" lon="24.40437"><ele>19.8</ele></trkpt>
      <trkpt lat="60.066747" lon="24.404387"><ele>19.8</ele></trkpt>
      <trkpt lat="60.066695" lon="24.404402"><ele>20</ele></trkpt>
      <trkpt lat="60.066642" lon="24.404442"><ele>20.2</ele></trkpt>
      <trkpt lat="60.066592" lon="24.404502"><ele>20.4</ele></trkpt>
      <trkpt lat="60.066547" lon="24.404577"><ele>20.6</ele></trkpt>
      <trkpt lat="60.066502" lon="24.40466"><ele>20.8</ele></trkpt>
      <trkpt lat="60.06646" lon="24.404743"><ele>21</ele></trkpt>
      <trkpt lat="60.066415" lon="24.404825"><ele>21</ele></trkpt>
      <trkpt lat="60.066367" lon="24.4049"><ele>21.2</ele></trkpt>
      <trkpt lat="60.066315" lon="24.404955"><ele>21.4</ele></trkpt>
      <trkpt lat="60.066267" lon="24.405003"><ele>21.6</ele></trkpt>
      <trkpt lat="60.066217" lon="24.405052"><ele>21.8</ele></trkpt>
      <trkpt lat="60.066177" lon="24.405092"><ele>22</ele></trkpt>
      <trkpt lat="60.066117" lon="24.405137"><ele>22</ele></trkpt>
      <trkpt lat="60.066072" lon="24.40518"><ele>22.2</ele></trkpt>
      <trkpt lat="60.066025" lon="24.40522"><ele>22.4</ele></trkpt>
      <trkpt lat="60.065982" lon="24.40525"><ele>22.6</ele></trkpt>
      <trkpt lat="60.06594" lon="24.405275"><ele>22.8</ele></trkpt>
      <trkpt lat="60.065897" lon="24.405302"><ele>23</ele></trkpt>
      <trkpt lat="60.065855" lon="24.405325"><ele>23.2</ele></trkpt>
      <trkpt lat="60.065815" lon="24.405357"><ele>23.2</ele></trkpt>
      <trkpt lat="60.065775" lon="24.405387"><ele>23.4</ele></trkpt>
      <trkpt lat="60.065742" lon="24.405417"><ele>23.6</ele></trkpt>
      <trkpt lat="60.065712" lon="24.405445"><ele>23.6</ele></trkpt>
      <trkpt lat="60.065687" lon="24.405472"><ele>23.8</ele></trkpt>
      <trkpt lat="60.065662" lon="24.40549"><ele>24</ele></trkpt>
      <trkpt lat="60.065637" lon="24.405515"><ele>24.4</ele></trkpt>
      <trkpt lat="60.065615" lon="24.405542"><ele>24.6</ele></trkpt>
      <trkpt lat="60.065592" lon="24.405567"><ele>25</ele></trkpt>
      <trkpt lat="60.065572" lon="24.405587"><ele>25.4</ele></trkpt>
      <trkpt lat="60.065547" lon="24.405605"><ele>25.6</ele></trkpt>
      <trkpt lat="60.065522" lon="24.405622"><ele>26</ele></trkpt>
      <trkpt lat="60.065497" lon="24.405642"><ele>26.2</ele></trkpt>
      <trkpt lat="60.065477" lon="24.405662"><ele>26.4</ele></trkpt>
      <trkpt lat="60.065452" lon="24.405682"><ele>26.8</ele></trkpt>
      <trkpt lat="60.065427" lon="24.405705"><ele>27.2</ele></trkpt>
      <trkpt lat="60.065405" lon="24.405727"><ele>27.4</ele></trkpt>
      <trkpt lat="60.065382" lon="24.405752"><ele>27.6</ele></trkpt>
      <trkpt lat="60.065358" lon="24.405772"><ele>28</ele></trkpt>
      <trkpt lat="60.065342" lon="24.405795"><ele>28.2</ele></trkpt>
      <trkpt lat="60.065325" lon="24.40582"><ele>28.4</ele></trkpt>
      <trkpt lat="60.06531" lon="24.405847"><ele>28.8</ele></trkpt>
      <trkpt lat="60.065292" lon="24.405872"><ele>29.2</ele></trkpt>
      <trkpt lat="60.065272" lon="24.405897"><ele>29.4</ele></trkpt>
      <trkpt lat="60.06525" lon="24.405927"><ele>29.6</ele></trkpt>
      <trkpt lat="60.065227" lon="24.405952"><ele>30</ele></trkpt>
      <trkpt lat="60.065205" lon="24.405957"><ele>30.4</ele></trkpt>
      <trkpt lat="60.065182" lon="24.405962"><ele>30.6</ele></trkpt>
      <trkpt lat="60.065155" lon="24.405962"><ele>30.8</ele></trkpt>
      <trkpt lat="60.065127" lon="24.40597"><ele>31.2</ele></trkpt>
      <trkpt lat="60.065097" lon="24.405982"><ele>31.2</ele></trkpt>
      <trkpt lat="60.065067" lon="24.406"><ele>31.2</ele></trkpt>
      <trkpt lat="60.065035" lon="24.406022"><ele>31.4</ele></trkpt>
      <trkpt lat="60.065002" lon="24.406047"><ele>31.4</ele></trkpt>
      <trkpt lat="60.06497" lon="24.406062"><ele>31.4</ele></trkpt>
      <trkpt lat="60.06494" lon="24.406075"><ele>31.4</ele></trkpt>
      <trkpt lat="60.064907" lon="24.406105"><ele>31.4</ele></trkpt>
      <trkpt lat="60.064872" lon="24.406147"><ele>31.2</ele></trkpt>
      <trkpt lat="60.064838" lon="24.406202"><ele>31.2</ele></trkpt>
      <trkpt lat="60.064817" lon="24.40627"><ele>31</ele></trkpt>
      <trkpt lat="60.06481" lon="24.40636"><ele>30.8</ele></trkpt>
      <trkpt lat="60.06481" lon="24.406467"><ele>30.6</ele></trkpt>
      <trkpt lat="60.064812" lon="24.406592"><ele>30.4</ele></trkpt>
      <trkpt lat="60.064822" lon="24.406717"><ele>30</ele></trkpt>
      <trkpt lat="60.06483" lon="24.406842"><ele>29.6</ele></trkpt>
      <trkpt lat="60.064845" lon="24.406972"><ele>29.2</ele></trkpt>
      <trkpt lat="60.064867" lon="24.40709"><ele>29.2</ele></trkpt>
      <trkpt lat="60.064892" lon="24.407197"><ele>29.2</ele></trkpt>
      <trkpt lat="60.064917" lon="24.407302"><ele>29.2</ele></trkpt>
      <trkpt lat="60.064947" lon="24.407407"><ele>29.2</ele></trkpt>
      <trkpt lat="60.064977" lon="24.407517"><ele>29.4</ele></trkpt>
      <trkpt lat="60.06502" lon="24.40763"><ele>29.4</ele></trkpt>
      <trkpt lat="60.065072" lon="24.407727"><ele>29</ele></trkpt>
      <trkpt lat="60.065137" lon="24.407822"><ele>28.8</ele></trkpt>
      <trkpt lat="60.065202" lon="24.407915"><ele>28.4</ele></trkpt>
      <trkpt lat="60.065267" lon="24.408015"><ele>28.2</ele></trkpt>
      <trkpt lat="60.06533" lon="24.408125"><ele>28</ele></trkpt>
      <trkpt lat="60.06539" lon="24.408235"><ele>27.8</ele></trkpt>
      <trkpt lat="60.065437" lon="24.408367"><ele>27.6</ele></trkpt>
      <trkpt lat="60.065475" lon="24.408497"><ele>27.4</ele></trkpt>
      <trkpt lat="60.065497" lon="24.408632"><ele>27.4</ele></trkpt>
      <trkpt lat="60.06552" lon="24.408767"><ele>27.2</ele></trkpt>
      <trkpt lat="60.06555" lon="24.408892"><ele>27</ele></trkpt>
      <trkpt lat="60.065587" lon="24.408992"><ele>27</ele></trkpt>
      <trkpt lat="60.065637" lon="24.409072"><ele>27</ele></trkpt>
      <trkpt lat="60.065692" lon="24.409137"><ele>27</ele></trkpt>
      <trkpt lat="60.065747" lon="24.409192"><ele>27</ele></trkpt>
      <trkpt lat="60.06579" lon="24.409252"><ele>27</ele></trkpt>
      <trkpt lat="60.065837" lon="24.409332"><ele>27</ele></trkpt>
      <trkpt lat="60.065882" lon="24.409417"><ele>27.2</ele></trkpt>
      <trkpt lat="60.065927" lon="24.409512"><ele>27.4</ele></trkpt>
      <trkpt lat="60.065977" lon="24.409607"><ele>27.6</ele></trkpt>
      <trkpt lat="60.066027" lon="24.409692"><ele>27.8</ele></trkpt>
      <trkpt lat="60.06608" lon="24.40976"><ele>27.8</ele></trkpt>
      <trkpt lat="60.066137" lon="24.409817"><ele>27.6</ele></trkpt>
      <trkpt lat="60.066192" lon="24.409877"><ele>27.6</ele></trkpt>
      <trkpt lat="60.066252" lon="24.409945"><ele>27.6</ele></trkpt>
      <trkpt lat="60.066312" lon="24.410012"><ele>27.6</ele></trkpt>
      <trkpt lat="60.06638" lon="24.410082"><ele>27.6</ele></trkpt>
      <trkpt lat="60.066452" lon="24.410165"><ele>27.4</ele></trkpt>
      <trkpt lat="60.066522" lon="24.410255"><ele>26.8</ele></trkpt>
      <trkpt lat="60.066585" lon="24.410372"><ele>26.4</ele></trkpt>
      <trkpt lat="60.066647" lon="24.410498"><ele>26</ele></trkpt>
      <trkpt lat="60.066712" lon="24.410632"><ele>25.6</ele></trkpt>
      <trkpt lat="60.06678" lon="24.410762"><ele>25.4</ele></trkpt>
      <trkpt lat="60.066847" lon="24.410885"><ele>25</ele></trkpt>
      <trkpt lat="60.066912" lon="24.411002"><ele>24.6</ele></trkpt>
      <trkpt lat="60.066972" lon="24.411115"><ele>24.4</ele></trkpt>
      <trkpt lat="60.067027" lon="24.411207"><ele>24.2</ele></trkpt>
      <trkpt lat="60.06708" lon="24.411282"><ele>24.2</ele></trkpt>
      <trkpt lat="60.067132" lon="24.411337"><ele>24.2</ele></trkpt>
      <trkpt lat="60.067182" lon="24.411387"><ele>24.2</ele></trkpt>
      <trkpt lat="60.067232" lon="24.411422"><ele>24.6</ele></trkpt>
      <trkpt lat="60.067272" lon="24.411457"><ele>24.8</ele></trkpt>
      <trkpt lat="60.067297" lon="24.411497"><ele>25</ele></trkpt>
      <trkpt lat="60.067337" lon="24.411537"><ele>25.4</ele></trkpt>
      <trkpt lat="60.067377" lon="24.411577"><ele>25.6</ele></trkpt>
      <trkpt lat="60.067417" lon="24.411625"><ele>25.8</ele></trkpt>
      <trkpt lat="60.067465" lon="24.411677"><ele>26.2</ele></trkpt>
      <trkpt lat="60.067512" lon="24.411732"><ele>26.4</ele></trkpt>
      <trkpt lat="60.067562" lon="24.411787"><ele>26.4</ele></trkpt>
      <trkpt lat="60.06761" lon="24.411842"><ele>26.4</ele></trkpt>
      <trkpt lat="60.067657" lon="24.411895"><ele>26.4</ele></trkpt>
      <trkpt lat="60.067707" lon="24.411942"><ele>26.2</ele></trkpt>
      <trkpt lat="60.067752" lon="24.411992"><ele>26.2</ele></trkpt>
      <trkpt lat="60.067793" lon="24.412047"><ele>26</ele></trkpt>
      <trkpt lat="60.06783" lon="24.412107"><ele>25.8</ele></trkpt>
      <trkpt lat="60.067862" lon="24.412172"><ele>25.8</ele></trkpt>
      <trkpt lat="60.067885" lon="24.412232"><ele>26</ele></trkpt>
      <trkpt lat="60.06791" lon="24.412297"><ele>26.2</ele></trkpt>
      <trkpt lat="60.067933" lon="24.41237"><ele>26.2</ele></trkpt>
      <trkpt lat="60.06796" lon="24.412442"><ele>26.4</ele></trkpt>
      <trkpt lat="60.067987" lon="24.412515"><ele>26.6</ele></trkpt>
      <trkpt lat="60.068022" lon="24.412582"><ele>26.6</ele></trkpt>
      <trkpt lat="60.068057" lon="24.412635"><ele>26.8</ele></trkpt>
      <trkpt lat="60.068095" lon="24.41268"><ele>26.8</ele></trkpt>
      <trkpt lat="60.068132" lon="24.41272"><ele>26.8</ele></trkpt>
      <trkpt lat="60.068172" lon="24.412752"><ele>26.8</ele></trkpt>
      <trkpt lat="60.068205" lon="24.412782"><ele>27</ele></trkpt>
      <trkpt lat="60.06824" lon="24.412817"><ele>27.2</ele></trkpt>
      <trkpt lat="60.06827" lon="24.412852"><ele>27.4</ele></trkpt>
      <trkpt lat="60.068307" lon="24.412892"><ele>27.6</ele></trkpt>
      <trkpt lat="60.068342" lon="24.41294"><ele>27.8</ele></trkpt>
      <trkpt lat="60.06838" lon="24.412992"><ele>27.8</ele></trkpt>
      <trkpt lat="60.068417" lon="24.41305"><ele>28</ele></trkpt>
      <trkpt lat="60.068452" lon="24.413112"><ele>28</ele></trkpt>
      <trkpt lat="60.068485" lon="24.41318"><ele>28</ele></trkpt>
      <trkpt lat="60.068517" lon="24.413247"><ele>28</ele></trkpt>
      <trkpt lat="60.068552" lon="24.413312"><ele>28</ele></trkpt>
      <trkpt lat="60.068582" lon="24.41338"><ele>28</ele></trkpt>
      <trkpt lat="60.068615" lon="24.413452"><ele>28</ele></trkpt>
      <trkpt lat="60.068645" lon="24.413522"><ele>28</ele></trkpt>
      <trkpt lat="60.068672" lon="24.413592"><ele>28</ele></trkpt>
      <trkpt lat="60.068707" lon="24.413662"><ele>28</ele></trkpt>
      <trkpt lat="60.06874" lon="24.413725"><ele>28.2</ele></trkpt>
      <trkpt lat="60.068778" lon="24.413787"><ele>28.2</ele></trkpt>
      <trkpt lat="60.068817" lon="24.413852"><ele>28.4</ele></trkpt>
      <trkpt lat="60.068855" lon="24.413915"><ele>28.4</ele></trkpt>
      <trkpt lat="60.068895" lon="24.413977"><ele>28.4</ele></trkpt>
      <trkpt lat="60.068935" lon="24.414037"><ele>28.4</ele></trkpt>
      <trkpt lat="60.068977" lon="24.414092"><ele>28.4</ele></trkpt>
      <trkpt lat="60.069022" lon="24.414147"><ele>28.6</ele></trkpt>
      <trkpt lat="60.069062" lon="24.414197"><ele>28.6</ele></trkpt>
      <trkpt lat="60.069102" lon="24.414232"><ele>28.6</ele></trkpt>
      <trkpt lat="60.069137" lon="24.414267"><ele>28.6</ele></trkpt>
      <trkpt lat="60.069175" lon="24.414305"><ele>28.6</ele></trkpt>
      <trkpt lat="60.06921" lon="24.414342"><ele>28.8</ele></trkpt>
      <trkpt lat="60.069245" lon="24.414387"><ele>28.8</ele></trkpt>
      <trkpt lat="60.069285" lon="24.414432"><ele>28.8</ele></trkpt>
      <trkpt lat="60.069327" lon="24.414477"><ele>29</ele></trkpt>
      <trkpt lat="60.069372" lon="24.414522"><ele>29.2</ele></trkpt>
      <trkpt lat="60.069425" lon="24.41456"><ele>29.2</ele></trkpt>
      <trkpt lat="60.06948" lon="24.414602"><ele>29</ele></trkpt>
      <trkpt lat="60.069537" lon="24.41465"><ele>29</ele></trkpt>
      <trkpt lat="60.069592" lon="24.414707"><ele>28.8</ele></trkpt>
      <trkpt lat="60.069652" lon="24.414765"><ele>28.4</ele></trkpt>
      <trkpt lat="60.069717" lon="24.414812"><ele>28.2</ele></trkpt>
      <trkpt lat="60.069782" lon="24.414857"><ele>28</ele></trkpt>
      <trkpt lat="60.06985" lon="24.414912"><ele>27.6</ele></trkpt>
      <trkpt lat="60.069917" lon="24.41496"><ele>27</ele></trkpt>
      <trkpt lat="60.069985" lon="24.415012"><ele>26.6</ele></trkpt>
      <trkpt lat="60.070057" lon="24.415062"><ele>26</ele></trkpt>
      <trkpt lat="60.070127" lon="24.41512"><ele>25.6</ele></trkpt>
      <trkpt lat="60.070195" lon="24.415172"><ele>25</ele></trkpt>
      <trkpt lat="60.070255" lon="24.415232"><ele>24.6</ele></trkpt>
      <trkpt lat="60.070317" lon="24.415287"><ele>24.4</ele></trkpt>
      <trkpt lat="60.07038" lon="24.415342"><ele>24</ele></trkpt>
      <trkpt lat="60.070437" lon="24.415395"><ele>24</ele></trkpt>
      <trkpt lat="60.070492" lon="24.415447"><ele>23.8</ele></trkpt>
      <trkpt lat="60.070545" lon="24.415502"><ele>23.8</ele></trkpt>
      <trkpt lat="60.070592" lon="24.415555"><ele>23.8</ele></trkpt>
      <trkpt lat="60.070637" lon="24.41562"><ele>24</ele></trkpt>
      <trkpt lat="60.07068" lon="24.415675"><ele>24.2</ele></trkpt>
      <trkpt lat="60.070725" lon="24.415727"><ele>24.4</ele></trkpt>
      <trkpt lat="60.070772" lon="24.415775"><ele>24.6</ele></trkpt>
      <trkpt lat="60.070817" lon="24.415825"><ele>24.8</ele></trkpt>
      <trkpt lat="60.07086" lon="24.415877"><ele>25</ele></trkpt>
      <trkpt lat="60.070902" lon="24.415932"><ele>25</ele></trkpt>
      <trkpt lat="60.070935" lon="24.415997"><ele>25.2</ele></trkpt>
      <trkpt lat="60.070967" lon="24.416065"><ele>25.4</ele></trkpt>
      <trkpt lat="60.070995" lon="24.416137"><ele>25.6</ele></trkpt>
      <trkpt lat="60.071027" lon="24.416207"><ele>25.8</ele></trkpt>
      <trkpt lat="60.071057" lon="24.416277"><ele>25.8</ele></trkpt>
      <trkpt lat="60.071087" lon="24.416352"><ele>26</ele></trkpt>
      <trkpt lat="60.071122" lon="24.416422"><ele>26.2</ele></trkpt>
      <trkpt lat="60.071152" lon="24.416495"><ele>26.4</ele></trkpt>
      <trkpt lat="60.071182" lon="24.416572"><ele>26.4</ele></trkpt>
      <trkpt lat="60.071217" lon="24.416652"><ele>26.4</ele></trkpt>
      <trkpt lat="60.071247" lon="24.41674"><ele>26.6</ele></trkpt>
      <trkpt lat="60.071277" lon="24.416837"><ele>26.6</ele></trkpt>
      <trkpt lat="60.071307" lon="24.416932"><ele>26.8</ele></trkpt>
      <trkpt lat="60.071342" lon="24.417025"><ele>27</ele></trkpt>
      <trkpt lat="60.071372" lon="24.417122"><ele>27</ele></trkpt>
      <trkpt lat="60.071407" lon="24.41722"><ele>27.2</ele></trkpt>
      <trkpt lat="60.071437" lon="24.417317"><ele>27.2</ele></trkpt>
      <trkpt lat="60.07147" lon="24.417422"><ele>27.2</ele></trkpt>
      <trkpt lat="60.071502" lon="24.417527"><ele>27.2</ele></trkpt>
      <trkpt lat="60.071532" lon="24.417622"><ele>27.4</ele></trkpt>
      <trkpt lat="60.071562" lon="24.41771"><ele>27.4</ele></trkpt>
      <trkpt lat="60.071595" lon="24.4178"><ele>27.4</ele></trkpt>
      <trkpt lat="60.071627" lon="24.417882"><ele>27.6</ele></trkpt>
      <trkpt lat="60.071657" lon="24.417957"><ele>27.8</ele></trkpt>
      <trkpt lat="60.071687" lon="24.418035"><ele>27.8</ele></trkpt>
      <trkpt lat="60.071717" lon="24.418117"><ele>28</ele></trkpt>
      <trkpt lat="60.071745" lon="24.418202"><ele>28.2</ele></trkpt>
      <trkpt lat="60.071775" lon="24.41828"><ele>28.4</ele></trkpt>
      <trkpt lat="60.0718" lon="24.418347"><ele>28.4</ele></trkpt>
      <trkpt lat="60.071822" lon="24.418412"><ele>28.2</ele></trkpt>
      <trkpt lat="60.071837" lon="24.418462"><ele>28.2</ele></trkpt>
      <trkpt lat="60.071852" lon="24.418505"><ele>28.2</ele></trkpt>
      <trkpt lat="60.071867" lon="24.41855"><ele>28.2</ele></trkpt>
      <trkpt lat="60.071882" lon="24.4186"><ele>28.4</ele></trkpt>
      <trkpt lat="60.071892" lon="24.418652"><ele>28.6</ele></trkpt>
      <trkpt lat="60.071897" lon="24.418697"><ele>28.8</ele></trkpt>
      <trkpt lat="60.071905" lon="24.418742"><ele>29</ele></trkpt>
      <trkpt lat="60.071912" lon="24.418785"><ele>29.2</ele></trkpt>
      <trkpt lat="60.071922" lon="24.418822"><ele>29.4</ele></trkpt>
      <trkpt lat="60.071942" lon="24.418857"><ele>29.6</ele></trkpt>
      <trkpt lat="60.071962" lon="24.418887"><ele>30</ele></trkpt>
      <trkpt lat="60.07198" lon="24.418927"><ele>30.2</ele></trkpt>
      <trkpt lat="60.071997" lon="24.418948"><ele>30.4</ele></trkpt>
      <trkpt lat="60.072017" lon="24.418942"><ele>30.6</ele></trkpt>
      <trkpt lat="60.072032" lon="24.41892"><ele>30.6</ele></trkpt>
      <trkpt lat="60.072012" lon="24.418862"><ele>30.8</ele></trkpt>
      <trkpt lat="60.071992" lon="24.418847"><ele>30.8</ele></trkpt>
      <trkpt lat="60.071967" lon="24.41882"><ele>31</ele></trkpt>
      <trkpt lat="60.071942" lon="24.418777"><ele>31.2</ele></trkpt>
      <trkpt lat="60.071917" lon="24.41872"><ele>31.4</ele></trkpt>
      <trkpt lat="60.071895" lon="24.418637"><ele>31.4</ele></trkpt>
      <trkpt lat="60.071872" lon="24.418547"><ele>31.2</ele></trkpt>
      <trkpt lat="60.071855" lon="24.418452"><ele>31</ele></trkpt>
      <trkpt lat="60.071835" lon="24.418357"><ele>30.8</ele></trkpt>
      <trkpt lat="60.071803" lon="24.418255"><ele>30.2</ele></trkpt>
      <trkpt lat="60.07177" lon="24.418162"><ele>30</ele></trkpt>
      <trkpt lat="60.071733" lon="24.418067"><ele>29.6</ele></trkpt>
      <trkpt lat="60.071702" lon="24.417987"><ele>29.2</ele></trkpt>
      <trkpt lat="60.071677" lon="24.417905"><ele>29</ele></trkpt>
      <trkpt lat="60.071665" lon="24.417812"><ele>28.8</ele></trkpt>
      <trkpt lat="60.071675" lon="24.417727"><ele>28.6</ele></trkpt>
      <trkpt lat="60.071685" lon="24.417667"><ele>28.6</ele></trkpt>
      <trkpt lat="60.071692" lon="24.417622"><ele>28.6</ele></trkpt>
      <trkpt lat="60.071702" lon="24.417582"><ele>28.6</ele></trkpt>
      <trkpt lat="60.071712" lon="24.417537"><ele>28.6</ele></trkpt>
      <trkpt lat="60.07172" lon="24.417492"><ele>28.8</ele></trkpt>
      <trkpt lat="60.071717" lon="24.417442"><ele>29</ele></trkpt>
      <trkpt lat="60.071707" lon="24.417377"><ele>29</ele></trkpt>
      <trkpt lat="60.071702" lon="24.417312"><ele>29.4</ele></trkpt>
      <trkpt lat="60.071697" lon="24.417252"><ele>29.6</ele></trkpt>
      <trkpt lat="60.071692" lon="24.417202"><ele>29.6</ele></trkpt>
      <trkpt lat="60.071685" lon="24.417157"><ele>29.4</ele></trkpt>
      <trkpt lat="60.071682" lon="24.417117"><ele>29.4</ele></trkpt>
      <trkpt lat="60.071682" lon="24.417062"><ele>29.4</ele></trkpt>
      <trkpt lat="60.071687" lon="24.41702"><ele>29.8</ele></trkpt>
      <trkpt lat="60.071702" lon="24.416997"><ele>30.4</ele></trkpt>
      <trkpt lat="60.071722" lon="24.416972"><ele>31</ele></trkpt>
      <trkpt lat="60.071737" lon="24.416942"><ele>31.4</ele></trkpt>
      <trkpt lat="60.071752" lon="24.41692"><ele>31.8</ele></trkpt>
      <trkpt lat="60.071762" lon="24.416882"><ele>32.2</ele></trkpt>
      <trkpt lat="60.071762" lon="24.416835"><ele>33</ele></trkpt>
      <trkpt lat="60.071762" lon="24.416797"><ele>33</ele></trkpt>
      <trkpt lat="60.071762" lon="24.416757"><ele>33</ele></trkpt>
      <trkpt lat="60.071752" lon="24.416717"><ele>33</ele></trkpt>
      <trkpt lat="60.071747" lon="24.416672"><ele>33</ele></trkpt>
      <trkpt lat="60.071733" lon="24.416607"><ele>32.8</ele></trkpt>
      <trkpt lat="60.071722" lon="24.416532"><ele>32.6</ele></trkpt>
      <trkpt lat="60.07172" lon="24.416482"><ele>32.4</ele></trkpt>
      <trkpt lat="60.071717" lon="24.41643"><ele>32.4</ele></trkpt>
      <trkpt lat="60.071717" lon="24.41638"><ele>32.4</ele></trkpt>
      <trkpt lat="60.071712" lon="24.416337"><ele>32.4</ele></trkpt>
      <trkpt lat="60.071707" lon="24.416287"><ele>32.4</ele></trkpt>
      <trkpt lat="60.071707" lon="24.416232"><ele>32.4</ele></trkpt>
      <trkpt lat="60.071707" lon="24.416177"><ele>32.4</ele></trkpt>
      <trkpt lat="60.07171" lon="24.416117"><ele>32.6</ele></trkpt>
      <trkpt lat="60.071707" lon="24.416057"><ele>32.8</ele></trkpt>
      <trkpt lat="60.071705" lon="24.415993"><ele>33</ele></trkpt>
      <trkpt lat="60.071697" lon="24.415942"><ele>33</ele></trkpt>
      <trkpt lat="60.07169" lon="24.415892"><ele>33</ele></trkpt>
      <trkpt lat="60.071687" lon="24.415842"><ele>33</ele></trkpt>
      <trkpt lat="60.071682" lon="24.415803"><ele>33</ele></trkpt>
      <trkpt lat="60.071682" lon="24.415755"><ele>33</ele></trkpt>
      <trkpt lat="60.071685" lon="24.415697"><ele>32.8</ele></trkpt>
      <trkpt lat="60.071685" lon="24.415647"><ele>32.8</ele></trkpt>
      <trkpt lat="60.071677" lon="24.415597"><ele>33</ele></trkpt>
      <trkpt lat="60.071677" lon="24.415537"><ele>33</ele></trkpt>
      <trkpt lat="60.071682" lon="24.415467"><ele>33</ele></trkpt>
      <trkpt lat="60.071692" lon="24.4154"><ele>33.2</ele></trkpt>
      <trkpt lat="60.071692" lon="24.415337"><ele>33.2</ele></trkpt>
      <trkpt lat="60.07169" lon="24.415285"><ele>33.2</ele></trkpt>
      <trkpt lat="60.071692" lon="24.415232"><ele>33.2</ele></trkpt>
      <trkpt lat="60.071695" lon="24.415182"><ele>33</ele></trkpt>
      <trkpt lat="60.071692" lon="24.415102"><ele>33</ele></trkpt>
      <trkpt lat="60.071692" lon="24.41502"><ele>32.8</ele></trkpt>
      <trkpt lat="60.071702" lon="24.414957"><ele>32.8</ele></trkpt>
      <trkpt lat="60.071707" lon="24.414902"><ele>32.6</ele></trkpt>
      <trkpt lat="60.071717" lon="24.414845"><ele>32.4</ele></trkpt>
      <trkpt lat="60.071717" lon="24.414797"><ele>32.4</ele></trkpt>
      <trkpt lat="60.071722" lon="24.414735"><ele>32.4</ele></trkpt>
      <trkpt lat="60.071722" lon="24.414675"><ele>32.4</ele></trkpt>
      <trkpt lat="60.071727" lon="24.414627"><ele>32.6</ele></trkpt>
      <trkpt lat="60.071737" lon="24.414587"><ele>32.8</ele></trkpt>
      <trkpt lat="60.071747" lon="24.414537"><ele>32.8</ele></trkpt>
      <trkpt lat="60.071747" lon="24.414477"><ele>33</ele></trkpt>
      <trkpt lat="60.07175" lon="24.414422"><ele>33</ele></trkpt>
      <trkpt lat="60.07176" lon="24.414372"><ele>32.8</ele></trkpt>
      <trkpt lat="60.071767" lon="24.414337"><ele>32.8</ele></trkpt>
      <trkpt lat="60.071772" lon="24.414257"><ele>32.8</ele></trkpt>
      <trkpt lat="60.071775" lon="24.41422"><ele>32.8</ele></trkpt>
      <trkpt lat="60.071782" lon="24.414182"><ele>32.8</ele></trkpt>
      <trkpt lat="60.071792" lon="24.414147"><ele>32.8</ele></trkpt>
      <trkpt lat="60.071802" lon="24.414095"><ele>32.8</ele></trkpt>
      <trkpt lat="60.071812" lon="24.414052"><ele>32.8</ele></trkpt>
      <trkpt lat="60.07182" lon="24.414017"><ele>33.2</ele></trkpt>
      <trkpt lat="60.07184" lon="24.413982"><ele>34</ele></trkpt>
      <trkpt lat="60.071867" lon="24.413977"><ele>34.2</ele></trkpt>
      <trkpt lat="60.0719" lon="24.413988"><ele>34.4</ele></trkpt>
      <trkpt lat="60.07192" lon="24.413977"><ele>33.8</ele></trkpt>
      <trkpt lat="60.071892" lon="24.413982"><ele>33.2</ele></trkpt>
      <trkpt lat="60.071862" lon="24.413972"><ele>33</ele></trkpt>
      <trkpt lat="60.071842" lon="24.41397"><ele>33</ele></trkpt>
      <trkpt lat="60.071817" lon="24.413952"><ele>33</ele></trkpt>
      <trkpt lat="60.0718" lon="24.413932"><ele>33.2</ele></trkpt>
      <trkpt lat="60.071777" lon="24.413905"><ele>33.2</ele></trkpt>
      <trkpt lat="60.071757" lon="24.413892"><ele>33.6</ele></trkpt>
      <trkpt lat="60.071727" lon="24.41388"><ele>34.2</ele></trkpt>
      <trkpt lat="60.071707" lon="24.413875"><ele>34.8</ele></trkpt>
      <trkpt lat="60.071677" lon="24.41389"><ele>35.8</ele></trkpt>
      <trkpt lat="60.071647" lon="24.413917"><ele>36.6</ele></trkpt>
      <trkpt lat="60.071627" lon="24.413915"><ele>37</ele></trkpt>
      <trkpt lat="60.071607" lon="24.41391"><ele>37.4</ele></trkpt>
      <trkpt lat="60.071572" lon="24.413907"><ele>38</ele></trkpt>
      <trkpt lat="60.07155" lon="24.413902"><ele>38.2</ele></trkpt>
      <trkpt lat="60.07153" lon="24.413907"><ele>38.4</ele></trkpt>
      <trkpt lat="60.071512" lon="24.41392"><ele>38.6</ele></trkpt>
      <trkpt lat="60.071492" lon="24.413932"><ele>38.6</ele></trkpt>
      <trkpt lat="60.07147" lon="24.413937"><ele>38.8</ele></trkpt>
      <trkpt lat="60.071445" lon="24.413927"><ele>39</ele></trkpt>
      <trkpt lat="60.071422" lon="24.41391"><ele>39</ele></trkpt>
      <trkpt lat="60.0714" lon="24.413892"><ele>39.4</ele></trkpt>
      <trkpt lat="60.071382" lon="24.41387"><ele>39.6</ele></trkpt>
      <trkpt lat="60.071365" lon="24.413847"><ele>39.8</ele></trkpt>
      <trkpt lat="60.071347" lon="24.413827"><ele>40</ele></trkpt>
      <trkpt lat="60.07133" lon="24.413802"><ele>40.2</ele></trkpt>
      <trkpt lat="60.071312" lon="24.413777"><ele>40.6</ele></trkpt>
      <trkpt lat="60.071292" lon="24.413757"><ele>40.8</ele></trkpt>
      <trkpt lat="60.071275" lon="24.413737"><ele>41</ele></trkpt>
      <trkpt lat="60.071255" lon="24.41372"><ele>41.2</ele></trkpt>
      <trkpt lat="60.071235" lon="24.413702"><ele>41.4</ele></trkpt>
      <trkpt lat="60.071217" lon="24.413685"><ele>41.6</ele></trkpt>
      <trkpt lat="60.071195" lon="24.413662"><ele>41.8</ele></trkpt>
      <trkpt lat="60.071175" lon="24.413642"><ele>42</ele></trkpt>
      <trkpt lat="60.071152" lon="24.413612"><ele>42.2</ele></trkpt>
      <trkpt lat="60.071127" lon="24.413585"><ele>42.2</ele></trkpt>
      <trkpt lat="60.071102" lon="24.413552"><ele>42.4</ele></trkpt>
      <trkpt lat="60.071075" lon="24.413512"><ele>42.6</ele></trkpt>
      <trkpt lat="60.07105" lon="24.413462"><ele>42.8</ele></trkpt>
      <trkpt lat="60.07103" lon="24.413417"><ele>42.8</ele></trkpt>
      <trkpt lat="60.07101" lon="24.41337"><ele>42.8</ele></trkpt>
      <trkpt lat="60.070995" lon="24.413332"><ele>42.6</ele></trkpt>
      <trkpt lat="60.070977" lon="24.413302"><ele>42.6</ele></trkpt>
      <trkpt lat="60.07095" lon="24.413287"><ele>42.6</ele></trkpt>
      <trkpt lat="60.070912" lon="24.41326"><ele>42.8</ele></trkpt>
      <trkpt lat="60.07088" lon="24.413227"><ele>42.8</ele></trkpt>
      <trkpt lat="60.070852" lon="24.413197"><ele>43</ele></trkpt>
      <trkpt lat="60.070822" lon="24.413165"><ele>42.8</ele></trkpt>
      <trkpt lat="60.07079" lon="24.413127"><ele>42.8</ele></trkpt>
      <trkpt lat="60.07076" lon="24.413092"><ele>42.8</ele></trkpt>
      <trkpt lat="60.07072" lon="24.413057"><ele>42.8</ele></trkpt>
      <trkpt lat="60.070677" lon="24.413012"><ele>42.8</ele></trkpt>
      <trkpt lat="60.070637" lon="24.412972"><ele>42.8</ele></trkpt>
      <trkpt lat="60.07059" lon="24.41293"><ele>42.8</ele></trkpt>
      <trkpt lat="60.070562" lon="24.412867"><ele>42.8</ele></trkpt>
      <trkpt lat="60.07055" lon="24.412812"><ele>42.8</ele></trkpt>
      <trkpt lat="60.07053" lon="24.412767"><ele>42.6</ele></trkpt>
      <trkpt lat="60.07051" lon="24.41272"><ele>42.6</ele></trkpt>
      <trkpt lat="60.070495" lon="24.412675"><ele>42.8</ele></trkpt>
      <trkpt lat="60.070487" lon="24.412632"><ele>43</ele></trkpt>
      <trkpt lat="60.070482" lon="24.412592"><ele>43.2</ele></trkpt>
      <trkpt lat="60.070495" lon="24.412622"><ele>44</ele></trkpt>
      <trkpt lat="60.070507" lon="24.412697"><ele>44.2</ele></trkpt>
      <trkpt lat="60.070522" lon="24.412737"><ele>44.2</ele></trkpt>
      <trkpt lat="60.070545" lon="24.412785"><ele>44.2</ele></trkpt>
      <trkpt lat="60.07057" lon="24.412848"><ele>44</ele></trkpt>
      <trkpt lat="60.0706" lon="24.412922"><ele>44</ele></trkpt>
      <trkpt lat="60.070647" lon="24.412962"><ele>43.8</ele></trkpt>
      <trkpt lat="60.07069" lon="24.41301"><ele>43.8</ele></trkpt>
      <trkpt lat="60.070737" lon="24.413057"><ele>43.6</ele></trkpt>
      <trkpt lat="60.070787" lon="24.413107"><ele>43.2</ele></trkpt>
      <trkpt lat="60.070837" lon="24.413165"><ele>43.2</ele></trkpt>
      <trkpt lat="60.070887" lon="24.413222"><ele>43.2</ele></trkpt>
      <trkpt lat="60.070937" lon="24.41327"><ele>43.2</ele></trkpt>
      <trkpt lat="60.070985" lon="24.413297"><ele>43</ele></trkpt>
      <trkpt lat="60.071022" lon="24.413352"><ele>43</ele></trkpt>
      <trkpt lat="60.071052" lon="24.413425"><ele>43</ele></trkpt>
      <trkpt lat="60.071087" lon="24.413502"><ele>42.8</ele></trkpt>
      <trkpt lat="60.071135" lon="24.413567"><ele>42.8</ele></trkpt>
      <trkpt lat="60.071185" lon="24.413627"><ele>42.8</ele></trkpt>
      <trkpt lat="60.071237" lon="24.413682"><ele>42.8</ele></trkpt>
      <trkpt lat="60.071297" lon="24.413745"><ele>42.8</ele></trkpt>
      <trkpt lat="60.07136" lon="24.413822"><ele>43</ele></trkpt>
      <trkpt lat="60.071422" lon="24.413897"><ele>42.8</ele></trkpt>
      <trkpt lat="60.071477" lon="24.413932"><ele>42.6</ele></trkpt>
      <trkpt lat="60.071527" lon="24.413922"><ele>42.2</ele></trkpt>
      <trkpt lat="60.071582" lon="24.41392"><ele>41.6</ele></trkpt>
      <trkpt lat="60.071627" lon="24.413922"><ele>41</ele></trkpt>
      <trkpt lat="60.07166" lon="24.413907"><ele>40.6</ele></trkpt>
      <trkpt lat="60.071692" lon="24.41388"><ele>40.2</ele></trkpt>
      <trkpt lat="60.07173" lon="24.413877"><ele>39.8</ele></trkpt>
      <trkpt lat="60.071772" lon="24.413912"><ele>39.6</ele></trkpt>
      <trkpt lat="60.07181" lon="24.413957"><ele>39.2</ele></trkpt>
      <trkpt lat="60.071842" lon="24.413965"><ele>38.6</ele></trkpt>
      <trkpt lat="60.07186" lon="24.413945"><ele>37.8</ele></trkpt>
      <trkpt lat="60.071867" lon="24.413897"><ele>37.2</ele></trkpt>
      <trkpt lat="60.071867" lon="24.413852"><ele>36.4</ele></trkpt>
      <trkpt lat="60.071867" lon="24.413798"><ele>35.6</ele></trkpt>
      <trkpt lat="60.07187" lon="24.413747"><ele>34.8</ele></trkpt>
      <trkpt lat="60.071875" lon="24.413677"><ele>33.6</ele></trkpt>
      <trkpt lat="60.071882" lon="24.413625"><ele>33.2</ele></trkpt>
      <trkpt lat="60.071882" lon="24.413582"><ele>32.8</ele></trkpt>
      <trkpt lat="60.071857" lon="24.413527"><ele>32.6</ele></trkpt>
      <trkpt lat="60.071845" lon="24.413502"><ele>32.4</ele></trkpt>
      <trkpt lat="60.071827" lon="24.413475"><ele>32.4</ele></trkpt>
      <trkpt lat="60.071815" lon="24.413427"><ele>32.4</ele></trkpt>
      <trkpt lat="60.071802" lon="24.413382"><ele>32.6</ele></trkpt>
      <trkpt lat="60.071785" lon="24.413332"><ele>32.6</ele></trkpt>
      <trkpt lat="60.071762" lon="24.413285"><ele>32.6</ele></trkpt>
      <trkpt lat="60.071742" lon="24.413232"><ele>32.8</ele></trkpt>
      <trkpt lat="60.071715" lon="24.413187"><ele>32.8</ele></trkpt>
      <trkpt lat="60.071682" lon="24.413142"><ele>32.8</ele></trkpt>
      <trkpt lat="60.071652" lon="24.41309"><ele>32.8</ele></trkpt>
      <trkpt lat="60.07162" lon="24.41305"><ele>32.8</ele></trkpt>
      <trkpt lat="60.071595" lon="24.413002"><ele>32.6</ele></trkpt>
      <trkpt lat="60.071572" lon="24.412957"><ele>32.6</ele></trkpt>
      <trkpt lat="60.071552" lon="24.412912"><ele>32.4</ele></trkpt>
      <trkpt lat="60.071532" lon="24.412855"><ele>32.2</ele></trkpt>
      <trkpt lat="60.071507" lon="24.412805"><ele>32.2</ele></trkpt>
      <trkpt lat="60.071485" lon="24.412745"><ele>32</ele></trkpt>
      <trkpt lat="60.071462" lon="24.412687"><ele>32</ele></trkpt>
      <trkpt lat="60.071432" lon="24.412635"><ele>32</ele></trkpt>
      <trkpt lat="60.071402" lon="24.412592"><ele>32</ele></trkpt>
      <trkpt lat="60.071372" lon="24.412547"><ele>32</ele></trkpt>
      <trkpt lat="60.071342" lon="24.412497"><ele>32</ele></trkpt>
      <trkpt lat="60.071312" lon="24.412442"><ele>31.8</ele></trkpt>
      <trkpt lat="60.071275" lon="24.412397"><ele>31.8</ele></trkpt>
      <trkpt lat="60.071245" lon="24.412335"><ele>31.6</ele></trkpt>
      <trkpt lat="60.07122" lon="24.412262"><ele>31.4</ele></trkpt>
      <trkpt lat="60.07119" lon="24.412202"><ele>31</ele></trkpt>
      <trkpt lat="60.071162" lon="24.412137"><ele>30.8</ele></trkpt>
      <trkpt lat="60.071137" lon="24.412087"><ele>30.6</ele></trkpt>
      <trkpt lat="60.071105" lon="24.412037"><ele>30.4</ele></trkpt>
      <trkpt lat="60.071072" lon="24.411987"><ele>30.2</ele></trkpt>
      <trkpt lat="60.071047" lon="24.411942"><ele>30</ele></trkpt>
      <trkpt lat="60.07104" lon="24.411902"><ele>30</ele></trkpt>
      <trkpt lat="60.071062" lon="24.411942"><ele>28.8</ele></trkpt>
      <trkpt lat="60.07108" lon="24.411975"><ele>28.8</ele></trkpt>
      <trkpt lat="60.071092" lon="24.412"><ele>28.6</ele></trkpt>
      <trkpt lat="60.071107" lon="24.412025"><ele>28.8</ele></trkpt>
      <trkpt lat="60.071082" lon="24.411997"><ele>29.4</ele></trkpt>
      <trkpt lat="60.071067" lon="24.411967"><ele>29.4</ele></trkpt>
      <trkpt lat="60.071057" lon="24.411925"><ele>29.4</ele></trkpt>
      <trkpt lat="60.07105" lon="24.411872"><ele>29.4</ele></trkpt>
      <trkpt lat="60.071037" lon="24.411832"><ele>29.2</ele></trkpt>
      <trkpt lat="60.07102" lon="24.411812"><ele>29.2</ele></trkpt>
      <trkpt lat="60.070987" lon="24.411792"><ele>29</ele></trkpt>
      <trkpt lat="60.070967" lon="24.411767"><ele>28.8</ele></trkpt>
      <trkpt lat="60.070947" lon="24.411722"><ele>28.6</ele></trkpt>
      <trkpt lat="60.070932" lon="24.411677"><ele>28.6</ele></trkpt>
      <trkpt lat="60.070912" lon="24.411635"><ele>28.4</ele></trkpt>
      <trkpt lat="60.070892" lon="24.411587"><ele>28.4</ele></trkpt>
      <trkpt lat="60.070867" lon="24.411542"><ele>28.2</ele></trkpt>
      <trkpt lat="60.070837" lon="24.4115"><ele>28</ele></trkpt>
      <trkpt lat="60.070812" lon="24.411437"><ele>28</ele></trkpt>
      <trkpt lat="60.070782" lon="24.411372"><ele>27.8</ele></trkpt>
      <trkpt lat="60.070752" lon="24.411317"><ele>27.8</ele></trkpt>
      <trkpt lat="60.07072" lon="24.411262"><ele>27.6</ele></trkpt>
      <trkpt lat="60.070695" lon="24.411207"><ele>27.6</ele></trkpt>
      <trkpt lat="60.070663" lon="24.41117"><ele>27.4</ele></trkpt>
      <trkpt lat="60.07064" lon="24.41114"><ele>27.4</ele></trkpt>
      <trkpt lat="60.070627" lon="24.4111"><ele>27.4</ele></trkpt>
      <trkpt lat="60.070615" lon="24.411062"><ele>27</ele></trkpt>
      <trkpt lat="60.070587" lon="24.411027"><ele>26.8</ele></trkpt>
      <trkpt lat="60.070567" lon="24.410987"><ele>26.8</ele></trkpt>
      <trkpt lat="60.070547" lon="24.41094"><ele>26.6</ele></trkpt>
      <trkpt lat="60.070522" lon="24.410892"><ele>26.4</ele></trkpt>
      <trkpt lat="60.070497" lon="24.410843"><ele>26.2</ele></trkpt>
      <trkpt lat="60.070472" lon="24.410807"><ele>26</ele></trkpt>
      <trkpt lat="60.070447" lon="24.410777"><ele>25.8</ele></trkpt>
      <trkpt lat="60.070422" lon="24.410737"><ele>25.4</ele></trkpt>
      <trkpt lat="60.070407" lon="24.410687"><ele>25.2</ele></trkpt>
      <trkpt lat="60.070405" lon="24.410637"><ele>25</ele></trkpt>
      <trkpt lat="60.070407" lon="24.410562"><ele>24.8</ele></trkpt>
      <trkpt lat="60.070412" lon="24.410522"><ele>24.8</ele></trkpt>
      <trkpt lat="60.070402" lon="24.410477"><ele>24.8</ele></trkpt>
      <trkpt lat="60.070402" lon="24.410427"><ele>25</ele></trkpt>
      <trkpt lat="60.070415" lon="24.41039"><ele>25</ele></trkpt>
      <trkpt lat="60.070422" lon="24.410352"><ele>24.8</ele></trkpt>
      <trkpt lat="60.070422" lon="24.410297"><ele>24.6</ele></trkpt>
      <trkpt lat="60.07042" lon="24.410247"><ele>24.4</ele></trkpt>
      <trkpt lat="60.070435" lon="24.410197"><ele>24.2</ele></trkpt>
      <trkpt lat="60.070447" lon="24.410157"><ele>24</ele></trkpt>
      <trkpt lat="60.070455" lon="24.410122"><ele>23.8</ele></trkpt>
      <trkpt lat="60.070457" lon="24.41006"><ele>23.4</ele></trkpt>
      <trkpt lat="60.070465" lon="24.410002"><ele>23</ele></trkpt>
      <trkpt lat="60.070477" lon="24.409977"><ele>22.8</ele></trkpt>
      <trkpt lat="60.070495" lon="24.40995"><ele>22.4</ele></trkpt>
      <trkpt lat="60.070512" lon="24.409927"><ele>22.4</ele></trkpt>
      <trkpt lat="60.070537" lon="24.409905"><ele>22.4</ele></trkpt>
      <trkpt lat="60.070567" lon="24.409885"><ele>22.6</ele></trkpt>
      <trkpt lat="60.070582" lon="24.409865"><ele>22.6</ele></trkpt>
      <trkpt lat="60.070597" lon="24.409837"><ele>22.4</ele></trkpt>
      <trkpt lat="60.07061" lon="24.409802"><ele>22.4</ele></trkpt>
      <trkpt lat="60.07062" lon="24.40977"><ele>22.4</ele></trkpt>
      <trkpt lat="60.070642" lon="24.409715"><ele>22.6</ele></trkpt>
      <trkpt lat="60.07066" lon="24.40966"><ele>22.8</ele></trkpt>
      <trkpt lat="60.070667" lon="24.409617"><ele>23</ele></trkpt>
      <trkpt lat="60.070675" lon="24.409572"><ele>23.2</ele></trkpt>
      <trkpt lat="60.070685" lon="24.409532"><ele>23.2</ele></trkpt>
      <trkpt lat="60.070687" lon="24.409477"><ele>23.2</ele></trkpt>
      <trkpt lat="60.070692" lon="24.409417"><ele>23.2</ele></trkpt>
      <trkpt lat="60.070692" lon="24.409355"><ele>23.4</ele></trkpt>
      <trkpt lat="60.07069" lon="24.409292"><ele>23.2</ele></trkpt>
      <trkpt lat="60.070692" lon="24.409232"><ele>23</ele></trkpt>
      <trkpt lat="60.070702" lon="24.409192"><ele>22.8</ele></trkpt>
      <trkpt lat="60.07071" lon="24.409122"><ele>22.4</ele></trkpt>
      <trkpt lat="60.070715" lon="24.409077"><ele>22.2</ele></trkpt>
      <trkpt lat="60.07072" lon="24.40904"><ele>21.6</ele></trkpt>
      <trkpt lat="60.070715" lon="24.409087"><ele>21.4</ele></trkpt>
      <trkpt lat="60.07071" lon="24.409127"><ele>21.4</ele></trkpt>
      <trkpt lat="60.070697" lon="24.409185"><ele>22.2</ele></trkpt>
      <trkpt lat="60.07069" lon="24.409237"><ele>22.2</ele></trkpt>
      <trkpt lat="60.070692" lon="24.409287"><ele>22.2</ele></trkpt>
      <trkpt lat="60.070695" lon="24.409352"><ele>22.2</ele></trkpt>
      <trkpt lat="60.070692" lon="24.409415"><ele>22.2</ele></trkpt>
      <trkpt lat="60.070687" lon="24.409477"><ele>22.4</ele></trkpt>
      <trkpt lat="60.070682" lon="24.409532"><ele>22.6</ele></trkpt>
      <trkpt lat="60.070675" lon="24.409597"><ele>22.8</ele></trkpt>
      <trkpt lat="60.070667" lon="24.409632"><ele>23</ele></trkpt>
      <trkpt lat="60.07065" lon="24.40968"><ele>23.4</ele></trkpt>
      <trkpt lat="60.070637" lon="24.40971"><ele>23.4</ele></trkpt>
      <trkpt lat="60.07063" lon="24.409745"><ele>23.6</ele></trkpt>
      <trkpt lat="60.07062" lon="24.409782"><ele>23.8</ele></trkpt>
      <trkpt lat="60.070602" lon="24.409817"><ele>23.8</ele></trkpt>
      <trkpt lat="60.070582" lon="24.409852"><ele>23.8</ele></trkpt>
      <trkpt lat="60.070552" lon="24.409887"><ele>23.6</ele></trkpt>
      <trkpt lat="60.070535" lon="24.409905"><ele>22.8</ele></trkpt>
      <trkpt lat="60.070517" lon="24.409932"><ele>22.6</ele></trkpt>
      <trkpt lat="60.070495" lon="24.409952"><ele>22.6</ele></trkpt>
      <trkpt lat="60.070477" lon="24.409982"><ele>22.4</ele></trkpt>
      <trkpt lat="60.070472" lon="24.410032"><ele>22.4</ele></trkpt>
      <trkpt lat="60.070467" lon="24.410072"><ele>22.4</ele></trkpt>
      <trkpt lat="60.070462" lon="24.410122"><ele>22.4</ele></trkpt>
      <trkpt lat="60.07045" lon="24.410162"><ele>22.4</ele></trkpt>
      <trkpt lat="60.070437" lon="24.410202"><ele>22.4</ele></trkpt>
      <trkpt lat="60.070432" lon="24.410252"><ele>22.6</ele></trkpt>
      <trkpt lat="60.070432" lon="24.41029"><ele>22.8</ele></trkpt>
      <trkpt lat="60.070432" lon="24.410332"><ele>22.8</ele></trkpt>
      <trkpt lat="60.07043" lon="24.410372"><ele>23</ele></trkpt>
      <trkpt lat="60.070417" lon="24.410407"><ele>23.2</ele></trkpt>
      <trkpt lat="60.070412" lon="24.41045"><ele>23.4</ele></trkpt>
      <trkpt lat="60.070425" lon="24.410492"><ele>23.8</ele></trkpt>
      <trkpt lat="60.070417" lon="24.410537"><ele>24</ele></trkpt>
      <trkpt lat="60.07041" lon="24.41059"><ele>24.6</ele></trkpt>
      <trkpt lat="60.070405" lon="24.410647"><ele>24.8</ele></trkpt>
      <trkpt lat="60.070382" lon="24.41068"><ele>25</ele></trkpt>
      <trkpt lat="60.070362" lon="24.410682"><ele>25</ele></trkpt>
      <trkpt lat="60.070345" lon="24.410687"><ele>26</ele></trkpt>
      <trkpt lat="60.070317" lon="24.410688"><ele>26</ele></trkpt>
      <trkpt lat="60.070297" lon="24.410702"><ele>26</ele></trkpt>
      <trkpt lat="60.07028" lon="24.410715"><ele>26</ele></trkpt>
      <trkpt lat="60.070262" lon="24.410727"><ele>26</ele></trkpt>
      <trkpt lat="60.070242" lon="24.410745"><ele>25.8</ele></trkpt>
      <trkpt lat="60.070222" lon="24.410752"><ele>25.8</ele></trkpt>
      <trkpt lat="60.070205" lon="24.410762"><ele>26</ele></trkpt>
      <trkpt lat="60.070187" lon="24.410772"><ele>26.2</ele></trkpt>
      <trkpt lat="60.070152" lon="24.410757"><ele>26.6</ele></trkpt>
      <trkpt lat="60.070127" lon="24.410742"><ele>27.2</ele></trkpt>
      <trkpt lat="60.070107" lon="24.410742"><ele>27.4</ele></trkpt>
      <trkpt lat="60.07009" lon="24.410737"><ele>27.8</ele></trkpt>
      <trkpt lat="60.070062" lon="24.410757"><ele>28.4</ele></trkpt>
      <trkpt lat="60.07003" lon="24.410792"><ele>29</ele></trkpt>
      <trkpt lat="60.070017" lon="24.410825"><ele>29.2</ele></trkpt>
      <trkpt lat="60.070012" lon="24.41086"><ele>29.4</ele></trkpt>
      <trkpt lat="60.069987" lon="24.410885"><ele>29.4</ele></trkpt>
      <trkpt lat="60.069967" lon="24.4109"><ele>29.4</ele></trkpt>
      <trkpt lat="60.069947" lon="24.410907"><ele>29.4</ele></trkpt>
      <trkpt lat="60.069927" lon="24.410942"><ele>29.6</ele></trkpt>
      <trkpt lat="60.069907" lon="24.410992"><ele>30</ele></trkpt>
      <trkpt lat="60.06989" lon="24.411022"><ele>30.2</ele></trkpt>
      <trkpt lat="60.069875" lon="24.411047"><ele>30.4</ele></trkpt>
      <trkpt lat="60.06986" lon="24.411068"><ele>30.8</ele></trkpt>
      <trkpt lat="60.069845" lon="24.411092"><ele>31.2</ele></trkpt>
      <trkpt lat="60.069832" lon="24.411117"><ele>31.4</ele></trkpt>
      <trkpt lat="60.06982" lon="24.411147"><ele>31.6</ele></trkpt>
      <trkpt lat="60.069792" lon="24.411202"><ele>32.4</ele></trkpt>
      <trkpt lat="60.06978" lon="24.41123"><ele>32.8</ele></trkpt>
      <trkpt lat="60.069762" lon="24.411267"><ele>33.2</ele></trkpt>
      <trkpt lat="60.069747" lon="24.411297"><ele>33.8</ele></trkpt>
      <trkpt lat="60.069732" lon="24.41133"><ele>34.2</ele></trkpt>
      <trkpt lat="60.069715" lon="24.411357"><ele>34.4</ele></trkpt>
      <trkpt lat="60.069697" lon="24.411385"><ele>34.8</ele></trkpt>
      <trkpt lat="60.069675" lon="24.411412"><ele>35</ele></trkpt>
      <trkpt lat="60.069652" lon="24.411432"><ele>35.4</ele></trkpt>
      <trkpt lat="60.06963" lon="24.411432"><ele>35.8</ele></trkpt>
      <trkpt lat="60.0696" lon="24.411472"><ele>36.4</ele></trkpt>
      <trkpt lat="60.069582" lon="24.41149"><ele>36.6</ele></trkpt>
      <trkpt lat="60.06955" lon="24.41151"><ele>37.2</ele></trkpt>
      <trkpt lat="60.069525" lon="24.411512"><ele>37.6</ele></trkpt>
      <trkpt lat="60.0695" lon="24.411512"><ele>37.8</ele></trkpt>
      <trkpt lat="60.069477" lon="24.411472"><ele>38.2</ele></trkpt>
      <trkpt lat="60.069452" lon="24.411427"><ele>38.4</ele></trkpt>
      <trkpt lat="60.069435" lon="24.411402"><ele>38.6</ele></trkpt>
      <trkpt lat="60.06941" lon="24.411397"><ele>38.8</ele></trkpt>
      <trkpt lat="60.06938" lon="24.41143"><ele>39</ele></trkpt>
      <trkpt lat="60.069362" lon="24.411462"><ele>39</ele></trkpt>
      <trkpt lat="60.069342" lon="24.41148"><ele>39.2</ele></trkpt>
      <trkpt lat="60.06932" lon="24.41148"><ele>39.2</ele></trkpt>
      <trkpt lat="60.06929" lon="24.411462"><ele>39.4</ele></trkpt>
      <trkpt lat="60.06926" lon="24.41142"><ele>39.6</ele></trkpt>
      <trkpt lat="60.069232" lon="24.411377"><ele>39.6</ele></trkpt>
      <trkpt lat="60.0692" lon="24.411345"><ele>39.8</ele></trkpt>
      <trkpt lat="60.069175" lon="24.411307"><ele>39.6</ele></trkpt>
      <trkpt lat="60.069147" lon="24.411267"><ele>39.6</ele></trkpt>
      <trkpt lat="60.06912" lon="24.41123"><ele>39.6</ele></trkpt>
      <trkpt lat="60.069092" lon="24.411197"><ele>39.6</ele></trkpt>
      <trkpt lat="60.06906" lon="24.411182"><ele>39.8</ele></trkpt>
      <trkpt lat="60.06903" lon="24.411182"><ele>39.8</ele></trkpt>
      <trkpt lat="60.069" lon="24.411197"><ele>40</ele></trkpt>
      <trkpt lat="60.068975" lon="24.411212"><ele>40.2</ele></trkpt>
      <trkpt lat="60.06895" lon="24.411227"><ele>40.4</ele></trkpt>
      <trkpt lat="60.06892" lon="24.411237"><ele>40.4</ele></trkpt>
      <trkpt lat="60.068887" lon="24.411242"><ele>40.6</ele></trkpt>
      <trkpt lat="60.068837" lon="24.411247"><ele>40.8</ele></trkpt>
      <trkpt lat="60.068782" lon="24.411217"><ele>41</ele></trkpt>
      <trkpt lat="60.068742" lon="24.411147"><ele>41.2</ele></trkpt>
      <trkpt lat="60.068715" lon="24.411047"><ele>41</ele></trkpt>
      <trkpt lat="60.068707" lon="24.410937"><ele>40.6</ele></trkpt>
      <trkpt lat="60.068705" lon="24.410812"><ele>40.2</ele></trkpt>
      <trkpt lat="60.068682" lon="24.410682"><ele>40</ele></trkpt>
      <trkpt lat="60.068662" lon="24.410577"><ele>39.6</ele></trkpt>
      <trkpt lat="60.068657" lon="24.410492"><ele>39.2</ele></trkpt>
      <trkpt lat="60.068655" lon="24.410412"><ele>38.4</ele></trkpt>
      <trkpt lat="60.068642" lon="24.410335"><ele>38</ele></trkpt>
      <trkpt lat="60.068622" lon="24.410255"><ele>38</ele></trkpt>
      <trkpt lat="60.068602" lon="24.41017"><ele>38</ele></trkpt>
      <trkpt lat="60.06859" lon="24.410075"><ele>38</ele></trkpt>
      <trkpt lat="60.068597" lon="24.409992"><ele>37.8</ele></trkpt>
      <trkpt lat="60.068615" lon="24.409937"><ele>37.8</ele></trkpt>
      <trkpt lat="60.068637" lon="24.409887"><ele>37.6</ele></trkpt>
      <trkpt lat="60.068662" lon="24.40983"><ele>37.4</ele></trkpt>
      <trkpt lat="60.068687" lon="24.409782"><ele>37.2</ele></trkpt>
      <trkpt lat="60.068712" lon="24.409747"><ele>37.2</ele></trkpt>
      <trkpt lat="60.06874" lon="24.409717"><ele>37</ele></trkpt>
      <trkpt lat="60.068752" lon="24.409682"><ele>37</ele></trkpt>
      <trkpt lat="60.068745" lon="24.409597"><ele>36.6</ele></trkpt>
      <trkpt lat="60.068745" lon="24.40955"><ele>36.4</ele></trkpt>
      <trkpt lat="60.06873" lon="24.409512"><ele>36</ele></trkpt>
      <trkpt lat="60.068717" lon="24.40946"><ele>35.8</ele></trkpt>
      <trkpt lat="60.06871" lon="24.409397"><ele>35.6</ele></trkpt>
      <trkpt lat="60.068702" lon="24.409327"><ele>35.4</ele></trkpt>
      <trkpt lat="60.068682" lon="24.409272"><ele>35.4</ele></trkpt>
      <trkpt lat="60.068657" lon="24.409222"><ele>35.4</ele></trkpt>
      <trkpt lat="60.068632" lon="24.409167"><ele>35.4</ele></trkpt>
      <trkpt lat="60.068602" lon="24.409112"><ele>35.6</ele></trkpt>
      <trkpt lat="60.068562" lon="24.40907"><ele>35.6</ele></trkpt>
      <trkpt lat="60.068512" lon="24.409032"><ele>35.8</ele></trkpt>
      <trkpt lat="60.068468" lon="24.408985"><ele>36.2</ele></trkpt>
      <trkpt lat="60.068427" lon="24.408942"><ele>36.4</ele></trkpt>
      <trkpt lat="60.068395" lon="24.408897"><ele>36.6</ele></trkpt>
      <trkpt lat="60.068357" lon="24.408867"><ele>37</ele></trkpt>
      <trkpt lat="60.068322" lon="24.408873"><ele>37.2</ele></trkpt>
      <trkpt lat="60.06829" lon="24.408892"><ele>37.6</ele></trkpt>
      <trkpt lat="60.068252" lon="24.408908"><ele>38</ele></trkpt>
      <trkpt lat="60.06821" lon="24.40892"><ele>38.4</ele></trkpt>
      <trkpt lat="60.068167" lon="24.4089"><ele>38.6</ele></trkpt>
      <trkpt lat="60.06812" lon="24.408865"><ele>38.8</ele></trkpt>
      <trkpt lat="60.068082" lon="24.408842"><ele>39</ele></trkpt>
      <trkpt lat="60.068042" lon="24.408837"><ele>39.2</ele></trkpt>
      <trkpt lat="60.068007" lon="24.408837"><ele>39.2</ele></trkpt>
      <trkpt lat="60.067965" lon="24.408837"><ele>39</ele></trkpt>
      <trkpt lat="60.067922" lon="24.40887"><ele>38.6</ele></trkpt>
      <trkpt lat="60.067887" lon="24.408922"><ele>38.2</ele></trkpt>
      <trkpt lat="60.067852" lon="24.408957"><ele>38.2</ele></trkpt>
      <trkpt lat="60.067812" lon="24.408952"><ele>38</ele></trkpt>
      <trkpt lat="60.067767" lon="24.408947"><ele>37.8</ele></trkpt>
      <trkpt lat="60.067725" lon="24.40897"><ele>37.6</ele></trkpt>
      <trkpt lat="60.06768" lon="24.409007"><ele>37.6</ele></trkpt>
      <trkpt lat="60.067635" lon="24.409042"><ele>37.6</ele></trkpt>
      <trkpt lat="60.067595" lon="24.409052"><ele>37.6</ele></trkpt>
      <trkpt lat="60.067562" lon="24.40906"><ele>37.6</ele></trkpt>
      <trkpt lat="60.067527" lon="24.409077"><ele>37.6</ele></trkpt>
      <trkpt lat="60.067502" lon="24.409098"><ele>37.6</ele></trkpt>
      <trkpt lat="60.06747" lon="24.409137"><ele>37.8</ele></trkpt>
      <trkpt lat="60.067432" lon="24.409185"><ele>38.2</ele></trkpt>
      <trkpt lat="60.067392" lon="24.409225"><ele>38.4</ele></trkpt>
      <trkpt lat="60.067352" lon="24.409255"><ele>38.8</ele></trkpt>
      <trkpt lat="60.067307" lon="24.409275"><ele>39.2</ele></trkpt>
      <trkpt lat="60.067265" lon="24.409292"><ele>39.4</ele></trkpt>
      <trkpt lat="60.067225" lon="24.409272"><ele>39.4</ele></trkpt>
      <trkpt lat="60.067197" lon="24.409245"><ele>39.6</ele></trkpt>
      <trkpt lat="60.067172" lon="24.409212"><ele>39.6</ele></trkpt>
      <trkpt lat="60.067137" lon="24.409177"><ele>39.6</ele></trkpt>
      <trkpt lat="60.067103" lon="24.409172"><ele>39.8</ele></trkpt>
      <trkpt lat="60.067072" lon="24.409172"><ele>39.8</ele></trkpt>
      <trkpt lat="60.067037" lon="24.409172"><ele>39.6</ele></trkpt>
      <trkpt lat="60.067" lon="24.409157"><ele>39.6</ele></trkpt>
      <trkpt lat="60.066957" lon="24.409137"><ele>39.6</ele></trkpt>
      <trkpt lat="60.066915" lon="24.409117"><ele>39.6</ele></trkpt>
      <trkpt lat="60.06687" lon="24.409102"><ele>39.8</ele></trkpt>
      <trkpt lat="60.066822" lon="24.409105"><ele>40</ele></trkpt>
      <trkpt lat="60.066775" lon="24.409132"><ele>40</ele></trkpt>
      <trkpt lat="60.066732" lon="24.409167"><ele>40.2</ele></trkpt>
      <trkpt lat="60.066682" lon="24.409192"><ele>40.2</ele></trkpt>
      <trkpt lat="60.066637" lon="24.409235"><ele>40.4</ele></trkpt>
      <trkpt lat="60.066597" lon="24.40927"><ele>40.4</ele></trkpt>
      <trkpt lat="60.066557" lon="24.409272"><ele>40.4</ele></trkpt>
      <trkpt lat="60.06651" lon="24.409257"><ele>40.2</ele></trkpt>
      <trkpt lat="60.066467" lon="24.409242"><ele>40.2</ele></trkpt>
      <trkpt lat="60.066422" lon="24.409227"><ele>40.2</ele></trkpt>
      <trkpt lat="60.066377" lon="24.409217"><ele>39.8</ele></trkpt>
      <trkpt lat="60.066325" lon="24.40922"><ele>39.6</ele></trkpt>
      <trkpt lat="60.066267" lon="24.409212"><ele>39.6</ele></trkpt>
      <trkpt lat="60.066207" lon="24.409175"><ele>39.4</ele></trkpt>
      <trkpt lat="60.066137" lon="24.40913"><ele>39</ele></trkpt>
      <trkpt lat="60.06607" lon="24.409075"><ele>38.4</ele></trkpt>
      <trkpt lat="60.066002" lon="24.409002"><ele>38</ele></trkpt>
      <trkpt lat="60.065942" lon="24.408927"><ele>37.4</ele></trkpt>
      <trkpt lat="60.065892" lon="24.408845"><ele>36.8</ele></trkpt>
      <trkpt lat="60.065857" lon="24.408747"><ele>36.4</ele></trkpt>
      <trkpt lat="60.065832" lon="24.408672"><ele>36</ele></trkpt>
      <trkpt lat="60.065812" lon="24.408627"><ele>35.6</ele></trkpt>
      <trkpt lat="60.065805" lon="24.408592"><ele>35.4</ele></trkpt>
      <trkpt lat="60.065802" lon="24.408552"><ele>37.6</ele></trkpt>
      <trkpt lat="60.065815" lon="24.408517"><ele>37.6</ele></trkpt>
      <trkpt lat="60.065832" lon="24.408497"><ele>37.6</ele></trkpt>
      <trkpt lat="60.06585" lon="24.408472"><ele>37.6</ele></trkpt>
      <trkpt lat="60.065872" lon="24.408432"><ele>37.4</ele></trkpt>
      <trkpt lat="60.065892" lon="24.40838"><ele>37.4</ele></trkpt>
      <trkpt lat="60.065917" lon="24.408327"><ele>37.2</ele></trkpt>
      <trkpt lat="60.065932" lon="24.40829"><ele>36.8</ele></trkpt>
      <trkpt lat="60.065937" lon="24.408255"><ele>34</ele></trkpt>
      <trkpt lat="60.065947" lon="24.408212"><ele>33.4</ele></trkpt>
      <trkpt lat="60.06596" lon="24.40818"><ele>33.4</ele></trkpt>
      <trkpt lat="60.065962" lon="24.408117"><ele>33.8</ele></trkpt>
      <trkpt lat="60.06596" lon="24.408082"><ele>34</ele></trkpt>
      <trkpt lat="60.065957" lon="24.408045"><ele>34.4</ele></trkpt>
      <trkpt lat="60.065942" lon="24.40801"><ele>34.8</ele></trkpt>
      <trkpt lat="60.065922" lon="24.407972"><ele>35.4</ele></trkpt>
      <trkpt lat="60.065902" lon="24.407932"><ele>35.6</ele></trkpt>
      <trkpt lat="60.065885" lon="24.407892"><ele>36</ele></trkpt>
      <trkpt lat="60.065862" lon="24.407847"><ele>36.6</ele></trkpt>
      <trkpt lat="60.06585" lon="24.407812"><ele>36.6</ele></trkpt>
      <trkpt lat="60.065832" lon="24.407742"><ele>36.8</ele></trkpt>
      <trkpt lat="60.065827" lon="24.407697"><ele>36.6</ele></trkpt>
      <trkpt lat="60.065827" lon="24.407657"><ele>36.6</ele></trkpt>
      <trkpt lat="60.065827" lon="24.407617"><ele>36.8</ele></trkpt>
      <trkpt lat="60.065827" lon="24.407572"><ele>36.8</ele></trkpt>
      <trkpt lat="60.06583" lon="24.407532"><ele>37</ele></trkpt>
      <trkpt lat="60.06583" lon="24.40749"><ele>37</ele></trkpt>
      <trkpt lat="60.065832" lon="24.407452"><ele>37.2</ele></trkpt>
      <trkpt lat="60.065837" lon="24.407375"><ele>37.4</ele></trkpt>
      <trkpt lat="60.065847" lon="24.407307"><ele>37.8</ele></trkpt>
      <trkpt lat="60.065852" lon="24.40723"><ele>38</ele></trkpt>
      <trkpt lat="60.065855" lon="24.407192"><ele>38.2</ele></trkpt>
      <trkpt lat="60.06585" lon="24.407157"><ele>38.4</ele></trkpt>
      <trkpt lat="60.065837" lon="24.407102"><ele>38.8</ele></trkpt>
      <trkpt lat="60.065823" lon="24.40705"><ele>39.4</ele></trkpt>
      <trkpt lat="60.065807" lon="24.406997"><ele>40</ele></trkpt>
      <trkpt lat="60.065792" lon="24.406972"><ele>40.2</ele></trkpt>
      <trkpt lat="60.06578" lon="24.406947"><ele>40.6</ele></trkpt>
      <trkpt lat="60.065772" lon="24.406907"><ele>40.8</ele></trkpt>
      <trkpt lat="60.065767" lon="24.406867"><ele>41</ele></trkpt>
      <trkpt lat="60.065777" lon="24.406812"><ele>41.6</ele></trkpt>
      <trkpt lat="60.065792" lon="24.406782"><ele>42.2</ele></trkpt>
      <trkpt lat="60.06581" lon="24.40674"><ele>43</ele></trkpt>
      <trkpt lat="60.065832" lon="24.406677"><ele>43.2</ele></trkpt>
      <trkpt lat="60.065842" lon="24.406647"><ele>43.4</ele></trkpt>
      <trkpt lat="60.065862" lon="24.406587"><ele>43.6</ele></trkpt>
      <trkpt lat="60.065877" lon="24.406562"><ele>43.8</ele></trkpt>
      <trkpt lat="60.065902" lon="24.406522"><ele>44.2</ele></trkpt>
      <trkpt lat="60.06592" lon="24.406462"><ele>44.6</ele></trkpt>
      <trkpt lat="60.06594" lon="24.406402"><ele>45</ele></trkpt>
      <trkpt lat="60.065952" lon="24.406345"><ele>45.4</ele></trkpt>
      <trkpt lat="60.065962" lon="24.406317"><ele>45.4</ele></trkpt>
      <trkpt lat="60.065982" lon="24.406282"><ele>45.6</ele></trkpt>
      <trkpt lat="60.066002" lon="24.4063"><ele>46.4</ele></trkpt>
      <trkpt lat="60.066012" lon="24.406347"><ele>46.6</ele></trkpt>
      <trkpt lat="60.066022" lon="24.406382"><ele>46.6</ele></trkpt>
      <trkpt lat="60.066032" lon="24.406432"><ele>46.6</ele></trkpt>
      <trkpt lat="60.066042" lon="24.406485"><ele>46.6</ele></trkpt>
      <trkpt lat="60.066048" lon="24.406547"><ele>46.6</ele></trkpt>
      <trkpt lat="60.066047" lon="24.406617"><ele>46.4</ele></trkpt>
      <trkpt lat="60.066037" lon="24.406682"><ele>46.4</ele></trkpt>
      <trkpt lat="60.066045" lon="24.406732"><ele>46.2</ele></trkpt>
      <trkpt lat="60.066062" lon="24.406767"><ele>46</ele></trkpt>
      <trkpt lat="60.066082" lon="24.406787"><ele>45.8</ele></trkpt>
      <trkpt lat="60.066107" lon="24.406792"><ele>45.2</ele></trkpt>
      <trkpt lat="60.066132" lon="24.406802"><ele>44.4</ele></trkpt>
      <trkpt lat="60.066152" lon="24.40681"><ele>44.4</ele></trkpt>
      <trkpt lat="60.066167" lon="24.406787"><ele>43.6</ele></trkpt>
      <trkpt lat="60.066185" lon="24.406748"><ele>43.8</ele></trkpt>
      <trkpt lat="60.0662" lon="24.406717"><ele>44.6</ele></trkpt>
      <trkpt lat="60.066217" lon="24.40669"><ele>44.6</ele></trkpt>
      <trkpt lat="60.066232" lon="24.406627"><ele>44.6</ele></trkpt>
      <trkpt lat="60.066242" lon="24.40659"><ele>44.6</ele></trkpt>
      <trkpt lat="60.066247" lon="24.406552"><ele>44.6</ele></trkpt>
      <trkpt lat="60.06624" lon="24.406485"><ele>44.8</ele></trkpt>
      <trkpt lat="60.066237" lon="24.406447"><ele>44.8</ele></trkpt>
      <trkpt lat="60.066232" lon="24.406412"><ele>45</ele></trkpt>
      <trkpt lat="60.06623" lon="24.406372"><ele>45.4</ele></trkpt>
      <trkpt lat="60.066227" lon="24.406333"><ele>45.6</ele></trkpt>
      <trkpt lat="60.066227" lon="24.406292"><ele>45.8</ele></trkpt>
      <trkpt lat="60.06623" lon="24.40625"><ele>46.2</ele></trkpt>
      <trkpt lat="60.066235" lon="24.406202"><ele>46.4</ele></trkpt>
      <trkpt lat="60.066242" lon="24.40615"><ele>46.6</ele></trkpt>
      <trkpt lat="60.066265" lon="24.406102"><ele>46.6</ele></trkpt>
      <trkpt lat="60.066292" lon="24.406072"><ele>46.8</ele></trkpt>
      <trkpt lat="60.066322" lon="24.406065"><ele>46.8</ele></trkpt>
      <trkpt lat="60.066342" lon="24.406065"><ele>46.8</ele></trkpt>
      <trkpt lat="60.066365" lon="24.40607"><ele>46.6</ele></trkpt>
      <trkpt lat="60.066382" lon="24.406077"><ele>46.8</ele></trkpt>
      <trkpt lat="60.066402" lon="24.406085"><ele>46.8</ele></trkpt>
      <trkpt lat="60.066422" lon="24.406092"><ele>46.8</ele></trkpt>
      <trkpt lat="60.066452" lon="24.4061"><ele>46.8</ele></trkpt>
      <trkpt lat="60.066487" lon="24.406107"><ele>46.8</ele></trkpt>
      <trkpt lat="60.066525" lon="24.406112"><ele>47</ele></trkpt>
      <trkpt lat="60.066562" lon="24.406122"><ele>47</ele></trkpt>
      <trkpt lat="60.066597" lon="24.406132"><ele>46.8</ele></trkpt>
      <trkpt lat="60.066632" lon="24.40613"><ele>46.8</ele></trkpt>
      <trkpt lat="60.06666" lon="24.406132"><ele>46.8</ele></trkpt>
      <trkpt lat="60.066682" lon="24.406137"><ele>46.8</ele></trkpt>
      <trkpt lat="60.066712" lon="24.406142"><ele>46.6</ele></trkpt>
      <trkpt lat="60.06674" lon="24.406155"><ele>46.6</ele></trkpt>
      <trkpt lat="60.066767" lon="24.406172"><ele>46.6</ele></trkpt>
      <trkpt lat="60.066792" lon="24.406202"><ele>46.8</ele></trkpt>
      <trkpt lat="60.06682" lon="24.406225"><ele>46.8</ele></trkpt>
      <trkpt lat="60.066842" lon="24.406237"><ele>47</ele></trkpt>
      <trkpt lat="60.066867" lon="24.40624"><ele>47.2</ele></trkpt>
      <trkpt lat="60.06689" lon="24.406232"><ele>47.4</ele></trkpt>
      <trkpt lat="60.06691" lon="24.40623"><ele>47.6</ele></trkpt>
      <trkpt lat="60.066937" lon="24.406225"><ele>48.2</ele></trkpt>
      <trkpt lat="60.066972" lon="24.406207"><ele>49.8</ele></trkpt>
      <trkpt lat="60.067005" lon="24.406172"><ele>49.8</ele></trkpt>
      <trkpt lat="60.067022" lon="24.406152"><ele>50</ele></trkpt>
      <trkpt lat="60.067037" lon="24.406127"><ele>49.8</ele></trkpt>
      <trkpt lat="60.067052" lon="24.40611"><ele>49.8</ele></trkpt>
      <trkpt lat="60.067075" lon="24.406097"><ele>49.6</ele></trkpt>
      <trkpt lat="60.067117" lon="24.406082"><ele>49.2</ele></trkpt>
      <trkpt lat="60.067142" lon="24.406065"><ele>49</ele></trkpt>
      <trkpt lat="60.067155" lon="24.40604"><ele>47.2</ele></trkpt>
      <trkpt lat="60.067175" lon="24.40603"><ele>46.8</ele></trkpt>
      <trkpt lat="60.067197" lon="24.406027"><ele>47.8</ele></trkpt>
      <trkpt lat="60.06722" lon="24.406037"><ele>47.8</ele></trkpt>
      <trkpt lat="60.06724" lon="24.406047"><ele>47.8</ele></trkpt>
      <trkpt lat="60.067262" lon="24.406042"><ele>47.8</ele></trkpt>
      <trkpt lat="60.06728" lon="24.406022"><ele>47.8</ele></trkpt>
      <trkpt lat="60.067302" lon="24.406012"><ele>47.6</ele></trkpt>
      <trkpt lat="60.067322" lon="24.406032"><ele>47.6</ele></trkpt>
      <trkpt lat="60.06734" lon="24.406065"><ele>47.6</ele></trkpt>
      <trkpt lat="60.067352" lon="24.406112"><ele>47.6</ele></trkpt>
      <trkpt lat="60.067367" lon="24.406152"><ele>47.6</ele></trkpt>
      <trkpt lat="60.067392" lon="24.406205"><ele>47.8</ele></trkpt>
      <trkpt lat="60.067427" lon="24.406257"><ele>47.8</ele></trkpt>
      <trkpt lat="60.067467" lon="24.406287"><ele>47.8</ele></trkpt>
      <trkpt lat="60.067507" lon="24.40629"><ele>47.8</ele></trkpt>
      <trkpt lat="60.06755" lon="24.406302"><ele>47.8</ele></trkpt>
      <trkpt lat="60.067595" lon="24.406307"><ele>47.8</ele></trkpt>
      <trkpt lat="60.067642" lon="24.406337"><ele>47.6</ele></trkpt>
      <trkpt lat="60.067677" lon="24.406355"><ele>47.4</ele></trkpt>
      <trkpt lat="60.067707" lon="24.406365"><ele>47.2</ele></trkpt>
      <trkpt lat="60.067747" lon="24.406372"><ele>47</ele></trkpt>
      <trkpt lat="60.067777" lon="24.40638"><ele>46.8</ele></trkpt>
      <trkpt lat="60.067815" lon="24.406387"><ele>46.8</ele></trkpt>
      <trkpt lat="60.067857" lon="24.406372"><ele>46.8</ele></trkpt>
      <trkpt lat="60.0679" lon="24.406352"><ele>47</ele></trkpt>
      <trkpt lat="60.067933" lon="24.406355"><ele>47</ele></trkpt>
      <trkpt lat="60.067962" lon="24.406362"><ele>47</ele></trkpt>
      <trkpt lat="60.06798" lon="24.406382"><ele>47</ele></trkpt>
      <trkpt lat="60.068017" lon="24.406422"><ele>46.8</ele></trkpt>
      <trkpt lat="60.068037" lon="24.406472"><ele>46.8</ele></trkpt>
      <trkpt lat="60.06806" lon="24.406535"><ele>46.8</ele></trkpt>
      <trkpt lat="60.068097" lon="24.406597"><ele>46.8</ele></trkpt>
      <trkpt lat="60.068135" lon="24.406652"><ele>46.8</ele></trkpt>
      <trkpt lat="60.06817" lon="24.406682"><ele>47</ele></trkpt>
      <trkpt lat="60.068205" lon="24.406685"><ele>46.8</ele></trkpt>
      <trkpt lat="60.068243" lon="24.4067"><ele>46.6</ele></trkpt>
      <trkpt lat="60.068285" lon="24.406725"><ele>46.2</ele></trkpt>
      <trkpt lat="60.068337" lon="24.406713"><ele>45.6</ele></trkpt>
      <trkpt lat="60.068392" lon="24.406697"><ele>44.8</ele></trkpt>
      <trkpt lat="60.06844" lon="24.406702"><ele>44.2</ele></trkpt>
      <trkpt lat="60.068468" lon="24.406695"><ele>43.6</ele></trkpt>
      <trkpt lat="60.0685" lon="24.406665"><ele>41.8</ele></trkpt>
      <trkpt lat="60.068512" lon="24.406617"><ele>41</ele></trkpt>
      <trkpt lat="60.068527" lon="24.406572"><ele>40.4</ele></trkpt>
      <trkpt lat="60.068547" lon="24.40655"><ele>39.8</ele></trkpt>
      <trkpt lat="60.068575" lon="24.406532"><ele>39.2</ele></trkpt>
      <trkpt lat="60.068595" lon="24.40651"><ele>38.6</ele></trkpt>
      <trkpt lat="60.068612" lon="24.406477"><ele>38.4</ele></trkpt>
      <trkpt lat="60.068623" lon="24.406437"><ele>37.8</ele></trkpt>
      <trkpt lat="60.068635" lon="24.406387"><ele>37.4</ele></trkpt>
      <trkpt lat="60.068645" lon="24.406347"><ele>36.8</ele></trkpt>
      <trkpt lat="60.068657" lon="24.406312"><ele>36</ele></trkpt>
      <trkpt lat="60.068675" lon="24.406272"><ele>35.2</ele></trkpt>
      <trkpt lat="60.068687" lon="24.406215"><ele>34.6</ele></trkpt>
      <trkpt lat="60.068692" lon="24.406157"><ele>33.8</ele></trkpt>
      <trkpt lat="60.068697" lon="24.406102"><ele>33.2</ele></trkpt>
      <trkpt lat="60.068697" lon="24.406042"><ele>32.4</ele></trkpt>
      <trkpt lat="60.068687" lon="24.40598"><ele>31.6</ele></trkpt>
      <trkpt lat="60.068677" lon="24.405917"><ele>30.8</ele></trkpt>
      <trkpt lat="60.068662" lon="24.40584"><ele>30.2</ele></trkpt>
      <trkpt lat="60.068647" lon="24.405757"><ele>29.6</ele></trkpt>
      <trkpt lat="60.06862" lon="24.405667"><ele>29</ele></trkpt>
      <trkpt lat="60.068592" lon="24.405577"><ele>28.6</ele></trkpt>
      <trkpt lat="60.068562" lon="24.405475"><ele>28.2</ele></trkpt>
      <trkpt lat="60.068535" lon="24.405365"><ele>27.6</ele></trkpt>
      <trkpt lat="60.068502" lon="24.405257"><ele>27.2</ele></trkpt>
      <trkpt lat="60.068477" lon="24.405167"><ele>26.6</ele></trkpt>
      <trkpt lat="60.068455" lon="24.40512"><ele>25.8</ele></trkpt>
      <trkpt lat="60.068337" lon="24.405122"><ele>23</ele></trkpt>
      <trkpt lat="60.068317" lon="24.405122"><ele>23</ele></trkpt>
      <trkpt lat="60.068295" lon="24.40512"><ele>22.8</ele></trkpt>
      <trkpt lat="60.068272" lon="24.405117"><ele>22.8</ele></trkpt>
      <trkpt lat="60.068247" lon="24.405115"><ele>23</ele></trkpt>
      <trkpt lat="60.06822" lon="24.405105"><ele>23</ele></trkpt>
      <trkpt lat="60.068192" lon="24.405092"><ele>23.2</ele></trkpt>
      <trkpt lat="60.068162" lon="24.40508"><ele>23.2</ele></trkpt>
      <trkpt lat="60.068132" lon="24.405065"><ele>23.4</ele></trkpt>
      <trkpt lat="60.068107" lon="24.405042"><ele>23.4</ele></trkpt>
      <trkpt lat="60.068085" lon="24.405025"><ele>23.4</ele></trkpt>
      <trkpt lat="60.068062" lon="24.405012"><ele>23.6</ele></trkpt>
      <trkpt lat="60.068037" lon="24.405002"><ele>23.6</ele></trkpt>
      <trkpt lat="60.068015" lon="24.404997"><ele>23.8</ele></trkpt>
      <trkpt lat="60.06799" lon="24.404992"><ele>23.8</ele></trkpt>
      <trkpt lat="60.067967" lon="24.40499"><ele>23.8</ele></trkpt>
      <trkpt lat="60.067945" lon="24.40499"><ele>24</ele></trkpt>
      <trkpt lat="60.067922" lon="24.404987"><ele>24.2</ele></trkpt>
      <trkpt lat="60.067902" lon="24.404987"><ele>24.4</ele></trkpt>
      <trkpt lat="60.06788" lon="24.404982"><ele>24.6</ele></trkpt>
      <trkpt lat="60.067857" lon="24.404977"><ele>24.8</ele></trkpt>
      <trkpt lat="60.067832" lon="24.404968"><ele>24.8</ele></trkpt>
      <trkpt lat="60.067807" lon="24.404957"><ele>24.8</ele></trkpt>
      <trkpt lat="60.067785" lon="24.40494"><ele>25</ele></trkpt>
      <trkpt lat="60.067762" lon="24.404915"><ele>25.2</ele></trkpt>
      <trkpt lat="60.067732" lon="24.404885"><ele>25.2</ele></trkpt>
      <trkpt lat="60.067697" lon="24.404857"><ele>25.2</ele></trkpt>
      <trkpt lat="60.067667" lon="24.404835"><ele>25.2</ele></trkpt>
      <trkpt lat="60.06763" lon="24.40482"><ele>25.2</ele></trkpt>
      <trkpt lat="60.067592" lon="24.404802"><ele>25</ele></trkpt>
      <trkpt lat="60.067552" lon="24.404778"><ele>25</ele></trkpt>
      <trkpt lat="60.067512" lon="24.404757"><ele>25</ele></trkpt>
      <trkpt lat="60.06747" lon="24.404727"><ele>25</ele></trkpt>
      <trkpt lat="60.067422" lon="24.404687"><ele>24.8</ele></trkpt>
      <trkpt lat="60.067377" lon="24.404642"><ele>24.8</ele></trkpt>
      <trkpt lat="60.067337" lon="24.404577"><ele>24.6</ele></trkpt>
      <trkpt lat="60.067287" lon="24.404517"><ele>24.4</ele></trkpt>
      <trkpt lat="60.067237" lon="24.404457"><ele>24</ele></trkpt>
      <trkpt lat="60.067187" lon="24.40441"><ele>23.8</ele></trkpt>
      <trkpt lat="60.067137" lon="24.404385"><ele>23.6</ele></trkpt>
      <trkpt lat="60.067092" lon="24.40437"><ele>23.4</ele></trkpt>
      <trkpt lat="60.067047" lon="24.404357"><ele>23</ele></trkpt>
      <trkpt lat="60.067012" lon="24.404335"><ele>22.8</ele></trkpt>
      <trkpt lat="60.066995" lon="24.404292"><ele>22.6</ele></trkpt>
      <trkpt lat="60.066982" lon="24.404252"><ele>22.4</ele></trkpt>
      <trkpt lat="60.066955" lon="24.404232"><ele>22.4</ele></trkpt>
      <trkpt lat="60.066947" lon="24.404287"><ele>22.2</ele></trkpt>
      <trkpt lat="60.066965" lon="24.404317"><ele>22.2</ele></trkpt>
      <trkpt lat="60.066997" lon="24.40433"><ele>22.4</ele></trkpt>
      <trkpt lat="60.067017" lon="24.404335"><ele>22.4</ele></trkpt>
      <trkpt lat="60.067037" lon="24.404335"><ele>22.6</ele></trkpt>
      <trkpt lat="60.067057" lon="24.404335"><ele>22.6</ele></trkpt>
      <trkpt lat="60.067077" lon="24.404335"><ele>22.6</ele></trkpt>
      <trkpt lat="60.067097" lon="24.40434"><ele>22.6</ele></trkpt>
      <trkpt lat="60.067122" lon="24.404312"><ele>22.6</ele></trkpt>
      <trkpt lat="60.067132" lon="24.404277"><ele>22.6</ele></trkpt>
      <trkpt lat="60.067122" lon="24.404212"><ele>22.6</ele></trkpt>
      <trkpt lat="60.067103" lon="24.404122"><ele>22.4</ele></trkpt>
      <trkpt lat="60.067082" lon="24.404015"><ele>22.4</ele></trkpt>
      <trkpt lat="60.067072" lon="24.403885"><ele>22.2</ele></trkpt>
      <trkpt lat="60.06707" lon="24.403747"><ele>22</ele></trkpt>
      <trkpt lat="60.06706" lon="24.403602"><ele>21.8</ele></trkpt>
      <trkpt lat="60.067047" lon="24.403462"><ele>21.2</ele></trkpt>
      <trkpt lat="60.067047" lon="24.403322"><ele>20.6</ele></trkpt>
      <trkpt lat="60.067052" lon="24.403177"><ele>19.8</ele></trkpt>
      <trkpt lat="60.06706" lon="24.40303"><ele>19.2</ele></trkpt>
      <trkpt lat="60.067062" lon="24.402875"><ele>18.6</ele></trkpt>
      <trkpt lat="60.067062" lon="24.402707"><ele>17.8</ele></trkpt>
      <trkpt lat="60.067062" lon="24.402537"><ele>17</ele></trkpt>
      <trkpt lat="60.067072" lon="24.402362"><ele>16.2</ele></trkpt>
      <trkpt lat="60.067087" lon="24.402187"><ele>15.6</ele></trkpt>
      <trkpt lat="60.067112" lon="24.402027"><ele>15.2</ele></trkpt>
      <trkpt lat="60.067142" lon="24.401882"><ele>14.8</ele></trkpt>
      <trkpt lat="60.067152" lon="24.401727"><ele>14.6</ele></trkpt>
      <trkpt lat="60.067152" lon="24.401585"><ele>14.2</ele></trkpt>
      <trkpt lat="60.067152" lon="24.401485"><ele>14</ele></trkpt>
      <trkpt lat="60.067152" lon="24.401442"><ele>13.8</ele></trkpt>
      <trkpt lat="60.067157" lon="24.401482"><ele>12.4</ele></trkpt>
      <trkpt lat="60.06716" lon="24.40154"><ele>12.4</ele></trkpt>
      <trkpt lat="60.067162" lon="24.401587"><ele>12.4</ele></trkpt>
      <trkpt lat="60.06716" lon="24.401647"><ele>12.6</ele></trkpt>
      <trkpt lat="60.067155" lon="24.401697"><ele>12.8</ele></trkpt>
      <trkpt lat="60.067157" lon="24.401737"><ele>12.8</ele></trkpt>
      <trkpt lat="60.067157" lon="24.40178"><ele>12.8</ele></trkpt>
      <trkpt lat="60.067155" lon="24.401823"><ele>12.8</ele></trkpt>
      <trkpt lat="60.067152" lon="24.401875"><ele>13</ele></trkpt>
      <trkpt lat="60.067145" lon="24.40193"><ele>13</ele></trkpt>
      <trkpt lat="60.067137" lon="24.401992"><ele>13.2</ele></trkpt>
      <trkpt lat="60.067127" lon="24.402062"><ele>13.4</ele></trkpt>
      <trkpt lat="60.06712" lon="24.40213"><ele>13.4</ele></trkpt>
      <trkpt lat="60.067107" lon="24.402202"><ele>13.6</ele></trkpt>
      <trkpt lat="60.067097" lon="24.402267"><ele>13.8</ele></trkpt>
      <trkpt lat="60.067082" lon="24.402332"><ele>13.8</ele></trkpt>
      <trkpt lat="60.06707" lon="24.4024"><ele>13.8</ele></trkpt>
      <trkpt lat="60.06706" lon="24.402477"><ele>13.8</ele></trkpt>
      <trkpt lat="60.067055" lon="24.402552"><ele>14</ele></trkpt>
      <trkpt lat="60.067055" lon="24.402632"><ele>14</ele></trkpt>
      <trkpt lat="60.067055" lon="24.402712"><ele>14</ele></trkpt>
      <trkpt lat="60.067057" lon="24.40279"><ele>14</ele></trkpt>
      <trkpt lat="60.067057" lon="24.402867"><ele>14</ele></trkpt>
      <trkpt lat="60.067057" lon="24.40294"><ele>14</ele></trkpt>
      <trkpt lat="60.067057" lon="24.403005"><ele>14</ele></trkpt>
      <trkpt lat="60.067055" lon="24.403062"><ele>14.2</ele></trkpt>
      <trkpt lat="60.067057" lon="24.403117"><ele>14.2</ele></trkpt>
      <trkpt lat="60.067062" lon="24.403167"><ele>14.4</ele></trkpt>
      <trkpt lat="60.06706" lon="24.403207"><ele>14.6</ele></trkpt>
      <trkpt lat="60.067055" lon="24.403257"><ele>14.8</ele></trkpt>
      <trkpt lat="60.06705" lon="24.403302"><ele>15</ele></trkpt>
      <trkpt lat="60.067045" lon="24.403345"><ele>15.2</ele></trkpt>
      <trkpt lat="60.067042" lon="24.40339"><ele>15.6</ele></trkpt>
      <trkpt lat="60.067042" lon="24.403432"><ele>15.6</ele></trkpt>
      <trkpt lat="60.067047" lon="24.403477"><ele>15.8</ele></trkpt>
      <trkpt lat="60.067052" lon="24.40352"><ele>16.2</ele></trkpt>
      <trkpt lat="60.067057" lon="24.403567"><ele>16.4</ele></trkpt>
      <trkpt lat="60.067065" lon="24.403612"><ele>16.6</ele></trkpt>
      <trkpt lat="60.067067" lon="24.403657"><ele>17</ele></trkpt>
      <trkpt lat="60.067072" lon="24.403702"><ele>17.2</ele></trkpt>
      <trkpt lat="60.067075" lon="24.403742"><ele>17.4</ele></trkpt>
      <trkpt lat="60.067077" lon="24.40379"><ele>17.6</ele></trkpt>
      <trkpt lat="60.067077" lon="24.403835"><ele>17.8</ele></trkpt>
      <trkpt lat="60.067077" lon="24.403877"><ele>18.2</ele></trkpt>
      <trkpt lat="60.06708" lon="24.403917"><ele>18.4</ele></trkpt>
      <trkpt lat="60.067087" lon="24.403955"><ele>18.6</ele></trkpt>
      <trkpt lat="60.067097" lon="24.404027"><ele>19</ele></trkpt>
      <trkpt lat="60.067107" lon="24.4041"><ele>19.6</ele></trkpt>
      <trkpt lat="60.067115" lon="24.404137"><ele>19.8</ele></trkpt>
      <trkpt lat="60.067122" lon="24.404172"><ele>20.2</ele></trkpt>
      <trkpt lat="60.067135" lon="24.404202"><ele>20.4</ele></trkpt>
      <trkpt lat="60.067145" lon="24.404277"><ele>20.8</ele></trkpt>
      <trkpt lat="60.067145" lon="24.404315"><ele>21.2</ele></trkpt>
      <trkpt lat="60.067137" lon="24.404352"><ele>21.4</ele></trkpt>
      <trkpt lat="60.067115" lon="24.404382"><ele>21.6</ele></trkpt>
      <trkpt lat="60.067085" lon="24.404377"><ele>22</ele></trkpt>
      <trkpt lat="60.067047" lon="24.404377"><ele>22.4</ele></trkpt>
      <trkpt lat="60.067027" lon="24.404372"><ele>22.4</ele></trkpt>
      <trkpt lat="60.067007" lon="24.40437"><ele>22.6</ele></trkpt>
      <trkpt lat="60.066985" lon="24.40436"><ele>22.6</ele></trkpt>
      <trkpt lat="60.066957" lon="24.404347"><ele>22.6</ele></trkpt>
      <trkpt lat="60.06693" lon="24.404345"><ele>22.6</ele></trkpt>
      <trkpt lat="60.066902" lon="24.40435"><ele>22.6</ele></trkpt>
      <trkpt lat="60.066872" lon="24.404362"><ele>22.6</ele></trkpt>
      <trkpt lat="60.06685" lon="24.404382"><ele>22.6</ele></trkpt>
      <trkpt lat="60.066825" lon="24.404397"><ele>22.6</ele></trkpt>
      <trkpt lat="60.066797" lon="24.404412"><ele>22.8</ele></trkpt>
      <trkpt lat="60.066767" lon="24.40442"><ele>22.8</ele></trkpt>
      <trkpt lat="60.06674" lon="24.404427"><ele>23</ele></trkpt>
      <trkpt lat="60.066712" lon="24.404427"><ele>23</ele></trkpt>
      <trkpt lat="60.066685" lon="24.404437"><ele>23.2</ele></trkpt>
      <trkpt lat="60.066657" lon="24.404447"><ele>23.2</ele></trkpt>
      <trkpt lat="60.06663" lon="24.40447"><ele>23.4</ele></trkpt>
      <trkpt lat="60.066605" lon="24.404497"><ele>23.4</ele></trkpt>
      <trkpt lat="60.066577" lon="24.404527"><ele>23.4</ele></trkpt>
      <trkpt lat="60.06655" lon="24.404562"><ele>23.6</ele></trkpt>
      <trkpt lat="60.066525" lon="24.404597"><ele>23.6</ele></trkpt>
      <trkpt lat="60.066502" lon="24.404642"><ele>23.8</ele></trkpt>
      <trkpt lat="60.066482" lon="24.404687"><ele>23.8</ele></trkpt>
      <trkpt lat="60.066462" lon="24.40473"><ele>24</ele></trkpt>
      <trkpt lat="60.066442" lon="24.404767"><ele>24</ele></trkpt>
      <trkpt lat="60.06642" lon="24.404812"><ele>24.2</ele></trkpt>
      <trkpt lat="60.066397" lon="24.404857"><ele>24.2</ele></trkpt>
      <trkpt lat="60.066375" lon="24.404902"><ele>24.4</ele></trkpt>
      <trkpt lat="60.066347" lon="24.404937"><ele>24.4</ele></trkpt>
      <trkpt lat="60.066322" lon="24.404962"><ele>24.4</ele></trkpt>
      <trkpt lat="60.066292" lon="24.404987"><ele>24.6</ele></trkpt>
      <trkpt lat="60.066262" lon="24.405012"><ele>24.6</ele></trkpt>
      <trkpt lat="60.066232" lon="24.405037"><ele>24.8</ele></trkpt>
      <trkpt lat="60.066203" lon="24.405062"><ele>24.8</ele></trkpt>
      <trkpt lat="60.066177" lon="24.405087"><ele>25</ele></trkpt>
      <trkpt lat="60.066147" lon="24.405117"><ele>25.2</ele></trkpt>
      <trkpt lat="60.066117" lon="24.405147"><ele>25.2</ele></trkpt>
      <trkpt lat="60.066087" lon="24.405172"><ele>25.2</ele></trkpt>
      <trkpt lat="60.066057" lon="24.405197"><ele>25.4</ele></trkpt>
      <trkpt lat="60.066027" lon="24.405217"><ele>25.6</ele></trkpt>
      <trkpt lat="60.065995" lon="24.405232"><ele>25.6</ele></trkpt>
      <trkpt lat="60.065967" lon="24.405252"><ele>25.6</ele></trkpt>
      <trkpt lat="60.065937" lon="24.405267"><ele>25.8</ele></trkpt>
      <trkpt lat="60.06591" lon="24.405285"><ele>25.8</ele></trkpt>
      <trkpt lat="60.065885" lon="24.405302"><ele>25.8</ele></trkpt>
      <trkpt lat="60.06586" lon="24.405325"><ele>25.8</ele></trkpt>
      <trkpt lat="60.065835" lon="24.40534"><ele>26</ele></trkpt>
      <trkpt lat="60.065807" lon="24.405357"><ele>26</ele></trkpt>
      <trkpt lat="60.065782" lon="24.405377"><ele>26</ele></trkpt>
      <trkpt lat="60.065757" lon="24.405397"><ele>26</ele></trkpt>
      <trkpt lat="60.065732" lon="24.405417"><ele>26.2</ele></trkpt>
      <trkpt lat="60.065707" lon="24.40544"><ele>26.2</ele></trkpt>
      <trkpt lat="60.065682" lon="24.405467"><ele>26.4</ele></trkpt>
      <trkpt lat="60.065662" lon="24.405492"><ele>26.4</ele></trkpt>
      <trkpt lat="60.065645" lon="24.405505"><ele>26.6</ele></trkpt>
      <trkpt lat="60.065612" lon="24.40553"><ele>27</ele></trkpt>
      <trkpt lat="60.065595" lon="24.405547"><ele>27.4</ele></trkpt>
      <trkpt lat="60.065577" lon="24.405565"><ele>27.6</ele></trkpt>
      <trkpt lat="60.06555" lon="24.405592"><ele>28</ele></trkpt>
      <trkpt lat="60.065517" lon="24.405617"><ele>28</ele></trkpt>
      <trkpt lat="60.065497" lon="24.40563"><ele>28</ele></trkpt>
      <trkpt lat="60.06548" lon="24.405642"><ele>29.2</ele></trkpt>
      <trkpt lat="60.065462" lon="24.405652"><ele>29.4</ele></trkpt>
      <trkpt lat="60.06543" lon="24.405685"><ele>29.8</ele></trkpt>
      <trkpt lat="60.065402" lon="24.405725"><ele>30.2</ele></trkpt>
      <trkpt lat="60.065385" lon="24.405742"><ele>30.4</ele></trkpt>
      <trkpt lat="60.065357" lon="24.405762"><ele>30.8</ele></trkpt>
      <trkpt lat="60.065332" lon="24.405797"><ele>31.2</ele></trkpt>
      <trkpt lat="60.065307" lon="24.40583"><ele>31.6</ele></trkpt>
      <trkpt lat="60.065282" lon="24.405867"><ele>32</ele></trkpt>
      <trkpt lat="60.065267" lon="24.405882"><ele>32.2</ele></trkpt>
      <trkpt lat="60.065247" lon="24.405925"><ele>32.6</ele></trkpt>
      <trkpt lat="60.065215" lon="24.405952"><ele>33</ele></trkpt>
      <trkpt lat="60.065187" lon="24.405953"><ele>33.4</ele></trkpt>
      <trkpt lat="60.065157" lon="24.40595"><ele>33.6</ele></trkpt>
      <trkpt lat="60.065122" lon="24.405918"><ele>33.6</ele></trkpt>
      <trkpt lat="60.065107" lon="24.405887"><ele>33.8</ele></trkpt>
      <trkpt lat="60.065097" lon="24.405847"><ele>33.8</ele></trkpt>
      <trkpt lat="60.065085" lon="24.40581"><ele>34</ele></trkpt>
      <trkpt lat="60.065072" lon="24.40576"><ele>34</ele></trkpt>
      <trkpt lat="60.065057" lon="24.405712"><ele>34.2</ele></trkpt>
      <trkpt lat="60.065042" lon="24.405667"><ele>34.2</ele></trkpt>
      <trkpt lat="60.065027" lon="24.40562"><ele>34.2</ele></trkpt>
      <trkpt lat="60.065017" lon="24.405567"><ele>34.2</ele></trkpt>
      <trkpt lat="60.065012" lon="24.40551"><ele>34.2</ele></trkpt>
      <trkpt lat="60.065005" lon="24.40545"><ele>34</ele></trkpt>
      <trkpt lat="60.064997" lon="24.40539"><ele>34</ele></trkpt>
      <trkpt lat="60.064985" lon="24.405332"><ele>34</ele></trkpt>
      <trkpt lat="60.064972" lon="24.405267"><ele>34</ele></trkpt>
      <trkpt lat="60.064965" lon="24.405205"><ele>34</ele></trkpt>
      <trkpt lat="60.064957" lon="24.405142"><ele>34</ele></trkpt>
      <trkpt lat="60.06495" lon="24.405095"><ele>34</ele></trkpt>
      <trkpt lat="60.06494" lon="24.40505"><ele>34</ele></trkpt>
      <trkpt lat="60.064932" lon="24.405012"><ele>34</ele></trkpt>
      <trkpt lat="60.064922" lon="24.404977"><ele>34.2</ele></trkpt>
      <trkpt lat="60.064917" lon="24.404942"><ele>34.2</ele></trkpt>
      <trkpt lat="60.064908" lon="24.404907"><ele>34.4</ele></trkpt>
      <trkpt lat="60.064905" lon="24.404842"><ele>34.6</ele></trkpt>
      <trkpt lat="60.064902" lon="24.404777"><ele>35.2</ele></trkpt>
      <trkpt lat="60.06489" lon="24.404712"><ele>36</ele></trkpt>
      <trkpt lat="60.064882" lon="24.404672"><ele>36.2</ele></trkpt>
      <trkpt lat="60.06488" lon="24.404622"><ele>36.6</ele></trkpt>
      <trkpt lat="60.064877" lon="24.404582"><ele>36.8</ele></trkpt>
      <trkpt lat="60.06487" lon="24.404542"><ele>37</ele></trkpt>
      <trkpt lat="60.064867" lon="24.404502"><ele>37.2</ele></trkpt>
      <trkpt lat="60.064857" lon="24.404467"><ele>37.2</ele></trkpt>
      <trkpt lat="60.064847" lon="24.404437"><ele>37.4</ele></trkpt>
      <trkpt lat="60.064832" lon="24.404377"><ele>37.6</ele></trkpt>
      <trkpt lat="60.06482" lon="24.404317"><ele>38</ele></trkpt>
      <trkpt lat="60.064815" lon="24.404282"><ele>38.2</ele></trkpt>
      <trkpt lat="60.064812" lon="24.40424"><ele>38.6</ele></trkpt>
      <trkpt lat="60.064807" lon="24.404195"><ele>39</ele></trkpt>
      <trkpt lat="60.064807" lon="24.404147"><ele>39.2</ele></trkpt>
      <trkpt lat="60.0648" lon="24.404107"><ele>39.4</ele></trkpt>
      <trkpt lat="60.064797" lon="24.404067"><ele>39.4</ele></trkpt>
      <trkpt lat="60.064797" lon="24.404027"><ele>39.6</ele></trkpt>
      <trkpt lat="60.064795" lon="24.403987"><ele>39.8</ele></trkpt>
      <trkpt lat="60.064792" lon="24.403942"><ele>40</ele></trkpt>
      <trkpt lat="60.064787" lon="24.4039"><ele>40.2</ele></trkpt>
      <trkpt lat="60.06478" lon="24.40386"><ele>40.4</ele></trkpt>
      <trkpt lat="60.064767" lon="24.403825"><ele>40.4</ele></trkpt>
      <trkpt lat="60.064742" lon="24.403787"><ele>40.6</ele></trkpt>
      <trkpt lat="60.06471" lon="24.403752"><ele>40.8</ele></trkpt>
      <trkpt lat="60.064682" lon="24.403722"><ele>40.8</ele></trkpt>
      <trkpt lat="60.064662" lon="24.403692"><ele>40.8</ele></trkpt>
      <trkpt lat="60.064642" lon="24.40367"><ele>40.8</ele></trkpt>
      <trkpt lat="60.064622" lon="24.403647"><ele>40.8</ele></trkpt>
      <trkpt lat="60.064602" lon="24.403622"><ele>40.8</ele></trkpt>
      <trkpt lat="60.064585" lon="24.403602"><ele>40.8</ele></trkpt>
      <trkpt lat="60.06457" lon="24.40358"><ele>40.8</ele></trkpt>
      <trkpt lat="60.064555" lon="24.40355"><ele>40.8</ele></trkpt>
      <trkpt lat="60.064545" lon="24.403517"><ele>40.8</ele></trkpt>
      <trkpt lat="60.064535" lon="24.403455"><ele>41</ele></trkpt>
      <trkpt lat="60.06452" lon="24.403412"><ele>41</ele></trkpt>
      <trkpt lat="60.064497" lon="24.403382"><ele>41.2</ele></trkpt>
      <trkpt lat="60.064467" lon="24.403352"><ele>41.4</ele></trkpt>
      <trkpt lat="60.064432" lon="24.403347"><ele>41.4</ele></trkpt>
      <trkpt lat="60.064412" lon="24.403352"><ele>41.4</ele></trkpt>
      <trkpt lat="60.064392" lon="24.403355"><ele>41.2</ele></trkpt>
      <trkpt lat="60.064372" lon="24.40335"><ele>41.2</ele></trkpt>
      <trkpt lat="60.064352" lon="24.403345"><ele>41.4</ele></trkpt>
      <trkpt lat="60.064332" lon="24.403342"><ele>41.6</ele></trkpt>
      <trkpt lat="60.064315" lon="24.403337"><ele>41.8</ele></trkpt>
      <trkpt lat="60.064295" lon="24.40333"><ele>42.2</ele></trkpt>
      <trkpt lat="60.064277" lon="24.403317"><ele>42.4</ele></trkpt>
      <trkpt lat="60.06426" lon="24.40329"><ele>42.8</ele></trkpt>
      <trkpt lat="60.064252" lon="24.403252"><ele>43</ele></trkpt>
      <trkpt lat="60.064262" lon="24.403195"><ele>43.4</ele></trkpt>
      <trkpt lat="60.064277" lon="24.40314"><ele>44</ele></trkpt>
      <trkpt lat="60.064292" lon="24.403077"><ele>44.6</ele></trkpt>
      <trkpt lat="60.064315" lon="24.403017"><ele>44.8</ele></trkpt>
      <trkpt lat="60.064337" lon="24.402957"><ele>45.2</ele></trkpt>
      <trkpt lat="60.064347" lon="24.402922"><ele>45.4</ele></trkpt>
      <trkpt lat="60.064355" lon="24.402882"><ele>45.6</ele></trkpt>
      <trkpt lat="60.064362" lon="24.402847"><ele>45.6</ele></trkpt>
      <trkpt lat="60.064372" lon="24.402787"><ele>46</ele></trkpt>
      <trkpt lat="60.064382" lon="24.402717"><ele>46.2</ele></trkpt>
      <trkpt lat="60.064387" lon="24.402672"><ele>46.4</ele></trkpt>
      <trkpt lat="60.064392" lon="24.402622"><ele>46.6</ele></trkpt>
      <trkpt lat="60.064402" lon="24.402557"><ele>46.6</ele></trkpt>
      <trkpt lat="60.064412" lon="24.402477"><ele>46.8</ele></trkpt>
      <trkpt lat="60.064417" lon="24.402412"><ele>46.8</ele></trkpt>
      <trkpt lat="60.064422" lon="24.402347"><ele>46.8</ele></trkpt>
      <trkpt lat="60.064432" lon="24.40227"><ele>46.6</ele></trkpt>
      <trkpt lat="60.064442" lon="24.402187"><ele>46.4</ele></trkpt>
      <trkpt lat="60.064442" lon="24.402107"><ele>46.4</ele></trkpt>
      <trkpt lat="60.064442" lon="24.402032"><ele>46.4</ele></trkpt>
      <trkpt lat="60.064442" lon="24.401967"><ele>46.2</ele></trkpt>
      <trkpt lat="60.06444" lon="24.40191"><ele>46</ele></trkpt>
      <trkpt lat="60.064437" lon="24.401845"><ele>46</ele></trkpt>
      <trkpt lat="60.064432" lon="24.401777"><ele>46</ele></trkpt>
      <trkpt lat="60.064422" lon="24.4017"><ele>46</ele></trkpt>
      <trkpt lat="60.064412" lon="24.401622"><ele>46</ele></trkpt>
      <trkpt lat="60.064402" lon="24.401535"><ele>45.8</ele></trkpt>
      <trkpt lat="60.064407" lon="24.401437"><ele>45.8</ele></trkpt>
      <trkpt lat="60.064417" lon="24.401337"><ele>45.6</ele></trkpt>
      <trkpt lat="60.064427" lon="24.401245"><ele>45.4</ele></trkpt>
      <trkpt lat="60.064437" lon="24.401157"><ele>45.2</ele></trkpt>
      <trkpt lat="60.064442" lon="24.40108"><ele>45</ele></trkpt>
      <trkpt lat="60.064442" lon="24.401017"><ele>45</ele></trkpt>
      <trkpt lat="60.064442" lon="24.400967"><ele>45.2</ele></trkpt>
      <trkpt lat="60.064442" lon="24.40091"><ele>45.2</ele></trkpt>
      <trkpt lat="60.064437" lon="24.400847"><ele>45.6</ele></trkpt>
      <trkpt lat="60.06444" lon="24.400802"><ele>45.8</ele></trkpt>
      <trkpt lat="60.064442" lon="24.40075"><ele>46.2</ele></trkpt>
      <trkpt lat="60.064445" lon="24.400697"><ele>46.2</ele></trkpt>
      <trkpt lat="60.064447" lon="24.400642"><ele>46.6</ele></trkpt>
      <trkpt lat="60.064452" lon="24.400582"><ele>46.8</ele></trkpt>
      <trkpt lat="60.064457" lon="24.400527"><ele>47</ele></trkpt>
      <trkpt lat="60.064458" lon="24.400485"><ele>47</ele></trkpt>
      <trkpt lat="60.064467" lon="24.40042"><ele>47.2</ele></trkpt>
      <trkpt lat="60.064477" lon="24.400387"><ele>47.4</ele></trkpt>
      <trkpt lat="60.064487" lon="24.40036"><ele>47.6</ele></trkpt>
      <trkpt lat="60.064507" lon="24.400315"><ele>48</ele></trkpt>
      <trkpt lat="60.064517" lon="24.400302"><ele>48.8</ele></trkpt>
      <trkpt lat="60.0645" lon="24.400302"><ele>48.8</ele></trkpt>
      <trkpt lat="60.064467" lon="24.40029"><ele>48.8</ele></trkpt>
      <trkpt lat="60.064427" lon="24.400257"><ele>48.6</ele></trkpt>
      <trkpt lat="60.064387" lon="24.400217"><ele>48.6</ele></trkpt>
      <trkpt lat="60.064357" lon="24.400185"><ele>48.4</ele></trkpt>
      <trkpt lat="60.06433" lon="24.400155"><ele>48</ele></trkpt>
      <trkpt lat="60.064297" lon="24.400125"><ele>47.8</ele></trkpt>
      <trkpt lat="60.064262" lon="24.400095"><ele>47.6</ele></trkpt>
      <trkpt lat="60.064222" lon="24.400065"><ele>47.6</ele></trkpt>
      <trkpt lat="60.064187" lon="24.400037"><ele>47.6</ele></trkpt>
      <trkpt lat="60.064152" lon="24.400022"><ele>47.8</ele></trkpt>
      <trkpt lat="60.064115" lon="24.400007"><ele>47.8</ele></trkpt>
      <trkpt lat="60.064075" lon="24.399987"><ele>48</ele></trkpt>
      <trkpt lat="60.064027" lon="24.399947"><ele>48.2</ele></trkpt>
      <trkpt lat="60.06399" lon="24.399885"><ele>48.4</ele></trkpt>
      <trkpt lat="60.063952" lon="24.399812"><ele>48.6</ele></trkpt>
      <trkpt lat="60.063912" lon="24.399742"><ele>48.4</ele></trkpt>
      <trkpt lat="60.06386" lon="24.399685"><ele>48.2</ele></trkpt>
      <trkpt lat="60.06381" lon="24.39968"><ele>48</ele></trkpt>
      <trkpt lat="60.06376" lon="24.39968"><ele>47.8</ele></trkpt>
      <trkpt lat="60.063712" lon="24.399675"><ele>47.6</ele></trkpt>
      <trkpt lat="60.06367" lon="24.399647"><ele>47.4</ele></trkpt>
      <trkpt lat="60.063632" lon="24.399602"><ele>47</ele></trkpt>
      <trkpt lat="60.063597" lon="24.399545"><ele>47</ele></trkpt>
      <trkpt lat="60.063555" lon="24.399482"><ele>47</ele></trkpt>
      <trkpt lat="60.063517" lon="24.399417"><ele>47</ele></trkpt>
      <trkpt lat="60.063492" lon="24.399337"><ele>47.2</ele></trkpt>
      <trkpt lat="60.06347" lon="24.399287"><ele>47.2</ele></trkpt>
      <trkpt lat="60.063447" lon="24.39926"><ele>47.4</ele></trkpt>
      <trkpt lat="60.063422" lon="24.399235"><ele>47.6</ele></trkpt>
      <trkpt lat="60.063402" lon="24.399207"><ele>47.6</ele></trkpt>
      <trkpt lat="60.06338" lon="24.399185"><ele>48</ele></trkpt>
      <trkpt lat="60.063352" lon="24.399157"><ele>48.2</ele></trkpt>
      <trkpt lat="60.06333" lon="24.399127"><ele>48.4</ele></trkpt>
      <trkpt lat="60.063307" lon="24.399092"><ele>48.8</ele></trkpt>
      <trkpt lat="60.063282" lon="24.399065"><ele>49.2</ele></trkpt>
      <trkpt lat="60.063257" lon="24.399072"><ele>49.6</ele></trkpt>
      <trkpt lat="60.06324" lon="24.399115"><ele>49.8</ele></trkpt>
      <trkpt lat="60.063225" lon="24.39917"><ele>50.2</ele></trkpt>
      <trkpt lat="60.063217" lon="24.399237"><ele>50.4</ele></trkpt>
      <trkpt lat="60.06321" lon="24.399322"><ele>50.6</ele></trkpt>
      <trkpt lat="60.063192" lon="24.399432"><ele>50.8</ele></trkpt>
      <trkpt lat="60.063162" lon="24.399537"><ele>51</ele></trkpt>
      <trkpt lat="60.063115" lon="24.399607"><ele>51</ele></trkpt>
      <trkpt lat="60.063065" lon="24.39964"><ele>50.8</ele></trkpt>
      <trkpt lat="60.06302" lon="24.399692"><ele>50.6</ele></trkpt>
      <trkpt lat="60.062972" lon="24.399757"><ele>50.4</ele></trkpt>
      <trkpt lat="60.062925" lon="24.39983"><ele>50.2</ele></trkpt>
      <trkpt lat="60.062875" lon="24.399897"><ele>50</ele></trkpt>
      <trkpt lat="60.06283" lon="24.399935"><ele>49.4</ele></trkpt>
      <trkpt lat="60.062787" lon="24.399972"><ele>48.8</ele></trkpt>
      <trkpt lat="60.062755" lon="24.400037"><ele>48</ele></trkpt>
      <trkpt lat="60.06273" lon="24.400132"><ele>47.2</ele></trkpt>
      <trkpt lat="60.062717" lon="24.40024"><ele>46.4</ele></trkpt>
      <trkpt lat="60.062712" lon="24.40033"><ele>45.4</ele></trkpt>
      <trkpt lat="60.062707" lon="24.400412"><ele>44.4</ele></trkpt>
      <trkpt lat="60.062712" lon="24.400472"><ele>43.2</ele></trkpt>
      <trkpt lat="60.062707" lon="24.400525"><ele>42.2</ele></trkpt>
      <trkpt lat="60.062695" lon="24.400572"><ele>41.4</ele></trkpt>
      <trkpt lat="60.062682" lon="24.40061"><ele>40.8</ele></trkpt>
      <trkpt lat="60.062667" lon="24.400652"><ele>40.2</ele></trkpt>
      <trkpt lat="60.062652" lon="24.400702"><ele>39.6</ele></trkpt>
      <trkpt lat="60.062627" lon="24.400747"><ele>39.2</ele></trkpt>
      <trkpt lat="60.0626" lon="24.400765"><ele>38.6</ele></trkpt>
      <trkpt lat="60.06257" lon="24.400772"><ele>38.4</ele></trkpt>
      <trkpt lat="60.062537" lon="24.40078"><ele>38</ele></trkpt>
      <trkpt lat="60.062495" lon="24.400785"><ele>37.6</ele></trkpt>
      <trkpt lat="60.062457" lon="24.40081"><ele>37.4</ele></trkpt>
      <trkpt lat="60.062422" lon="24.400847"><ele>37.2</ele></trkpt>
      <trkpt lat="60.062387" lon="24.400885"><ele>37</ele></trkpt>
      <trkpt lat="60.062365" lon="24.400917"><ele>36.6</ele></trkpt>
      <trkpt lat="60.062347" lon="24.400947"><ele>36.2</ele></trkpt>
      <trkpt lat="60.062325" lon="24.400972"><ele>35.8</ele></trkpt>
      <trkpt lat="60.062307" lon="24.400992"><ele>35.2</ele></trkpt>
      <trkpt lat="60.062285" lon="24.401007"><ele>34.8</ele></trkpt>
      <trkpt lat="60.062257" lon="24.40102"><ele>34.2</ele></trkpt>
      <trkpt lat="60.062232" lon="24.401025"><ele>33.8</ele></trkpt>
      <trkpt lat="60.062212" lon="24.401042"><ele>33.2</ele></trkpt>
      <trkpt lat="60.062192" lon="24.401067"><ele>32.6</ele></trkpt>
      <trkpt lat="60.06217" lon="24.401075"><ele>32</ele></trkpt>
      <trkpt lat="60.062142" lon="24.401112"><ele>31.4</ele></trkpt>
      <trkpt lat="60.062112" lon="24.401162"><ele>30.8</ele></trkpt>
      <trkpt lat="60.062085" lon="24.401227"><ele>30.2</ele></trkpt>
      <trkpt lat="60.06206" lon="24.40127"><ele>29.6</ele></trkpt>
      <trkpt lat="60.062035" lon="24.401292"><ele>29</ele></trkpt>
      <trkpt lat="60.06201" lon="24.401292"><ele>27.8</ele></trkpt>
      <trkpt lat="60.061992" lon="24.401297"><ele>27</ele></trkpt>
      <trkpt lat="60.061967" lon="24.40128"><ele>26.2</ele></trkpt>
      <trkpt lat="60.061952" lon="24.40125"><ele>26</ele></trkpt>
      <trkpt lat="60.06194" lon="24.401218"><ele>25.8</ele></trkpt>
      <trkpt lat="60.06192" lon="24.40119"><ele>25.6</ele></trkpt>
      <trkpt lat="60.061897" lon="24.401175"><ele>25.6</ele></trkpt>
      <trkpt lat="60.061875" lon="24.401177"><ele>25.4</ele></trkpt>
      <trkpt lat="60.061852" lon="24.4012"><ele>25.2</ele></trkpt>
      <trkpt lat="60.061827" lon="24.401218"><ele>25</ele></trkpt>
      <trkpt lat="60.061805" lon="24.401237"><ele>25</ele></trkpt>
      <trkpt lat="60.061782" lon="24.401247"><ele>24.8</ele></trkpt>
      <trkpt lat="60.06176" lon="24.401247"><ele>24.8</ele></trkpt>
      <trkpt lat="60.061728" lon="24.401252"><ele>25</ele></trkpt>
      <trkpt lat="60.061697" lon="24.401262"><ele>25</ele></trkpt>
      <trkpt lat="60.061662" lon="24.401285"><ele>25</ele></trkpt>
      <trkpt lat="60.06163" lon="24.401302"><ele>25</ele></trkpt>
      <trkpt lat="60.061597" lon="24.401322"><ele>25</ele></trkpt>
      <trkpt lat="60.061577" lon="24.401342"><ele>24.8</ele></trkpt>
      <trkpt lat="60.06156" lon="24.401367"><ele>24.8</ele></trkpt>
      <trkpt lat="60.061542" lon="24.401392"><ele>24.6</ele></trkpt>
      <trkpt lat="60.06152" lon="24.401412"><ele>24.4</ele></trkpt>
      <trkpt lat="60.061502" lon="24.401407"><ele>24.4</ele></trkpt>
      <trkpt lat="60.061477" lon="24.401397"><ele>24.4</ele></trkpt>
      <trkpt lat="60.061452" lon="24.401432"><ele>24.4</ele></trkpt>
      <trkpt lat="60.061432" lon="24.401422"><ele>24.6</ele></trkpt>
      <trkpt lat="60.061415" lon="24.401402"><ele>24.6</ele></trkpt>
      <trkpt lat="60.061392" lon="24.401367"><ele>24.6</ele></trkpt>
      <trkpt lat="60.061372" lon="24.40134"><ele>24.6</ele></trkpt>
      <trkpt lat="60.061352" lon="24.401332"><ele>24.8</ele></trkpt>
      <trkpt lat="60.061337" lon="24.401312"><ele>24.8</ele></trkpt>
      <trkpt lat="60.061312" lon="24.401267"><ele>24.8</ele></trkpt>
      <trkpt lat="60.0613" lon="24.401235"><ele>24.8</ele></trkpt>
      <trkpt lat="60.061278" lon="24.4012"><ele>24.8</ele></trkpt>
      <trkpt lat="60.061262" lon="24.401162"><ele>24.8</ele></trkpt>
      <trkpt lat="60.061242" lon="24.40112"><ele>24.8</ele></trkpt>
      <trkpt lat="60.061225" lon="24.401062"><ele>24.8</ele></trkpt>
      <trkpt lat="60.061193" lon="24.40101"><ele>24.8</ele></trkpt>
      <trkpt lat="60.061162" lon="24.400957"><ele>24.6</ele></trkpt>
      <trkpt lat="60.061132" lon="24.400912"><ele>24.4</ele></trkpt>
      <trkpt lat="60.0611" lon="24.40087"><ele>24.2</ele></trkpt>
      <trkpt lat="60.061072" lon="24.400827"><ele>23.8</ele></trkpt>
      <trkpt lat="60.061047" lon="24.400787"><ele>23.6</ele></trkpt>
      <trkpt lat="60.061022" lon="24.400747"><ele>23.4</ele></trkpt>
      <trkpt lat="60.061" lon="24.400717"><ele>23.2</ele></trkpt>
      <trkpt lat="60.060972" lon="24.400695"><ele>23</ele></trkpt>
      <trkpt lat="60.060947" lon="24.400682"><ele>23</ele></trkpt>
      <trkpt lat="60.060925" lon="24.400677"><ele>23</ele></trkpt>
      <trkpt lat="60.060905" lon="24.400685"><ele>22.8</ele></trkpt>
      <trkpt lat="60.060875" lon="24.400687"><ele>22.8</ele></trkpt>
      <trkpt lat="60.060857" lon="24.400682"><ele>22.6</ele></trkpt>
      <trkpt lat="60.060832" lon="24.400667"><ele>22.8</ele></trkpt>
      <trkpt lat="60.060807" lon="24.400642"><ele>22.8</ele></trkpt>
      <trkpt lat="60.06078" lon="24.400627"><ele>23</ele></trkpt>
      <trkpt lat="60.060755" lon="24.400607"><ele>23</ele></trkpt>
      <trkpt lat="60.060732" lon="24.400587"><ele>23</ele></trkpt>
      <trkpt lat="60.060707" lon="24.40057"><ele>23</ele></trkpt>
      <trkpt lat="60.060692" lon="24.40055"><ele>23</ele></trkpt>
      <trkpt lat="60.060675" lon="24.400522"><ele>22.8</ele></trkpt>
      <trkpt lat="60.060657" lon="24.400482"><ele>23</ele></trkpt>
      <trkpt lat="60.060632" lon="24.400445"><ele>23</ele></trkpt>
      <trkpt lat="60.060607" lon="24.40041"><ele>23</ele></trkpt>
      <trkpt lat="60.060582" lon="24.400367"><ele>23</ele></trkpt>
      <trkpt lat="60.060567" lon="24.40033"><ele>23</ele></trkpt>
      <trkpt lat="60.06055" lon="24.400302"><ele>22.8</ele></trkpt>
      <trkpt lat="60.060537" lon="24.400268"><ele>22.6</ele></trkpt>
      <trkpt lat="60.060532" lon="24.400233"><ele>22.6</ele></trkpt>
      <trkpt lat="60.060522" lon="24.400197"><ele>22.6</ele></trkpt>
      <trkpt lat="60.060507" lon="24.400152"><ele>22.6</ele></trkpt>
      <trkpt lat="60.060495" lon="24.400092"><ele>22.6</ele></trkpt>
      <trkpt lat="60.060467" lon="24.400042"><ele>22.8</ele></trkpt>
      <trkpt lat="60.06045" lon="24.400042"><ele>23</ele></trkpt>
      <trkpt lat="60.060427" lon="24.400027"><ele>23.2</ele></trkpt>
      <trkpt lat="60.060415" lon="24.399992"><ele>23.6</ele></trkpt>
      <trkpt lat="60.060395" lon="24.399962"><ele>23.8</ele></trkpt>
      <trkpt lat="60.060377" lon="24.399935"><ele>24.2</ele></trkpt>
      <trkpt lat="60.060357" lon="24.399917"><ele>24.4</ele></trkpt>
      <trkpt lat="60.060335" lon="24.399897"><ele>25</ele></trkpt>
      <trkpt lat="60.060315" lon="24.399882"><ele>25.2</ele></trkpt>
      <trkpt lat="60.060297" lon="24.399867"><ele>25.6</ele></trkpt>
      <trkpt lat="60.06028" lon="24.399852"><ele>25.8</ele></trkpt>
      <trkpt lat="60.060262" lon="24.399822"><ele>26</ele></trkpt>
      <trkpt lat="60.060247" lon="24.399792"><ele>26.2</ele></trkpt>
      <trkpt lat="60.060227" lon="24.399767"><ele>26.8</ele></trkpt>
      <trkpt lat="60.060207" lon="24.399725"><ele>27</ele></trkpt>
      <trkpt lat="60.060177" lon="24.399672"><ele>27.2</ele></trkpt>
      <trkpt lat="60.06016" lon="24.399637"><ele>27.2</ele></trkpt>
      <trkpt lat="60.060147" lon="24.399605"><ele>27.2</ele></trkpt>
      <trkpt lat="60.06013" lon="24.399572"><ele>27.2</ele></trkpt>
      <trkpt lat="60.060112" lon="24.399547"><ele>27.2</ele></trkpt>
      <trkpt lat="60.060095" lon="24.39953"><ele>27.2</ele></trkpt>
      <trkpt lat="60.060077" lon="24.3995"><ele>27.2</ele></trkpt>
      <trkpt lat="60.060067" lon="24.399462"><ele>27.2</ele></trkpt>
      <trkpt lat="60.06006" lon="24.39943"><ele>27.4</ele></trkpt>
      <trkpt lat="60.060032" lon="24.399367"><ele>27.6</ele></trkpt>
      <trkpt lat="60.060015" lon="24.399352"><ele>27.6</ele></trkpt>
      <trkpt lat="60.059992" lon="24.3993"><ele>27.2</ele></trkpt>
      <trkpt lat="60.059983" lon="24.39926"><ele>27.2</ele></trkpt>
      <trkpt lat="60.059972" lon="24.399232"><ele>27</ele></trkpt>
      <trkpt lat="60.059957" lon="24.399207"><ele>27</ele></trkpt>
      <trkpt lat="60.059942" lon="24.399175"><ele>26.8</ele></trkpt>
      <trkpt lat="60.059922" lon="24.399137"><ele>26.6</ele></trkpt>
      <trkpt lat="60.05991" lon="24.399097"><ele>26.4</ele></trkpt>
      <trkpt lat="60.059892" lon="24.399047"><ele>26</ele></trkpt>
      <trkpt lat="60.059875" lon="24.399005"><ele>25.8</ele></trkpt>
      <trkpt lat="60.059857" lon="24.39897"><ele>25.6</ele></trkpt>
      <trkpt lat="60.05984" lon="24.398942"><ele>25.2</ele></trkpt>
      <trkpt lat="60.059822" lon="24.398912"><ele>24.8</ele></trkpt>
      <trkpt lat="60.059807" lon="24.39889"><ele>24.6</ele></trkpt>
      <trkpt lat="60.059795" lon="24.398865"><ele>24.6</ele></trkpt>
      <trkpt lat="60.059777" lon="24.398833"><ele>24.6</ele></trkpt>
      <trkpt lat="60.059758" lon="24.398805"><ele>24.8</ele></trkpt>
      <trkpt lat="60.059742" lon="24.398772"><ele>24.8</ele></trkpt>
      <trkpt lat="60.059727" lon="24.398742"><ele>25</ele></trkpt>
      <trkpt lat="60.05971" lon="24.398712"><ele>25</ele></trkpt>
      <trkpt lat="60.059697" lon="24.398682"><ele>25.2</ele></trkpt>
      <trkpt lat="60.059682" lon="24.398652"><ele>25.6</ele></trkpt>
      <trkpt lat="60.059665" lon="24.398622"><ele>25.6</ele></trkpt>
      <trkpt lat="60.059637" lon="24.398572"><ele>26.2</ele></trkpt>
      <trkpt lat="60.059622" lon="24.398542"><ele>26.2</ele></trkpt>
      <trkpt lat="60.059607" lon="24.398522"><ele>26.4</ele></trkpt>
      <trkpt lat="60.059582" lon="24.398472"><ele>26.8</ele></trkpt>
      <trkpt lat="60.059567" lon="24.398447"><ele>27.2</ele></trkpt>
      <trkpt lat="60.059552" lon="24.398425"><ele>27.4</ele></trkpt>
      <trkpt lat="60.059527" lon="24.398377"><ele>27.8</ele></trkpt>
      <trkpt lat="60.059512" lon="24.39835"><ele>28</ele></trkpt>
      <trkpt lat="60.059497" lon="24.398322"><ele>28.2</ele></trkpt>
      <trkpt lat="60.059485" lon="24.398297"><ele>28.4</ele></trkpt>
      <trkpt lat="60.059462" lon="24.39825"><ele>28.6</ele></trkpt>
      <trkpt lat="60.059447" lon="24.398227"><ele>28.8</ele></trkpt>
      <trkpt lat="60.059422" lon="24.398177"><ele>29.2</ele></trkpt>
      <trkpt lat="60.059405" lon="24.398152"><ele>29.4</ele></trkpt>
      <trkpt lat="60.05939" lon="24.39813"><ele>29.6</ele></trkpt>
      <trkpt lat="60.059372" lon="24.39809"><ele>29.8</ele></trkpt>
      <trkpt lat="60.059345" lon="24.398057"><ele>30.2</ele></trkpt>
      <trkpt lat="60.059327" lon="24.398045"><ele>30.4</ele></trkpt>
      <trkpt lat="60.059307" lon="24.39803"><ele>30.8</ele></trkpt>
      <trkpt lat="60.059287" lon="24.398017"><ele>30.8</ele></trkpt>
      <trkpt lat="60.059265" lon="24.398007"><ele>31</ele></trkpt>
      <trkpt lat="60.059242" lon="24.398002"><ele>31</ele></trkpt>
      <trkpt lat="60.059217" lon="24.397995"><ele>31.2</ele></trkpt>
      <trkpt lat="60.059195" lon="24.397992"><ele>31.2</ele></trkpt>
      <trkpt lat="60.059172" lon="24.39799"><ele>31.2</ele></trkpt>
      <trkpt lat="60.059152" lon="24.397985"><ele>31.2</ele></trkpt>
      <trkpt lat="60.059132" lon="24.397995"><ele>31.4</ele></trkpt>
      <trkpt lat="60.059112" lon="24.398007"><ele>31.4</ele></trkpt>
      <trkpt lat="60.05909" lon="24.398027"><ele>31.6</ele></trkpt>
      <trkpt lat="60.059072" lon="24.398047"><ele>31.6</ele></trkpt>
      <trkpt lat="60.059055" lon="24.398072"><ele>31.8</ele></trkpt>
      <trkpt lat="60.05904" lon="24.398097"><ele>31.8</ele></trkpt>
      <trkpt lat="60.059015" lon="24.398147"><ele>32</ele></trkpt>
      <trkpt lat="60.059007" lon="24.39818"><ele>32.2</ele></trkpt>
      <trkpt lat="60.058995" lon="24.398215"><ele>32.4</ele></trkpt>
      <trkpt lat="60.058982" lon="24.398242"><ele>32.4</ele></trkpt>
      <trkpt lat="60.058962" lon="24.398262"><ele>32.6</ele></trkpt>
      <trkpt lat="60.058945" lon="24.39828"><ele>32.6</ele></trkpt>
      <trkpt lat="60.058915" lon="24.39831"><ele>32.8</ele></trkpt>
      <trkpt lat="60.058887" lon="24.398347"><ele>33</ele></trkpt>
      <trkpt lat="60.058857" lon="24.398382"><ele>33.4</ele></trkpt>
      <trkpt lat="60.058842" lon="24.398402"><ele>33.6</ele></trkpt>
      <trkpt lat="60.058822" lon="24.398447"><ele>34</ele></trkpt>
      <trkpt lat="60.058812" lon="24.398477"><ele>34.2</ele></trkpt>
      <trkpt lat="60.058797" lon="24.398535"><ele>34.6</ele></trkpt>
      <trkpt lat="60.05879" lon="24.39859"><ele>35</ele></trkpt>
      <trkpt lat="60.058782" lon="24.398647"><ele>35.6</ele></trkpt>
      <trkpt lat="60.05876" lon="24.398697"><ele>36.2</ele></trkpt>
      <trkpt lat="60.058732" lon="24.39874"><ele>36.8</ele></trkpt>
      <trkpt lat="60.058702" lon="24.398777"><ele>37.2</ele></trkpt>
      <trkpt lat="60.058675" lon="24.398822"><ele>37.8</ele></trkpt>
      <trkpt lat="60.05866" lon="24.398847"><ele>38</ele></trkpt>
      <trkpt lat="60.058642" lon="24.398875"><ele>38.2</ele></trkpt>
      <trkpt lat="60.058625" lon="24.3989"><ele>38.4</ele></trkpt>
      <trkpt lat="60.058607" lon="24.398927"><ele>38.6</ele></trkpt>
      <trkpt lat="60.058592" lon="24.398957"><ele>38.8</ele></trkpt>
      <trkpt lat="60.058572" lon="24.398987"><ele>38.8</ele></trkpt>
      <trkpt lat="60.058557" lon="24.399012"><ele>39</ele></trkpt>
      <trkpt lat="60.058545" lon="24.399037"><ele>39</ele></trkpt>
      <trkpt lat="60.058522" lon="24.399097"><ele>39.4</ele></trkpt>
      <trkpt lat="60.058512" lon="24.399127"><ele>39.8</ele></trkpt>
      <trkpt lat="60.058497" lon="24.399152"><ele>40</ele></trkpt>
      <trkpt lat="60.058482" lon="24.399177"><ele>40.4</ele></trkpt>
      <trkpt lat="60.058467" lon="24.399205"><ele>40.6</ele></trkpt>
      <trkpt lat="60.058445" lon="24.399257"><ele>41</ele></trkpt>
      <trkpt lat="60.058432" lon="24.399287"><ele>41.2</ele></trkpt>
      <trkpt lat="60.058422" lon="24.399315"><ele>41.4</ele></trkpt>
      <trkpt lat="60.0584" lon="24.39937"><ele>42</ele></trkpt>
      <trkpt lat="60.058392" lon="24.399438"><ele>42.2</ele></trkpt>
      <trkpt lat="60.058402" lon="24.399477"><ele>42.6</ele></trkpt>
      <trkpt lat="60.058417" lon="24.399512"><ele>42.6</ele></trkpt>
      <trkpt lat="60.058435" lon="24.39955"><ele>42.6</ele></trkpt>
      <trkpt lat="60.058452" lon="24.399587"><ele>42.6</ele></trkpt>
      <trkpt lat="60.058475" lon="24.39962"><ele>42.8</ele></trkpt>
      <trkpt lat="60.058495" lon="24.399647"><ele>42.8</ele></trkpt>
      <trkpt lat="60.058517" lon="24.399675"><ele>42.8</ele></trkpt>
      <trkpt lat="60.058542" lon="24.399697"><ele>42.8</ele></trkpt>
      <trkpt lat="60.058565" lon="24.399717"><ele>42.8</ele></trkpt>
      <trkpt lat="60.058585" lon="24.399727"><ele>43</ele></trkpt>
      <trkpt lat="60.058618" lon="24.399727"><ele>43.2</ele></trkpt>
      <trkpt lat="60.058645" lon="24.399755"><ele>43.2</ele></trkpt>
      <trkpt lat="60.058672" lon="24.39978"><ele>43.2</ele></trkpt>
      <trkpt lat="60.058697" lon="24.399787"><ele>43.6</ele></trkpt>
      <trkpt lat="60.05872" lon="24.39979"><ele>43.6</ele></trkpt>
      <trkpt lat="60.058742" lon="24.399792"><ele>43.6</ele></trkpt>
      <trkpt lat="60.058767" lon="24.399797"><ele>43.4</ele></trkpt>
      <trkpt lat="60.05879" lon="24.399805"><ele>43.6</ele></trkpt>
      <trkpt lat="60.058812" lon="24.399807"><ele>43.6</ele></trkpt>
      <trkpt lat="60.058837" lon="24.399812"><ele>43.8</ele></trkpt>
      <trkpt lat="60.058862" lon="24.39981"><ele>44</ele></trkpt>
      <trkpt lat="60.058897" lon="24.399805"><ele>44</ele></trkpt>
      <trkpt lat="60.058935" lon="24.399785"><ele>44.2</ele></trkpt>
      <trkpt lat="60.058972" lon="24.399757"><ele>44.2</ele></trkpt>
      <trkpt lat="60.059012" lon="24.399742"><ele>44.2</ele></trkpt>
      <trkpt lat="60.059052" lon="24.399735"><ele>44</ele></trkpt>
      <trkpt lat="60.059077" lon="24.399722"><ele>43.8</ele></trkpt>
      <trkpt lat="60.059102" lon="24.399677"><ele>43.8</ele></trkpt>
      <trkpt lat="60.059122" lon="24.39965"><ele>44.2</ele></trkpt>
      <trkpt lat="60.059142" lon="24.399647"><ele>44.4</ele></trkpt>
      <trkpt lat="60.059162" lon="24.39966"><ele>45</ele></trkpt>
      <trkpt lat="60.059187" lon="24.399672"><ele>46.2</ele></trkpt>
      <trkpt lat="60.059205" lon="24.399677"><ele>46.2</ele></trkpt>
      <trkpt lat="60.059235" lon="24.399695"><ele>46.2</ele></trkpt>
      <trkpt lat="60.059267" lon="24.399727"><ele>46.4</ele></trkpt>
      <trkpt lat="60.059297" lon="24.399767"><ele>46.4</ele></trkpt>
      <trkpt lat="60.059322" lon="24.399802"><ele>46.4</ele></trkpt>
      <trkpt lat="60.059342" lon="24.399832"><ele>46.2</ele></trkpt>
      <trkpt lat="60.059362" lon="24.399867"><ele>46.2</ele></trkpt>
      <trkpt lat="60.059382" lon="24.3999"><ele>46</ele></trkpt>
      <trkpt lat="60.059402" lon="24.399935"><ele>46</ele></trkpt>
      <trkpt lat="60.059417" lon="24.399962"><ele>45.8</ele></trkpt>
      <trkpt lat="60.059437" lon="24.399992"><ele>46</ele></trkpt>
      <trkpt lat="60.059455" lon="24.400022"><ele>46</ele></trkpt>
      <trkpt lat="60.059475" lon="24.400052"><ele>46</ele></trkpt>
      <trkpt lat="60.059502" lon="24.400087"><ele>46.2</ele></trkpt>
      <trkpt lat="60.05953" lon="24.400127"><ele>46.4</ele></trkpt>
      <trkpt lat="60.05956" lon="24.400182"><ele>46.6</ele></trkpt>
      <trkpt lat="60.059587" lon="24.40024"><ele>46.6</ele></trkpt>
      <trkpt lat="60.05961" lon="24.400287"><ele>46.6</ele></trkpt>
      <trkpt lat="60.05963" lon="24.400327"><ele>46.4</ele></trkpt>
      <trkpt lat="60.05965" lon="24.400365"><ele>46.4</ele></trkpt>
      <trkpt lat="60.059675" lon="24.400405"><ele>46.4</ele></trkpt>
      <trkpt lat="60.059707" lon="24.400432"><ele>46.4</ele></trkpt>
      <trkpt lat="60.059737" lon="24.40043"><ele>46.4</ele></trkpt>
      <trkpt lat="60.059767" lon="24.400437"><ele>46.4</ele></trkpt>
      <trkpt lat="60.059792" lon="24.400472"><ele>46.4</ele></trkpt>
      <trkpt lat="60.059815" lon="24.400517"><ele>46.2</ele></trkpt>
      <trkpt lat="60.059828" lon="24.400552"><ele>44.2</ele></trkpt>
      <trkpt lat="60.059845" lon="24.400592"><ele>44.8</ele></trkpt>
      <trkpt lat="60.05986" lon="24.400627"><ele>44.6</ele></trkpt>
      <trkpt lat="60.059882" lon="24.400675"><ele>44.8</ele></trkpt>
      <trkpt lat="60.059897" lon="24.40071"><ele>44.8</ele></trkpt>
      <trkpt lat="60.05992" lon="24.400742"><ele>44.8</ele></trkpt>
      <trkpt lat="60.059947" lon="24.400767"><ele>44.8</ele></trkpt>
      <trkpt lat="60.059972" lon="24.40079"><ele>44.8</ele></trkpt>
      <trkpt lat="60.059997" lon="24.400812"><ele>44.6</ele></trkpt>
      <trkpt lat="60.060022" lon="24.40085"><ele>44.4</ele></trkpt>
      <trkpt lat="60.060047" lon="24.400885"><ele>44</ele></trkpt>
      <trkpt lat="60.060072" lon="24.400917"><ele>43.6</ele></trkpt>
      <trkpt lat="60.060087" lon="24.400942"><ele>43</ele></trkpt>
      <trkpt lat="60.060102" lon="24.400975"><ele>42.6</ele></trkpt>
      <trkpt lat="60.060112" lon="24.401007"><ele>42</ele></trkpt>
      <trkpt lat="60.060135" lon="24.401055"><ele>41.4</ele></trkpt>
      <trkpt lat="60.060155" lon="24.401102"><ele>40.8</ele></trkpt>
      <trkpt lat="60.06017" lon="24.401132"><ele>40.4</ele></trkpt>
      <trkpt lat="60.060185" lon="24.40118"><ele>40.2</ele></trkpt>
      <trkpt lat="60.060172" lon="24.401152"><ele>40.4</ele></trkpt>
      <trkpt lat="60.060155" lon="24.40111"><ele>40.4</ele></trkpt>
      <trkpt lat="60.060137" lon="24.401067"><ele>40.2</ele></trkpt>
      <trkpt lat="60.06012" lon="24.401032"><ele>40.2</ele></trkpt>
      <trkpt lat="60.06011" lon="24.400992"><ele>40</ele></trkpt>
      <trkpt lat="60.060092" lon="24.400957"><ele>40</ele></trkpt>
      <trkpt lat="60.060085" lon="24.400917"><ele>40</ele></trkpt>
      <trkpt lat="60.06008" lon="24.400865"><ele>40</ele></trkpt>
      <trkpt lat="60.060077" lon="24.400827"><ele>40.2</ele></trkpt>
      <trkpt lat="60.060092" lon="24.400802"><ele>40.2</ele></trkpt>
      <trkpt lat="60.060107" lon="24.400762"><ele>41.8</ele></trkpt>
      <trkpt lat="60.060127" lon="24.400732"><ele>41.8</ele></trkpt>
      <trkpt lat="60.060152" lon="24.400707"><ele>41.8</ele></trkpt>
      <trkpt lat="60.060182" lon="24.400692"><ele>41.8</ele></trkpt>
      <trkpt lat="60.060212" lon="24.400677"><ele>41.8</ele></trkpt>
      <trkpt lat="60.060235" lon="24.40067"><ele>41</ele></trkpt>
      <trkpt lat="60.060252" lon="24.40069"><ele>40.8</ele></trkpt>
      <trkpt lat="60.060272" lon="24.400732"><ele>40.8</ele></trkpt>
      <trkpt lat="60.060287" lon="24.400772"><ele>40.8</ele></trkpt>
      <trkpt lat="60.060302" lon="24.400815"><ele>40.6</ele></trkpt>
      <trkpt lat="60.060317" lon="24.400865"><ele>40.6</ele></trkpt>
      <trkpt lat="60.060332" lon="24.40091"><ele>40.6</ele></trkpt>
      <trkpt lat="60.060347" lon="24.400952"><ele>40.6</ele></trkpt>
      <trkpt lat="60.060357" lon="24.40099"><ele>40.8</ele></trkpt>
      <trkpt lat="60.06038" lon="24.401047"><ele>40.8</ele></trkpt>
      <trkpt lat="60.060392" lon="24.401087"><ele>40.8</ele></trkpt>
      <trkpt lat="60.060407" lon="24.401122"><ele>40.8</ele></trkpt>
      <trkpt lat="60.06043" lon="24.401157"><ele>40.8</ele></trkpt>
      <trkpt lat="60.060447" lon="24.401192"><ele>40.6</ele></trkpt>
      <trkpt lat="60.060457" lon="24.401225"><ele>40.4</ele></trkpt>
      <trkpt lat="60.060467" lon="24.401262"><ele>40</ele></trkpt>
      <trkpt lat="60.060477" lon="24.401322"><ele>39.4</ele></trkpt>
      <trkpt lat="60.060492" lon="24.401375"><ele>39.2</ele></trkpt>
      <trkpt lat="60.060502" lon="24.401412"><ele>39.2</ele></trkpt>
      <trkpt lat="60.060512" lon="24.401447"><ele>39</ele></trkpt>
      <trkpt lat="60.060518" lon="24.401482"><ele>39</ele></trkpt>
      <trkpt lat="60.060532" lon="24.401517"><ele>39.2</ele></trkpt>
      <trkpt lat="60.060545" lon="24.401552"><ele>39.2</ele></trkpt>
      <trkpt lat="60.06056" lon="24.401597"><ele>39.4</ele></trkpt>
      <trkpt lat="60.060585" lon="24.401647"><ele>39.6</ele></trkpt>
      <trkpt lat="60.060605" lon="24.401705"><ele>39.8</ele></trkpt>
      <trkpt lat="60.060622" lon="24.40176"><ele>39.8</ele></trkpt>
      <trkpt lat="60.060642" lon="24.401782"><ele>39.6</ele></trkpt>
      <trkpt lat="60.060667" lon="24.401817"><ele>39.6</ele></trkpt>
      <trkpt lat="60.060692" lon="24.401857"><ele>39.8</ele></trkpt>
      <trkpt lat="60.060717" lon="24.401882"><ele>39.8</ele></trkpt>
      <trkpt lat="60.060742" lon="24.401912"><ele>39.8</ele></trkpt>
      <trkpt lat="60.06077" lon="24.401947"><ele>39.6</ele></trkpt>
      <trkpt lat="60.060787" lon="24.401972"><ele>39.6</ele></trkpt>
      <trkpt lat="60.060522" lon="24.402335"><ele>42.8</ele></trkpt>
      <trkpt lat="60.060505" lon="24.402342"><ele>42.8</ele></trkpt>
      <trkpt lat="60.060485" lon="24.402352"><ele>42.8</ele></trkpt>
      <trkpt lat="60.060467" lon="24.40238"><ele>42.6</ele></trkpt>
      <trkpt lat="60.060462" lon="24.402422"><ele>42.4</ele></trkpt>
      <trkpt lat="60.060462" lon="24.402477"><ele>42.4</ele></trkpt>
      <trkpt lat="60.060452" lon="24.402527"><ele>42.4</ele></trkpt>
      <trkpt lat="60.060442" lon="24.40258"><ele>42.4</ele></trkpt>
      <trkpt lat="60.060433" lon="24.402622"><ele>42.4</ele></trkpt>
      <trkpt lat="60.060425" lon="24.402667"><ele>42.4</ele></trkpt>
      <trkpt lat="60.060417" lon="24.402715"><ele>42.6</ele></trkpt>
      <trkpt lat="60.060407" lon="24.402767"><ele>42.8</ele></trkpt>
      <trkpt lat="60.0604" lon="24.402815"><ele>43</ele></trkpt>
      <trkpt lat="60.060397" lon="24.402872"><ele>43.2</ele></trkpt>
      <trkpt lat="60.060397" lon="24.40293"><ele>43.4</ele></trkpt>
      <trkpt lat="60.060397" lon="24.402982"><ele>43.6</ele></trkpt>
      <trkpt lat="60.060397" lon="24.403027"><ele>43.8</ele></trkpt>
      <trkpt lat="60.060402" lon="24.403065"><ele>44</ele></trkpt>
      <trkpt lat="60.060417" lon="24.403102"><ele>44.2</ele></trkpt>
      <trkpt lat="60.060433" lon="24.403137"><ele>44.4</ele></trkpt>
      <trkpt lat="60.060455" lon="24.403177"><ele>44.4</ele></trkpt>
      <trkpt lat="60.060475" lon="24.403222"><ele>44.6</ele></trkpt>
      <trkpt lat="60.0605" lon="24.403262"><ele>44.6</ele></trkpt>
      <trkpt lat="60.060527" lon="24.403297"><ele>44.8</ele></trkpt>
      <trkpt lat="60.060557" lon="24.403342"><ele>44.8</ele></trkpt>
      <trkpt lat="60.060588" lon="24.403417"><ele>44.8</ele></trkpt>
      <trkpt lat="60.06062" lon="24.403512"><ele>45</ele></trkpt>
      <trkpt lat="60.06065" lon="24.403617"><ele>45</ele></trkpt>
      <trkpt lat="60.060685" lon="24.40372"><ele>44.8</ele></trkpt>
      <trkpt lat="60.060722" lon="24.403822"><ele>44.6</ele></trkpt>
      <trkpt lat="60.060755" lon="24.403932"><ele>44.4</ele></trkpt>
      <trkpt lat="60.060792" lon="24.404035"><ele>44</ele></trkpt>
      <trkpt lat="60.06082" lon="24.404152"><ele>43.8</ele></trkpt>
      <trkpt lat="60.060852" lon="24.404255"><ele>43.6</ele></trkpt>
      <trkpt lat="60.060877" lon="24.404357"><ele>43.2</ele></trkpt>
      <trkpt lat="60.060902" lon="24.404442"><ele>42.8</ele></trkpt>
      <trkpt lat="60.060927" lon="24.404522"><ele>42.6</ele></trkpt>
      <trkpt lat="60.06095" lon="24.404597"><ele>42.4</ele></trkpt>
      <trkpt lat="60.060962" lon="24.40466"><ele>42.4</ele></trkpt>
      <trkpt lat="60.060975" lon="24.404722"><ele>42.4</ele></trkpt>
      <trkpt lat="60.060985" lon="24.404772"><ele>42.4</ele></trkpt>
      <trkpt lat="60.060997" lon="24.404825"><ele>42.6</ele></trkpt>
      <trkpt lat="60.06101" lon="24.40488"><ele>42.8</ele></trkpt>
      <trkpt lat="60.061025" lon="24.404942"><ele>43</ele></trkpt>
      <trkpt lat="60.061045" lon="24.405002"><ele>43.2</ele></trkpt>
      <trkpt lat="60.061065" lon="24.405052"><ele>43.4</ele></trkpt>
      <trkpt lat="60.061082" lon="24.405095"><ele>43.4</ele></trkpt>
      <trkpt lat="60.061102" lon="24.405132"><ele>43.4</ele></trkpt>
      <trkpt lat="60.061123" lon="24.405175"><ele>43.6</ele></trkpt>
      <trkpt lat="60.06115" lon="24.405217"><ele>43.8</ele></trkpt>
      <trkpt lat="60.06117" lon="24.405252"><ele>44</ele></trkpt>
      <trkpt lat="60.06119" lon="24.40529"><ele>44</ele></trkpt>
      <trkpt lat="60.061212" lon="24.405322"><ele>44.2</ele></trkpt>
      <trkpt lat="60.061232" lon="24.405357"><ele>44.4</ele></trkpt>
      <trkpt lat="60.061247" lon="24.4054"><ele>44.4</ele></trkpt>
      <trkpt lat="60.06126" lon="24.405452"><ele>44.6</ele></trkpt>
      <trkpt lat="60.06127" lon="24.40549"><ele>44.8</ele></trkpt>
      <trkpt lat="60.061278" lon="24.40553"><ele>45</ele></trkpt>
      <trkpt lat="60.06129" lon="24.405577"><ele>45</ele></trkpt>
      <trkpt lat="60.0613" lon="24.405625"><ele>45.2</ele></trkpt>
      <trkpt lat="60.061307" lon="24.405675"><ele>45.4</ele></trkpt>
      <trkpt lat="60.06131" lon="24.405727"><ele>45.6</ele></trkpt>
      <trkpt lat="60.061317" lon="24.405772"><ele>45.8</ele></trkpt>
      <trkpt lat="60.061332" lon="24.405817"><ele>46</ele></trkpt>
      <trkpt lat="60.061345" lon="24.405855"><ele>46.2</ele></trkpt>
      <trkpt lat="60.061357" lon="24.405895"><ele>46.2</ele></trkpt>
      <trkpt lat="60.061367" lon="24.405932"><ele>46.4</ele></trkpt>
      <trkpt lat="60.06138" lon="24.405972"><ele>46.6</ele></trkpt>
      <trkpt lat="60.061387" lon="24.40602"><ele>46.6</ele></trkpt>
      <trkpt lat="60.061395" lon="24.406067"><ele>46.8</ele></trkpt>
      <trkpt lat="60.061407" lon="24.406117"><ele>47</ele></trkpt>
      <trkpt lat="60.061417" lon="24.40617"><ele>47.2</ele></trkpt>
      <trkpt lat="60.061425" lon="24.406212"><ele>47.2</ele></trkpt>
      <trkpt lat="60.061432" lon="24.406265"><ele>47.4</ele></trkpt>
      <trkpt lat="60.061442" lon="24.40633"><ele>47.4</ele></trkpt>
      <trkpt lat="60.061447" lon="24.406402"><ele>47.6</ele></trkpt>
      <trkpt lat="60.061457" lon="24.406487"><ele>47.8</ele></trkpt>
      <trkpt lat="60.061467" lon="24.406582"><ele>47.8</ele></trkpt>
      <trkpt lat="60.061482" lon="24.406697"><ele>47.8</ele></trkpt>
      <trkpt lat="60.061492" lon="24.406822"><ele>47.8</ele></trkpt>
      <trkpt lat="60.061512" lon="24.40695"><ele>47.6</ele></trkpt>
      <trkpt lat="60.06153" lon="24.407087"><ele>47.4</ele></trkpt>
      <trkpt lat="60.061557" lon="24.407232"><ele>47</ele></trkpt>
      <trkpt lat="60.061597" lon="24.407372"><ele>46.6</ele></trkpt>
      <trkpt lat="60.061642" lon="24.407505"><ele>46</ele></trkpt>
      <trkpt lat="60.061697" lon="24.407635"><ele>45.4</ele></trkpt>
      <trkpt lat="60.061752" lon="24.407767"><ele>44.8</ele></trkpt>
      <trkpt lat="60.061812" lon="24.407892"><ele>44.2</ele></trkpt>
      <trkpt lat="60.06186" lon="24.408017"><ele>43.6</ele></trkpt>
      <trkpt lat="60.061897" lon="24.408142"><ele>42.8</ele></trkpt>
      <trkpt lat="60.061932" lon="24.408242"><ele>42</ele></trkpt>
      <trkpt lat="60.06197" lon="24.408335"><ele>41.4</ele></trkpt>
      <trkpt lat="60.062002" lon="24.408422"><ele>40.8</ele></trkpt>
      <trkpt lat="60.062037" lon="24.408497"><ele>40</ele></trkpt>
      <trkpt lat="60.06208" lon="24.408585"><ele>39.4</ele></trkpt>
      <trkpt lat="60.062122" lon="24.408667"><ele>38.6</ele></trkpt>
      <trkpt lat="60.062167" lon="24.408755"><ele>38</ele></trkpt>
      <trkpt lat="60.062222" lon="24.408835"><ele>37.2</ele></trkpt>
      <trkpt lat="60.06227" lon="24.408922"><ele>36.6</ele></trkpt>
      <trkpt lat="60.062317" lon="24.409015"><ele>35.8</ele></trkpt>
      <trkpt lat="60.062357" lon="24.409115"><ele>35.2</ele></trkpt>
      <trkpt lat="60.062395" lon="24.409212"><ele>34.6</ele></trkpt>
      <trkpt lat="60.062432" lon="24.409302"><ele>34.2</ele></trkpt>
      <trkpt lat="60.062467" lon="24.409392"><ele>33.6</ele></trkpt>
      <trkpt lat="60.062492" lon="24.409465"><ele>33</ele></trkpt>
      <trkpt lat="60.062517" lon="24.409502"><ele>32.2</ele></trkpt>
      <trkpt lat="60.062535" lon="24.409547"><ele>31.4</ele></trkpt>
      <trkpt lat="60.062555" lon="24.409595"><ele>30.8</ele></trkpt>
      <trkpt lat="60.062567" lon="24.409652"><ele>30</ele></trkpt>
      <trkpt lat="60.06258" lon="24.409722"><ele>29.6</ele></trkpt>
      <trkpt lat="60.062592" lon="24.409775"><ele>29</ele></trkpt>
      <trkpt lat="60.062617" lon="24.40981"><ele>28.6</ele></trkpt>
      <trkpt lat="60.062642" lon="24.409835"><ele>28.2</ele></trkpt>
      <trkpt lat="60.062672" lon="24.409865"><ele>27.8</ele></trkpt>
      <trkpt lat="60.062697" lon="24.409902"><ele>27.6</ele></trkpt>
      <trkpt lat="60.062725" lon="24.409947"><ele>27.4</ele></trkpt>
      <trkpt lat="60.062747" lon="24.409992"><ele>27.2</ele></trkpt>
      <trkpt lat="60.062772" lon="24.410042"><ele>27.2</ele></trkpt>
      <trkpt lat="60.062797" lon="24.410097"><ele>27</ele></trkpt>
      <trkpt lat="60.062825" lon="24.410152"><ele>26.8</ele></trkpt>
      <trkpt lat="60.062855" lon="24.410202"><ele>26.4</ele></trkpt>
      <trkpt lat="60.062887" lon="24.41025"><ele>26.2</ele></trkpt>
      <trkpt lat="60.062917" lon="24.410302"><ele>26</ele></trkpt>
      <trkpt lat="60.062947" lon="24.410357"><ele>26</ele></trkpt>
      <trkpt lat="60.062975" lon="24.410412"><ele>25.8</ele></trkpt>
      <trkpt lat="60.063005" lon="24.410463"><ele>25.6</ele></trkpt>
      <trkpt lat="60.063032" lon="24.410507"><ele>25.4</ele></trkpt>
      <trkpt lat="60.063057" lon="24.410555"><ele>25</ele></trkpt>
      <trkpt lat="60.063085" lon="24.410602"><ele>25</ele></trkpt>
      <trkpt lat="60.063112" lon="24.410647"><ele>25.2</ele></trkpt>
      <trkpt lat="60.06314" lon="24.410692"><ele>25.4</ele></trkpt>
      <trkpt lat="60.063167" lon="24.410737"><ele>25.4</ele></trkpt>
      <trkpt lat="60.063197" lon="24.410782"><ele>25.4</ele></trkpt>
      <trkpt lat="60.06323" lon="24.410832"><ele>25.2</ele></trkpt>
      <trkpt lat="60.063262" lon="24.410867"><ele>25.4</ele></trkpt>
      <trkpt lat="60.063292" lon="24.410917"><ele>25.4</ele></trkpt>
      <trkpt lat="60.063325" lon="24.410957"><ele>25.2</ele></trkpt>
      <trkpt lat="60.063365" lon="24.41101"><ele>25.4</ele></trkpt>
      <trkpt lat="60.063397" lon="24.411062"><ele>25.2</ele></trkpt>
      <trkpt lat="60.063435" lon="24.41112"><ele>25.2</ele></trkpt>
      <trkpt lat="60.063472" lon="24.411172"><ele>25.2</ele></trkpt>
      <trkpt lat="60.063507" lon="24.41122"><ele>25.2</ele></trkpt>
      <trkpt lat="60.063542" lon="24.411272"><ele>25.2</ele></trkpt>
      <trkpt lat="60.063577" lon="24.411325"><ele>25.4</ele></trkpt>
      <trkpt lat="60.063617" lon="24.411377"><ele>25.2</ele></trkpt>
      <trkpt lat="60.063655" lon="24.411427"><ele>25.2</ele></trkpt>
      <trkpt lat="60.063692" lon="24.411475"><ele>25.2</ele></trkpt>
      <trkpt lat="60.063732" lon="24.411517"><ele>25.2</ele></trkpt>
      <trkpt lat="60.063767" lon="24.411562"><ele>25</ele></trkpt>
      <trkpt lat="60.063802" lon="24.411607"><ele>25</ele></trkpt>
      <trkpt lat="60.06384" lon="24.411645"><ele>25.2</ele></trkpt>
      <trkpt lat="60.063867" lon="24.411692"><ele>25.2</ele></trkpt>
      <trkpt lat="60.063885" lon="24.411722"><ele>25.2</ele></trkpt>
      <trkpt lat="60.063905" lon="24.411715"><ele>25.2</ele></trkpt>
      <trkpt lat="60.063892" lon="24.411687"><ele>25</ele></trkpt>
      <trkpt lat="60.063862" lon="24.411657"><ele>25</ele></trkpt>
      <trkpt lat="60.063837" lon="24.411645"><ele>25</ele></trkpt>
      <trkpt lat="60.063807" lon="24.411617"><ele>25</ele></trkpt>
      <trkpt lat="60.063777" lon="24.411587"><ele>25</ele></trkpt>
      <trkpt lat="60.063747" lon="24.41155"><ele>25.2</ele></trkpt>
      <trkpt lat="60.063712" lon="24.411512"><ele>25.2</ele></trkpt>
      <trkpt lat="60.06368" lon="24.411472"><ele>25.2</ele></trkpt>
      <trkpt lat="60.063647" lon="24.411432"><ele>25.4</ele></trkpt>
      <trkpt lat="60.063615" lon="24.41139"><ele>25.4</ele></trkpt>
      <trkpt lat="60.06359" lon="24.411347"><ele>25.4</ele></trkpt>
      <trkpt lat="60.063565" lon="24.411312"><ele>25.6</ele></trkpt>
      <trkpt lat="60.063547" lon="24.411277"><ele>25.6</ele></trkpt>
      <trkpt lat="60.06353" lon="24.411252"><ele>25.6</ele></trkpt>
      <trkpt lat="60.063512" lon="24.41123"><ele>25.6</ele></trkpt>
      <trkpt lat="60.063495" lon="24.411212"><ele>25.6</ele></trkpt>
      <trkpt lat="60.063465" lon="24.411192"><ele>25.6</ele></trkpt>
      <trkpt lat="60.063445" lon="24.411177"><ele>25.6</ele></trkpt>
      <trkpt lat="60.063425" lon="24.411147"><ele>25.6</ele></trkpt>
      <trkpt lat="60.063412" lon="24.411117"><ele>25.6</ele></trkpt>
      <trkpt lat="60.063402" lon="24.411087"><ele>25.4</ele></trkpt>
      <trkpt lat="60.063387" lon="24.411057"><ele>25.4</ele></trkpt>
      <trkpt lat="60.063367" lon="24.411042"><ele>25.6</ele></trkpt>
      <trkpt lat="60.063382" lon="24.411072"><ele>25.8</ele></trkpt>
      <trkpt lat="60.063395" lon="24.411097"><ele>25.8</ele></trkpt>
      <trkpt lat="60.063412" lon="24.411122"><ele>25.8</ele></trkpt>
      <trkpt lat="60.06344" lon="24.411152"><ele>25.8</ele></trkpt>
      <trkpt lat="60.06347" lon="24.41119"><ele>25.8</ele></trkpt>
      <trkpt lat="60.063497" lon="24.41123"><ele>25.8</ele></trkpt>
      <trkpt lat="60.063527" lon="24.411272"><ele>25.8</ele></trkpt>
      <trkpt lat="60.063555" lon="24.41131"><ele>25.8</ele></trkpt>
      <trkpt lat="60.063585" lon="24.411352"><ele>25.6</ele></trkpt>
      <trkpt lat="60.063617" lon="24.411387"><ele>25.8</ele></trkpt>
      <trkpt lat="60.06365" lon="24.411422"><ele>25.8</ele></trkpt>
      <trkpt lat="60.063677" lon="24.411465"><ele>25.6</ele></trkpt>
      <trkpt lat="60.063695" lon="24.411522"><ele>25.8</ele></trkpt>
      <trkpt lat="60.063702" lon="24.411592"><ele>25.8</ele></trkpt>
      <trkpt lat="60.063702" lon="24.411665"><ele>25.6</ele></trkpt>
      <trkpt lat="60.06369" lon="24.411717"><ele>25.6</ele></trkpt>
      <trkpt lat="60.063682" lon="24.411762"><ele>25.6</ele></trkpt>
      <trkpt lat="60.063672" lon="24.411807"><ele>25.2</ele></trkpt>
      <trkpt lat="60.06366" lon="24.411847"><ele>25.2</ele></trkpt>
      <trkpt lat="60.063642" lon="24.411885"><ele>25</ele></trkpt>
      <trkpt lat="60.063622" lon="24.411907"><ele>25</ele></trkpt>
      <trkpt lat="60.063602" lon="24.411932"><ele>24.8</ele></trkpt>
      <trkpt lat="60.063582" lon="24.411952"><ele>24.8</ele></trkpt>
      <trkpt lat="60.063562" lon="24.411967"><ele>24.8</ele></trkpt>
      <trkpt lat="60.063535" lon="24.41198"><ele>24.6</ele></trkpt>
      <trkpt lat="60.063507" lon="24.412002"><ele>24.6</ele></trkpt>
      <trkpt lat="60.063482" lon="24.412012"><ele>24.4</ele></trkpt>
      <trkpt lat="60.063457" lon="24.412012"><ele>24.4</ele></trkpt>
      <trkpt lat="60.063437" lon="24.412017"><ele>24.2</ele></trkpt>
      <trkpt lat="60.063417" lon="24.412025"><ele>24</ele></trkpt>
      <trkpt lat="60.063387" lon="24.412047"><ele>24</ele></trkpt>
      <trkpt lat="60.06336" lon="24.412067"><ele>23.8</ele></trkpt>
      <trkpt lat="60.063337" lon="24.41208"><ele>23.8</ele></trkpt>
      <trkpt lat="60.06331" lon="24.412082"><ele>23.4</ele></trkpt>
      <trkpt lat="60.063282" lon="24.412077"><ele>23</ele></trkpt>
      <trkpt lat="60.063248" lon="24.412067"><ele>22.6</ele></trkpt>
      <trkpt lat="60.063222" lon="24.412052"><ele>22.2</ele></trkpt>
      <trkpt lat="60.063195" lon="24.412045"><ele>21.8</ele></trkpt>
      <trkpt lat="60.063167" lon="24.41204"><ele>21.6</ele></trkpt>
      <trkpt lat="60.063147" lon="24.412047"><ele>21.2</ele></trkpt>
      <trkpt lat="60.063127" lon="24.412062"><ele>21</ele></trkpt>
      <trkpt lat="60.063155" lon="24.41204"><ele>19.4</ele></trkpt>
      <trkpt lat="60.063175" lon="24.412027"><ele>19.4</ele></trkpt>
      <trkpt lat="60.063197" lon="24.412027"><ele>19.6</ele></trkpt>
      <trkpt lat="60.06322" lon="24.412017"><ele>19.8</ele></trkpt>
      <trkpt lat="60.063237" lon="24.412015"><ele>20.2</ele></trkpt>
      <trkpt lat="60.063257" lon="24.412037"><ele>20.4</ele></trkpt>
      <trkpt lat="60.063277" lon="24.412057"><ele>20.6</ele></trkpt>
      <trkpt lat="60.063297" lon="24.41207"><ele>20.8</ele></trkpt>
      <trkpt lat="60.063317" lon="24.412077"><ele>20.8</ele></trkpt>
      <trkpt lat="60.063337" lon="24.412072"><ele>21</ele></trkpt>
      <trkpt lat="60.063362" lon="24.412075"><ele>21.2</ele></trkpt>
      <trkpt lat="60.063387" lon="24.412087"><ele>21.2</ele></trkpt>
      <trkpt lat="60.063407" lon="24.412112"><ele>21.4</ele></trkpt>
      <trkpt lat="60.06343" lon="24.412142"><ele>21.8</ele></trkpt>
      <trkpt lat="60.063442" lon="24.412167"><ele>22</ele></trkpt>
      <trkpt lat="60.063467" lon="24.41218"><ele>22.2</ele></trkpt>
      <trkpt lat="60.063495" lon="24.412185"><ele>22.2</ele></trkpt>
      <trkpt lat="60.063517" lon="24.412192"><ele>22.4</ele></trkpt>
      <trkpt lat="60.063537" lon="24.412207"><ele>22.6</ele></trkpt>
      <trkpt lat="60.063565" lon="24.412212"><ele>22.8</ele></trkpt>
      <trkpt lat="60.063587" lon="24.41223"><ele>23</ele></trkpt>
      <trkpt lat="60.063605" lon="24.412267"><ele>23</ele></trkpt>
      <trkpt lat="60.063617" lon="24.412302"><ele>23.2</ele></trkpt>
      <trkpt lat="60.063627" lon="24.412335"><ele>23.6</ele></trkpt>
      <trkpt lat="60.063647" lon="24.412337"><ele>23.8</ele></trkpt>
      <trkpt lat="60.063682" lon="24.412357"><ele>24</ele></trkpt>
      <trkpt lat="60.063705" lon="24.412377"><ele>24</ele></trkpt>
      <trkpt lat="60.06372" lon="24.4124"><ele>23.8</ele></trkpt>
      <trkpt lat="60.063732" lon="24.412432"><ele>23.8</ele></trkpt>
      <trkpt lat="60.063757" lon="24.412487"><ele>23.8</ele></trkpt>
      <trkpt lat="60.063775" lon="24.412502"><ele>23.6</ele></trkpt>
      <trkpt lat="60.063792" lon="24.412505"><ele>23.6</ele></trkpt>
      <trkpt lat="60.063812" lon="24.412505"><ele>23.6</ele></trkpt>
      <trkpt lat="60.063835" lon="24.412512"><ele>23.6</ele></trkpt>
      <trkpt lat="60.06387" lon="24.41253"><ele>23.6</ele></trkpt>
      <trkpt lat="60.063897" lon="24.412547"><ele>23.8</ele></trkpt>
      <trkpt lat="60.06393" lon="24.412582"><ele>24</ele></trkpt>
      <trkpt lat="60.063942" lon="24.412615"><ele>24.2</ele></trkpt>
      <trkpt lat="60.063947" lon="24.412658"><ele>24.2</ele></trkpt>
      <trkpt lat="60.063957" lon="24.412705"><ele>24.2</ele></trkpt>
      <trkpt lat="60.063972" lon="24.412757"><ele>24.4</ele></trkpt>
      <trkpt lat="60.063992" lon="24.412822"><ele>24.4</ele></trkpt>
      <trkpt lat="60.064017" lon="24.412877"><ele>24.6</ele></trkpt>
      <trkpt lat="60.064042" lon="24.412952"><ele>24.4</ele></trkpt>
      <trkpt lat="60.064072" lon="24.41302"><ele>24.2</ele></trkpt>
      <trkpt lat="60.064105" lon="24.413082"><ele>24</ele></trkpt>
      <trkpt lat="60.06414" lon="24.413142"><ele>24</ele></trkpt>
      <trkpt lat="60.064175" lon="24.413202"><ele>23.2</ele></trkpt>
      <trkpt lat="60.064202" lon="24.413252"><ele>22.8</ele></trkpt>
      <trkpt lat="60.064233" lon="24.41331"><ele>22.6</ele></trkpt>
      <trkpt lat="60.064277" lon="24.413367"><ele>22.4</ele></trkpt>
      <trkpt lat="60.06432" lon="24.413427"><ele>22.6</ele></trkpt>
      <trkpt lat="60.064362" lon="24.413492"><ele>22.6</ele></trkpt>
      <trkpt lat="60.064405" lon="24.413557"><ele>22.4</ele></trkpt>
      <trkpt lat="60.064445" lon="24.413617"><ele>22</ele></trkpt>
      <trkpt lat="60.06448" lon="24.413675"><ele>22</ele></trkpt>
      <trkpt lat="60.064517" lon="24.413727"><ele>22</ele></trkpt>
      <trkpt lat="60.064552" lon="24.413782"><ele>22</ele></trkpt>
      <trkpt lat="60.064587" lon="24.413833"><ele>22.2</ele></trkpt>
      <trkpt lat="60.064617" lon="24.413892"><ele>22.2</ele></trkpt>
      <trkpt lat="60.06465" lon="24.413947"><ele>22.4</ele></trkpt>
      <trkpt lat="60.064682" lon="24.414005"><ele>22.4</ele></trkpt>
      <trkpt lat="60.064715" lon="24.414062"><ele>22.6</ele></trkpt>
      <trkpt lat="60.064742" lon="24.414132"><ele>22.8</ele></trkpt>
      <trkpt lat="60.064772" lon="24.414205"><ele>23</ele></trkpt>
      <trkpt lat="60.064795" lon="24.41429"><ele>23</ele></trkpt>
      <trkpt lat="60.064817" lon="24.414377"><ele>23</ele></trkpt>
      <trkpt lat="60.064837" lon="24.414475"><ele>23</ele></trkpt>
      <trkpt lat="60.064852" lon="24.414582"><ele>22.8</ele></trkpt>
      <trkpt lat="60.064867" lon="24.414692"><ele>22.6</ele></trkpt>
      <trkpt lat="60.064887" lon="24.414802"><ele>22.6</ele></trkpt>
      <trkpt lat="60.064907" lon="24.414907"><ele>22.6</ele></trkpt>
      <trkpt lat="60.064927" lon="24.415012"><ele>22.4</ele></trkpt>
      <trkpt lat="60.064952" lon="24.415117"><ele>22.4</ele></trkpt>
      <trkpt lat="60.064982" lon="24.415222"><ele>22.6</ele></trkpt>
      <trkpt lat="60.06501" lon="24.415332"><ele>22.6</ele></trkpt>
      <trkpt lat="60.06504" lon="24.415442"><ele>22.6</ele></trkpt>
      <trkpt lat="60.06507" lon="24.415555"><ele>22.4</ele></trkpt>
      <trkpt lat="60.065102" lon="24.415672"><ele>22.2</ele></trkpt>
      <trkpt lat="60.065137" lon="24.41579"><ele>22</ele></trkpt>
      <trkpt lat="60.065172" lon="24.415902"><ele>21.8</ele></trkpt>
      <trkpt lat="60.065212" lon="24.416007"><ele>21.6</ele></trkpt>
      <trkpt lat="60.065252" lon="24.416107"><ele>21.4</ele></trkpt>
      <trkpt lat="60.065287" lon="24.416202"><ele>21.2</ele></trkpt>
      <trkpt lat="60.065327" lon="24.41629"><ele>21.2</ele></trkpt>
      <trkpt lat="60.065362" lon="24.416367"><ele>21</ele></trkpt>
      <trkpt lat="60.065395" lon="24.416442"><ele>21</ele></trkpt>
      <trkpt lat="60.065427" lon="24.416522"><ele>21</ele></trkpt>
      <trkpt lat="60.065457" lon="24.416602"><ele>21</ele></trkpt>
      <trkpt lat="60.065492" lon="24.416682"><ele>21.2</ele></trkpt>
      <trkpt lat="60.06553" lon="24.416762"><ele>21.2</ele></trkpt>
      <trkpt lat="60.065567" lon="24.416847"><ele>21.2</ele></trkpt>
      <trkpt lat="60.065602" lon="24.416935"><ele>21</ele></trkpt>
      <trkpt lat="60.065642" lon="24.41702"><ele>21</ele></trkpt>
      <trkpt lat="60.065682" lon="24.417102"><ele>21</ele></trkpt>
      <trkpt lat="60.065727" lon="24.41718"><ele>20.8</ele></trkpt>
      <trkpt lat="60.065767" lon="24.417247"><ele>20.6</ele></trkpt>
      <trkpt lat="60.065807" lon="24.417302"><ele>20.6</ele></trkpt>
      <trkpt lat="60.065847" lon="24.41735"><ele>20.4</ele></trkpt>
      <trkpt lat="60.065887" lon="24.417402"><ele>20.4</ele></trkpt>
      <trkpt lat="60.065927" lon="24.417452"><ele>20.4</ele></trkpt>
      <trkpt lat="60.065967" lon="24.417502"><ele>20.6</ele></trkpt>
      <trkpt lat="60.066007" lon="24.417552"><ele>20.4</ele></trkpt>
      <trkpt lat="60.066047" lon="24.417605"><ele>20.4</ele></trkpt>
      <trkpt lat="60.066087" lon="24.417655"><ele>20.2</ele></trkpt>
      <trkpt lat="60.066125" lon="24.417702"><ele>20.2</ele></trkpt>
      <trkpt lat="60.066162" lon="24.417752"><ele>20.4</ele></trkpt>
      <trkpt lat="60.066197" lon="24.4178"><ele>20.4</ele></trkpt>
      <trkpt lat="60.066232" lon="24.417847"><ele>20.6</ele></trkpt>
      <trkpt lat="60.066267" lon="24.417892"><ele>20.6</ele></trkpt>
      <trkpt lat="60.066302" lon="24.417942"><ele>20.8</ele></trkpt>
      <trkpt lat="60.066337" lon="24.41799"><ele>21</ele></trkpt>
      <trkpt lat="60.066372" lon="24.418042"><ele>21</ele></trkpt>
      <trkpt lat="60.066407" lon="24.41809"><ele>21.2</ele></trkpt>
      <trkpt lat="60.066442" lon="24.41814"><ele>21.2</ele></trkpt>
      <trkpt lat="60.066472" lon="24.418192"><ele>21.4</ele></trkpt>
      <trkpt lat="60.066505" lon="24.418237"><ele>21.4</ele></trkpt>
      <trkpt lat="60.066542" lon="24.418282"><ele>21.4</ele></trkpt>
      <trkpt lat="60.066575" lon="24.418332"><ele>21.6</ele></trkpt>
      <trkpt lat="60.066607" lon="24.418382"><ele>21.6</ele></trkpt>
      <trkpt lat="60.06664" lon="24.418432"><ele>21.8</ele></trkpt>
      <trkpt lat="60.066672" lon="24.418482"><ele>21.8</ele></trkpt>
      <trkpt lat="60.066705" lon="24.418532"><ele>21.8</ele></trkpt>
      <trkpt lat="60.06674" lon="24.41858"><ele>22</ele></trkpt>
      <trkpt lat="60.066775" lon="24.418627"><ele>22</ele></trkpt>
      <trkpt lat="60.066812" lon="24.418677"><ele>22</ele></trkpt>
      <trkpt lat="60.066847" lon="24.418723"><ele>22</ele></trkpt>
      <trkpt lat="60.066882" lon="24.418772"><ele>22</ele></trkpt>
      <trkpt lat="60.066912" lon="24.418815"><ele>22</ele></trkpt>
      <trkpt lat="60.066942" lon="24.418862"><ele>22</ele></trkpt>
      <trkpt lat="60.066972" lon="24.418917"><ele>22.2</ele></trkpt>
      <trkpt lat="60.067007" lon="24.418967"><ele>22.2</ele></trkpt>
      <trkpt lat="60.06704" lon="24.419017"><ele>22.2</ele></trkpt>
      <trkpt lat="60.067072" lon="24.41907"><ele>22.4</ele></trkpt>
      <trkpt lat="60.067107" lon="24.419117"><ele>22.4</ele></trkpt>
      <trkpt lat="60.067142" lon="24.419167"><ele>22.4</ele></trkpt>
      <trkpt lat="60.067177" lon="24.419217"><ele>22.6</ele></trkpt>
      <trkpt lat="60.067212" lon="24.419267"><ele>22.8</ele></trkpt>
      <trkpt lat="60.06725" lon="24.419317"><ele>22.8</ele></trkpt>
      <trkpt lat="60.067285" lon="24.419367"><ele>22.8</ele></trkpt>
      <trkpt lat="60.067317" lon="24.41942"><ele>23</ele></trkpt>
      <trkpt lat="60.067352" lon="24.419472"><ele>23</ele></trkpt>
      <trkpt lat="60.067385" lon="24.419527"><ele>23</ele></trkpt>
      <trkpt lat="60.067417" lon="24.419577"><ele>23.2</ele></trkpt>
      <trkpt lat="60.067452" lon="24.419632"><ele>23.2</ele></trkpt>
      <trkpt lat="60.067482" lon="24.419687"><ele>23.2</ele></trkpt>
      <trkpt lat="60.067512" lon="24.419735"><ele>23.4</ele></trkpt>
      <trkpt lat="60.067547" lon="24.41978"><ele>23.4</ele></trkpt>
      <trkpt lat="60.067575" lon="24.419822"><ele>23.6</ele></trkpt>
      <trkpt lat="60.0676" lon="24.419867"><ele>23.6</ele></trkpt>
      <trkpt lat="60.067627" lon="24.419912"><ele>23.8</ele></trkpt>
      <trkpt lat="60.067652" lon="24.419952"><ele>24</ele></trkpt>
      <trkpt lat="60.067677" lon="24.41999"><ele>24.2</ele></trkpt>
      <trkpt lat="60.067702" lon="24.420032"><ele>24.4</ele></trkpt>
      <trkpt lat="60.067727" lon="24.420072"><ele>24.8</ele></trkpt>
      <trkpt lat="60.06775" lon="24.420107"><ele>24.8</ele></trkpt>
      <trkpt lat="60.067772" lon="24.420142"><ele>24.8</ele></trkpt>
      <trkpt lat="60.067797" lon="24.420182"><ele>25</ele></trkpt>
      <trkpt lat="60.067817" lon="24.420217"><ele>25</ele></trkpt>
      <trkpt lat="60.067835" lon="24.420247"><ele>25.2</ele></trkpt>
      <trkpt lat="60.067855" lon="24.420282"><ele>25.2</ele></trkpt>
      <trkpt lat="60.067872" lon="24.42032"><ele>25.6</ele></trkpt>
      <trkpt lat="60.067892" lon="24.420352"><ele>25.8</ele></trkpt>
      <trkpt lat="60.067907" lon="24.420387"><ele>25.8</ele></trkpt>
      <trkpt lat="60.067925" lon="24.420417"><ele>26</ele></trkpt>
      <trkpt lat="60.067933" lon="24.420447"><ele>26.4</ele></trkpt>
      <trkpt lat="60.067947" lon="24.420477"><ele>26.6</ele></trkpt>
      <trkpt lat="60.067972" lon="24.420527"><ele>27</ele></trkpt>
      <trkpt lat="60.067987" lon="24.420547"><ele>27.2</ele></trkpt>
      <trkpt lat="60.06801" lon="24.420582"><ele>27.4</ele></trkpt>
      <trkpt lat="60.068027" lon="24.420622"><ele>27.8</ele></trkpt>
      <trkpt lat="60.068037" lon="24.420662"><ele>28</ele></trkpt>
      <trkpt lat="60.068047" lon="24.420707"><ele>28.2</ele></trkpt>
      <trkpt lat="60.068062" lon="24.42076"><ele>28.4</ele></trkpt>
      <trkpt lat="60.068075" lon="24.420812"><ele>28.4</ele></trkpt>
      <trkpt lat="60.068082" lon="24.420867"><ele>28.6</ele></trkpt>
      <trkpt lat="60.068087" lon="24.420918"><ele>28.6</ele></trkpt>
      <trkpt lat="60.068092" lon="24.420972"><ele>28.8</ele></trkpt>
      <trkpt lat="60.068092" lon="24.421025"><ele>29</ele></trkpt>
      <trkpt lat="60.068088" lon="24.421073"><ele>29.2</ele></trkpt>
      <trkpt lat="60.068087" lon="24.421127"><ele>29.2</ele></trkpt>
      <trkpt lat="60.068092" lon="24.421177"><ele>29.4</ele></trkpt>
      <trkpt lat="60.068107" lon="24.42122"><ele>29.6</ele></trkpt>
      <trkpt lat="60.068127" lon="24.421247"><ele>29.6</ele></trkpt>
      <trkpt lat="60.06815" lon="24.421252"><ele>29.8</ele></trkpt>
      <trkpt lat="60.068172" lon="24.421257"><ele>30</ele></trkpt>
      <trkpt lat="60.068192" lon="24.421252"><ele>30</ele></trkpt>
      <trkpt lat="60.068215" lon="24.421237"><ele>30.4</ele></trkpt>
      <trkpt lat="60.068242" lon="24.421222"><ele>30.6</ele></trkpt>
      <trkpt lat="60.068272" lon="24.42121"><ele>30.8</ele></trkpt>
      <trkpt lat="60.068302" lon="24.42119"><ele>31</ele></trkpt>
      <trkpt lat="60.068332" lon="24.421172"><ele>31</ele></trkpt>
      <trkpt lat="60.068365" lon="24.421157"><ele>31</ele></trkpt>
      <trkpt lat="60.068397" lon="24.42114"><ele>31</ele></trkpt>
      <trkpt lat="60.06843" lon="24.42113"><ele>31.2</ele></trkpt>
      <trkpt lat="60.068462" lon="24.421127"><ele>31.4</ele></trkpt>
      <trkpt lat="60.068495" lon="24.421137"><ele>31.4</ele></trkpt>
      <trkpt lat="60.068527" lon="24.421155"><ele>31.4</ele></trkpt>
      <trkpt lat="60.068557" lon="24.421182"><ele>31.6</ele></trkpt>
      <trkpt lat="60.068585" lon="24.421217"><ele>31.6</ele></trkpt>
      <trkpt lat="60.06861" lon="24.42125"><ele>31.8</ele></trkpt>
      <trkpt lat="60.068635" lon="24.421287"><ele>31.8</ele></trkpt>
      <trkpt lat="60.06866" lon="24.421322"><ele>31.8</ele></trkpt>
      <trkpt lat="60.068685" lon="24.421365"><ele>32</ele></trkpt>
      <trkpt lat="60.06871" lon="24.421407"><ele>32</ele></trkpt>
      <trkpt lat="60.068737" lon="24.421447"><ele>32.2</ele></trkpt>
      <trkpt lat="60.068762" lon="24.421487"><ele>32.2</ele></trkpt>
      <trkpt lat="60.068787" lon="24.42153"><ele>32.4</ele></trkpt>
      <trkpt lat="60.068817" lon="24.421577"><ele>32.4</ele></trkpt>
      <trkpt lat="60.068845" lon="24.421625"><ele>32.4</ele></trkpt>
      <trkpt lat="60.068877" lon="24.421675"><ele>32.6</ele></trkpt>
      <trkpt lat="60.06891" lon="24.421725"><ele>32.6</ele></trkpt>
      <trkpt lat="60.068942" lon="24.42178"><ele>32.6</ele></trkpt>
      <trkpt lat="60.068975" lon="24.421832"><ele>32.6</ele></trkpt>
      <trkpt lat="60.069007" lon="24.421887"><ele>32.6</ele></trkpt>
      <trkpt lat="60.069037" lon="24.421942"><ele>32.4</ele></trkpt>
      <trkpt lat="60.069072" lon="24.421997"><ele>32.6</ele></trkpt>
      <trkpt lat="60.069105" lon="24.422052"><ele>32.6</ele></trkpt>
      <trkpt lat="60.069137" lon="24.422107"><ele>32.6</ele></trkpt>
      <trkpt lat="60.069172" lon="24.42216"><ele>32.6</ele></trkpt>
      <trkpt lat="60.069202" lon="24.422215"><ele>32.6</ele></trkpt>
      <trkpt lat="60.069237" lon="24.422272"><ele>32.8</ele></trkpt>
      <trkpt lat="60.069267" lon="24.422322"><ele>32.8</ele></trkpt>
      <trkpt lat="60.069298" lon="24.422377"><ele>32.8</ele></trkpt>
      <trkpt lat="60.069332" lon="24.422432"><ele>32.8</ele></trkpt>
      <trkpt lat="60.069365" lon="24.422477"><ele>32.6</ele></trkpt>
      <trkpt lat="60.0694" lon="24.422532"><ele>32.6</ele></trkpt>
      <trkpt lat="60.069432" lon="24.42258"><ele>32.8</ele></trkpt>
      <trkpt lat="60.069462" lon="24.422627"><ele>32.6</ele></trkpt>
      <trkpt lat="60.069495" lon="24.422672"><ele>32.4</ele></trkpt>
      <trkpt lat="60.069527" lon="24.422715"><ele>32.4</ele></trkpt>
      <trkpt lat="60.069562" lon="24.422757"><ele>32.4</ele></trkpt>
      <trkpt lat="60.069597" lon="24.422792"><ele>32.4</ele></trkpt>
      <trkpt lat="60.069632" lon="24.422815"><ele>32.4</ele></trkpt>
      <trkpt lat="60.069667" lon="24.422827"><ele>32.2</ele></trkpt>
      <trkpt lat="60.069705" lon="24.422837"><ele>32.2</ele></trkpt>
      <trkpt lat="60.069742" lon="24.422837"><ele>32.2</ele></trkpt>
      <trkpt lat="60.069782" lon="24.422825"><ele>32.2</ele></trkpt>
      <trkpt lat="60.069817" lon="24.422797"><ele>32</ele></trkpt>
      <trkpt lat="60.069855" lon="24.422772"><ele>32</ele></trkpt>
      <trkpt lat="60.069892" lon="24.422732"><ele>32</ele></trkpt>
      <trkpt lat="60.06993" lon="24.422692"><ele>32.2</ele></trkpt>
      <trkpt lat="60.069967" lon="24.422647"><ele>32</ele></trkpt>
      <trkpt lat="60.070007" lon="24.422602"><ele>32</ele></trkpt>
      <trkpt lat="60.070047" lon="24.422555"><ele>31.8</ele></trkpt>
      <trkpt lat="60.070085" lon="24.422507"><ele>31.8</ele></trkpt>
      <trkpt lat="60.070125" lon="24.422465"><ele>31.8</ele></trkpt>
      <trkpt lat="60.070162" lon="24.422427"><ele>31.8</ele></trkpt>
      <trkpt lat="60.0702" lon="24.422392"><ele>31.8</ele></trkpt>
      <trkpt lat="60.070237" lon="24.422375"><ele>31.8</ele></trkpt>
      <trkpt lat="60.070277" lon="24.422367"><ele>31.8</ele></trkpt>
      <trkpt lat="60.070317" lon="24.422367"><ele>32</ele></trkpt>
      <trkpt lat="60.070355" lon="24.422387"><ele>32.2</ele></trkpt>
      <trkpt lat="60.070397" lon="24.422412"><ele>32.4</ele></trkpt>
      <trkpt lat="60.070438" lon="24.422442"><ele>32.6</ele></trkpt>
      <trkpt lat="60.070482" lon="24.422472"><ele>32.6</ele></trkpt>
      <trkpt lat="60.070522" lon="24.422502"><ele>32.6</ele></trkpt>
      <trkpt lat="60.070565" lon="24.422532"><ele>32.8</ele></trkpt>
      <trkpt lat="60.0706" lon="24.422567"><ele>32.8</ele></trkpt>
      <trkpt lat="60.070637" lon="24.422597"><ele>32.8</ele></trkpt>
      <trkpt lat="60.070675" lon="24.42264"><ele>32.8</ele></trkpt>
      <trkpt lat="60.070715" lon="24.422697"><ele>33</ele></trkpt>
      <trkpt lat="60.070752" lon="24.422765"><ele>33</ele></trkpt>
      <trkpt lat="60.070792" lon="24.422845"><ele>33</ele></trkpt>
      <trkpt lat="60.070837" lon="24.422917"><ele>32.8</ele></trkpt>
      <trkpt lat="60.070877" lon="24.422982"><ele>32.6</ele></trkpt>
      <trkpt lat="60.07092" lon="24.423032"><ele>32.2</ele></trkpt>
      <trkpt lat="60.070955" lon="24.423072"><ele>32</ele></trkpt>
      <trkpt lat="60.070982" lon="24.423107"><ele>31.6</ele></trkpt>
      <trkpt lat="60.071007" lon="24.42315"><ele>31.4</ele></trkpt>
      <trkpt lat="60.071027" lon="24.423202"><ele>31.4</ele></trkpt>
      <trkpt lat="60.071042" lon="24.423262"><ele>31.6</ele></trkpt>
      <trkpt lat="60.071055" lon="24.423327"><ele>31.6</ele></trkpt>
      <trkpt lat="60.071067" lon="24.4234"><ele>31.4</ele></trkpt>
      <trkpt lat="60.071092" lon="24.42347"><ele>31.6</ele></trkpt>
      <trkpt lat="60.071128" lon="24.423527"><ele>31.6</ele></trkpt>
      <trkpt lat="60.071175" lon="24.423557"><ele>31.6</ele></trkpt>
      <trkpt lat="60.071222" lon="24.423572"><ele>31.4</ele></trkpt>
      <trkpt lat="60.071267" lon="24.42357"><ele>31.2</ele></trkpt>
      <trkpt lat="60.071312" lon="24.423552"><ele>31.2</ele></trkpt>
      <trkpt lat="60.07136" lon="24.423535"><ele>31.2</ele></trkpt>
      <trkpt lat="60.071407" lon="24.423512"><ele>31.2</ele></trkpt>
      <trkpt lat="60.07146" lon="24.423482"><ele>31.2</ele></trkpt>
      <trkpt lat="60.071512" lon="24.423442"><ele>31</ele></trkpt>
      <trkpt lat="60.07156" lon="24.42339"><ele>30.8</ele></trkpt>
      <trkpt lat="60.071607" lon="24.423327"><ele>30.6</ele></trkpt>
      <trkpt lat="60.071657" lon="24.423257"><ele>30.4</ele></trkpt>
      <trkpt lat="60.07171" lon="24.423182"><ele>30.2</ele></trkpt>
      <trkpt lat="60.071765" lon="24.423107"><ele>30</ele></trkpt>
      <trkpt lat="60.071825" lon="24.42305"><ele>29.6</ele></trkpt>
      <trkpt lat="60.071897" lon="24.423027"><ele>29.2</ele></trkpt>
      <trkpt lat="60.071972" lon="24.423055"><ele>28.8</ele></trkpt>
      <trkpt lat="60.072035" lon="24.42312"><ele>28.2</ele></trkpt>
      <trkpt lat="60.072095" lon="24.42319"><ele>27.6</ele></trkpt>
      <trkpt lat="60.072152" lon="24.423255"><ele>27</ele></trkpt>
      <trkpt lat="60.07221" lon="24.423312"><ele>26.4</ele></trkpt>
      <trkpt lat="60.072265" lon="24.423372"><ele>25.8</ele></trkpt>
      <trkpt lat="60.072315" lon="24.423432"><ele>25.4</ele></trkpt>
      <trkpt lat="60.072362" lon="24.423487"><ele>25.2</ele></trkpt>
      <trkpt lat="60.072405" lon="24.423547"><ele>25</ele></trkpt>
      <trkpt lat="60.072442" lon="24.423605"><ele>24.8</ele></trkpt>
      <trkpt lat="60.072475" lon="24.423662"><ele>24.8</ele></trkpt>
      <trkpt lat="60.072502" lon="24.423712"><ele>24.8</ele></trkpt>
      <trkpt lat="60.072532" lon="24.42376"><ele>24.8</ele></trkpt>
      <trkpt lat="60.072562" lon="24.423812"><ele>24.8</ele></trkpt>
      <trkpt lat="60.072602" lon="24.423867"><ele>25.2</ele></trkpt>
      <trkpt lat="60.072652" lon="24.423937"><ele>25.2</ele></trkpt>
      <trkpt lat="60.072707" lon="24.424002"><ele>25.4</ele></trkpt>
      <trkpt lat="60.072767" lon="24.424057"><ele>25.4</ele></trkpt>
      <trkpt lat="60.072825" lon="24.424102"><ele>25.4</ele></trkpt>
      <trkpt lat="60.072882" lon="24.424152"><ele>25</ele></trkpt>
      <trkpt lat="60.072932" lon="24.424222"><ele>24.8</ele></trkpt>
      <trkpt lat="60.072975" lon="24.424292"><ele>24.6</ele></trkpt>
      <trkpt lat="60.07302" lon="24.424327"><ele>24.6</ele></trkpt>
      <trkpt lat="60.073062" lon="24.424327"><ele>24.6</ele></trkpt>
      <trkpt lat="60.073095" lon="24.424312"><ele>24.8</ele></trkpt>
      <trkpt lat="60.073127" lon="24.4243"><ele>25</ele></trkpt>
      <trkpt lat="60.073157" lon="24.424285"><ele>25.4</ele></trkpt>
      <trkpt lat="60.07319" lon="24.424272"><ele>25.8</ele></trkpt>
      <trkpt lat="60.073225" lon="24.424272"><ele>26.2</ele></trkpt>
      <trkpt lat="60.073255" lon="24.424277"><ele>26.6</ele></trkpt>
      <trkpt lat="60.073282" lon="24.42428"><ele>27</ele></trkpt>
      <trkpt lat="60.07331" lon="24.424267"><ele>27.4</ele></trkpt>
      <trkpt lat="60.073337" lon="24.42425"><ele>27.8</ele></trkpt>
      <trkpt lat="60.073362" lon="24.424222"><ele>28.2</ele></trkpt>
      <trkpt lat="60.073387" lon="24.424185"><ele>28.6</ele></trkpt>
      <trkpt lat="60.07341" lon="24.424142"><ele>29</ele></trkpt>
      <trkpt lat="60.073435" lon="24.424097"><ele>29.2</ele></trkpt>
      <trkpt lat="60.073457" lon="24.42405"><ele>29.6</ele></trkpt>
      <trkpt lat="60.073477" lon="24.423997"><ele>29.8</ele></trkpt>
      <trkpt lat="60.0735" lon="24.423947"><ele>30</ele></trkpt>
      <trkpt lat="60.073525" lon="24.423915"><ele>30.2</ele></trkpt>
      <trkpt lat="60.073552" lon="24.423907"><ele>30.2</ele></trkpt>
      <trkpt lat="60.073582" lon="24.423945"><ele>30.2</ele></trkpt>
      <trkpt lat="60.073612" lon="24.42399"><ele>30.4</ele></trkpt>
      <trkpt lat="60.07364" lon="24.424042"><ele>30.4</ele></trkpt>
      <trkpt lat="60.073667" lon="24.42411"><ele>30.4</ele></trkpt>
      <trkpt lat="60.073697" lon="24.42418"><ele>30.4</ele></trkpt>
      <trkpt lat="60.073732" lon="24.424245"><ele>30.4</ele></trkpt>
      <trkpt lat="60.073767" lon="24.424305"><ele>30.4</ele></trkpt>
      <trkpt lat="60.073797" lon="24.424365"><ele>30.2</ele></trkpt>
      <trkpt lat="60.073827" lon="24.424415"><ele>30.2</ele></trkpt>
      <trkpt lat="60.07386" lon="24.424422"><ele>30</ele></trkpt>
      <trkpt lat="60.073887" lon="24.424427"><ele>29.8</ele></trkpt>
      <trkpt lat="60.073912" lon="24.424425"><ele>29.6</ele></trkpt>
      <trkpt lat="60.073932" lon="24.424437"><ele>29.4</ele></trkpt>
      <trkpt lat="60.073957" lon="24.424462"><ele>29.4</ele></trkpt>
      <trkpt lat="60.073987" lon="24.42449"><ele>29.2</ele></trkpt>
      <trkpt lat="60.074022" lon="24.424517"><ele>29.2</ele></trkpt>
      <trkpt lat="60.074057" lon="24.424532"><ele>29.2</ele></trkpt>
      <trkpt lat="60.074087" lon="24.424547"><ele>29.2</ele></trkpt>
      <trkpt lat="60.074112" lon="24.42457"><ele>29</ele></trkpt>
      <trkpt lat="60.074127" lon="24.424587"><ele>29</ele></trkpt>
      <trkpt lat="60.07416" lon="24.424597"><ele>29</ele></trkpt>
      <trkpt lat="60.07418" lon="24.424587"><ele>29</ele></trkpt>
      <trkpt lat="60.074207" lon="24.424567"><ele>29</ele></trkpt>
      <trkpt lat="60.074242" lon="24.42455"><ele>29</ele></trkpt>
      <trkpt lat="60.074282" lon="24.42455"><ele>29</ele></trkpt>
      <trkpt lat="60.07432" lon="24.42456"><ele>29</ele></trkpt>
      <trkpt lat="60.074355" lon="24.424567"><ele>29</ele></trkpt>
      <trkpt lat="60.074387" lon="24.424567"><ele>29</ele></trkpt>
      <trkpt lat="60.074425" lon="24.424565"><ele>29</ele></trkpt>
      <trkpt lat="60.074452" lon="24.42458"><ele>29</ele></trkpt>
      <trkpt lat="60.074482" lon="24.424597"><ele>28.8</ele></trkpt>
      <trkpt lat="60.074517" lon="24.42459"><ele>28.6</ele></trkpt>
      <trkpt lat="60.074547" lon="24.424572"><ele>28.6</ele></trkpt>
      <trkpt lat="60.074582" lon="24.424537"><ele>28.4</ele></trkpt>
      <trkpt lat="60.074622" lon="24.424502"><ele>28.2</ele></trkpt>
      <trkpt lat="60.074655" lon="24.424467"><ele>28</ele></trkpt>
      <trkpt lat="60.074685" lon="24.424422"><ele>27.6</ele></trkpt>
      <trkpt lat="60.074715" lon="24.424365"><ele>27.2</ele></trkpt>
      <trkpt lat="60.07475" lon="24.424312"><ele>26.8</ele></trkpt>
      <trkpt lat="60.074777" lon="24.424272"><ele>26.4</ele></trkpt>
      <trkpt lat="60.074802" lon="24.424247"><ele>26</ele></trkpt>
      <trkpt lat="60.074822" lon="24.42423"><ele>25.4</ele></trkpt>
      <trkpt lat="60.07484" lon="24.424207"><ele>24.8</ele></trkpt>
      <trkpt lat="60.074857" lon="24.424187"><ele>24.2</ele></trkpt>
      <trkpt lat="60.07488" lon="24.424177"><ele>23.8</ele></trkpt>
      <trkpt lat="60.074917" lon="24.424177"><ele>23.4</ele></trkpt>
      <trkpt lat="60.074965" lon="24.424202"><ele>23</ele></trkpt>
      <trkpt lat="60.07501" lon="24.424237"><ele>22.8</ele></trkpt>
      <trkpt lat="60.075052" lon="24.424262"><ele>22.4</ele></trkpt>
      <trkpt lat="60.075097" lon="24.424292"><ele>22</ele></trkpt>
      <trkpt lat="60.075145" lon="24.424317"><ele>21.6</ele></trkpt>
      <trkpt lat="60.075197" lon="24.424327"><ele>21.4</ele></trkpt>
      <trkpt lat="60.075255" lon="24.424342"><ele>21</ele></trkpt>
      <trkpt lat="60.075307" lon="24.424377"><ele>20.8</ele></trkpt>
      <trkpt lat="60.075355" lon="24.424415"><ele>20.6</ele></trkpt>
      <trkpt lat="60.07541" lon="24.42444"><ele>20.2</ele></trkpt>
      <trkpt lat="60.075455" lon="24.424467"><ele>20</ele></trkpt>
      <trkpt lat="60.07548" lon="24.424485"><ele>19.6</ele></trkpt>
      <trkpt lat="60.0755" lon="24.42449"><ele>18.2</ele></trkpt>
      <trkpt lat="60.075527" lon="24.424517"><ele>18.2</ele></trkpt>
      <trkpt lat="60.075547" lon="24.424542"><ele>18</ele></trkpt>
      <trkpt lat="60.075567" lon="24.424557"><ele>18</ele></trkpt>
      <trkpt lat="60.075585" lon="24.424597"><ele>18.2</ele></trkpt>
      <trkpt lat="60.075607" lon="24.424627"><ele>18.2</ele></trkpt>
      <trkpt lat="60.075637" lon="24.42464"><ele>18.2</ele></trkpt>
      <trkpt lat="60.07567" lon="24.424652"><ele>18.2</ele></trkpt>
      <trkpt lat="60.075707" lon="24.424672"><ele>18.2</ele></trkpt>
      <trkpt lat="60.075747" lon="24.424685"><ele>18.2</ele></trkpt>
      <trkpt lat="60.075787" lon="24.42469"><ele>18</ele></trkpt>
      <trkpt lat="60.075835" lon="24.424707"><ele>18</ele></trkpt>
      <trkpt lat="60.075885" lon="24.424732"><ele>17.8</ele></trkpt>
      <trkpt lat="60.075935" lon="24.424767"><ele>17.6</ele></trkpt>
      <trkpt lat="60.075985" lon="24.424802"><ele>17</ele></trkpt>
      <trkpt lat="60.076035" lon="24.424835"><ele>16.2</ele></trkpt>
      <trkpt lat="60.076087" lon="24.424875"><ele>15.4</ele></trkpt>
      <trkpt lat="60.076132" lon="24.424925"><ele>15</ele></trkpt>
      <trkpt lat="60.076177" lon="24.424962"><ele>14.8</ele></trkpt>
      <trkpt lat="60.07622" lon="24.424985"><ele>14.6</ele></trkpt>
      <trkpt lat="60.076262" lon="24.425012"><ele>14.6</ele></trkpt>
      <trkpt lat="60.076305" lon="24.42504"><ele>14.8</ele></trkpt>
      <trkpt lat="60.076348" lon="24.425067"><ele>15</ele></trkpt>
      <trkpt lat="60.076395" lon="24.425097"><ele>15.2</ele></trkpt>
      <trkpt lat="60.076442" lon="24.42513"><ele>15.4</ele></trkpt>
      <trkpt lat="60.076487" lon="24.425175"><ele>15.6</ele></trkpt>
      <trkpt lat="60.07653" lon="24.425235"><ele>15.6</ele></trkpt>
      <trkpt lat="60.076567" lon="24.4253"><ele>15.6</ele></trkpt>
      <trkpt lat="60.0766" lon="24.42537"><ele>15.6</ele></trkpt>
      <trkpt lat="60.07663" lon="24.425435"><ele>15.4</ele></trkpt>
      <trkpt lat="60.076662" lon="24.425497"><ele>15.4</ele></trkpt>
      <trkpt lat="60.076692" lon="24.425557"><ele>15.4</ele></trkpt>
      <trkpt lat="60.07672" lon="24.425615"><ele>15.4</ele></trkpt>
      <trkpt lat="60.076747" lon="24.425672"><ele>15.4</ele></trkpt>
      <trkpt lat="60.07678" lon="24.425715"><ele>15.4</ele></trkpt>
      <trkpt lat="60.076815" lon="24.425727"><ele>15.2</ele></trkpt>
      <trkpt lat="60.076852" lon="24.425722"><ele>15.2</ele></trkpt>
      <trkpt lat="60.076897" lon="24.425695"><ele>15.2</ele></trkpt>
      <trkpt lat="60.076942" lon="24.425647"><ele>15.2</ele></trkpt>
      <trkpt lat="60.076985" lon="24.425587"><ele>15.2</ele></trkpt>
      <trkpt lat="60.077027" lon="24.425527"><ele>15.2</ele></trkpt>
      <trkpt lat="60.077067" lon="24.425457"><ele>15.2</ele></trkpt>
      <trkpt lat="60.077107" lon="24.425385"><ele>15</ele></trkpt>
      <trkpt lat="60.077147" lon="24.425312"><ele>14.8</ele></trkpt>
      <trkpt lat="60.077182" lon="24.425237"><ele>14.6</ele></trkpt>
      <trkpt lat="60.077222" lon="24.425165"><ele>14.6</ele></trkpt>
      <trkpt lat="60.077262" lon="24.425095"><ele>14.6</ele></trkpt>
      <trkpt lat="60.077297" lon="24.425022"><ele>14.4</ele></trkpt>
      <trkpt lat="60.077332" lon="24.424947"><ele>14.4</ele></trkpt>
      <trkpt lat="60.077367" lon="24.424877"><ele>14.4</ele></trkpt>
      <trkpt lat="60.077402" lon="24.424815"><ele>14.4</ele></trkpt>
      <trkpt lat="60.077437" lon="24.424752"><ele>14.2</ele></trkpt>
      <trkpt lat="60.077467" lon="24.424692"><ele>14.2</ele></trkpt>
      <trkpt lat="60.077497" lon="24.424637"><ele>14.2</ele></trkpt>
      <trkpt lat="60.077527" lon="24.42459"><ele>14.2</ele></trkpt>
      <trkpt lat="60.077552" lon="24.424545"><ele>14.4</ele></trkpt>
      <trkpt lat="60.07758" lon="24.424502"><ele>14.4</ele></trkpt>
      <trkpt lat="60.077607" lon="24.424467"><ele>14.6</ele></trkpt>
      <trkpt lat="60.077635" lon="24.424437"><ele>14.8</ele></trkpt>
      <trkpt lat="60.077665" lon="24.424417"><ele>15</ele></trkpt>
      <trkpt lat="60.077697" lon="24.42441"><ele>15.2</ele></trkpt>
      <trkpt lat="60.077727" lon="24.424415"><ele>15.4</ele></trkpt>
      <trkpt lat="60.077757" lon="24.424427"><ele>15.6</ele></trkpt>
      <trkpt lat="60.077785" lon="24.424452"><ele>15.8</ele></trkpt>
      <trkpt lat="60.077812" lon="24.424477"><ele>16</ele></trkpt>
      <trkpt lat="60.077837" lon="24.424507"><ele>16.2</ele></trkpt>
      <trkpt lat="60.077865" lon="24.424542"><ele>16.6</ele></trkpt>
      <trkpt lat="60.07789" lon="24.424575"><ele>16.8</ele></trkpt>
      <trkpt lat="60.077917" lon="24.424612"><ele>17</ele></trkpt>
      <trkpt lat="60.077942" lon="24.424647"><ele>17.2</ele></trkpt>
      <trkpt lat="60.077967" lon="24.424682"><ele>17.4</ele></trkpt>
      <trkpt lat="60.07799" lon="24.42472"><ele>17.6</ele></trkpt>
      <trkpt lat="60.078012" lon="24.42476"><ele>17.8</ele></trkpt>
      <trkpt lat="60.078032" lon="24.4248"><ele>18</ele></trkpt>
      <trkpt lat="60.078052" lon="24.424842"><ele>18</ele></trkpt>
      <trkpt lat="60.078075" lon="24.424887"><ele>18.2</ele></trkpt>
      <trkpt lat="60.0781" lon="24.424927"><ele>18.4</ele></trkpt>
      <trkpt lat="60.07813" lon="24.424972"><ele>18.4</ele></trkpt>
      <trkpt lat="60.078157" lon="24.425017"><ele>18.6</ele></trkpt>
      <trkpt lat="60.078192" lon="24.425047"><ele>18.6</ele></trkpt>
      <trkpt lat="60.078232" lon="24.425072"><ele>18.6</ele></trkpt>
      <trkpt lat="60.078272" lon="24.42509"><ele>18.6</ele></trkpt>
      <trkpt lat="60.078312" lon="24.425102"><ele>18.6</ele></trkpt>
      <trkpt lat="60.078352" lon="24.425107"><ele>18.6</ele></trkpt>
      <trkpt lat="60.078392" lon="24.425127"><ele>18.6</ele></trkpt>
      <trkpt lat="60.078435" lon="24.425142"><ele>18.6</ele></trkpt>
      <trkpt lat="60.078477" lon="24.425155"><ele>18.4</ele></trkpt>
      <trkpt lat="60.07852" lon="24.425162"><ele>18.4</ele></trkpt>
      <trkpt lat="60.078562" lon="24.425172"><ele>18.4</ele></trkpt>
      <trkpt lat="60.078605" lon="24.42518"><ele>18.4</ele></trkpt>
      <trkpt lat="60.07864" lon="24.425187"><ele>18.2</ele></trkpt>
      <trkpt lat="60.078672" lon="24.425182"><ele>18</ele></trkpt>
      <trkpt lat="60.078702" lon="24.425167"><ele>18</ele></trkpt>
      <trkpt lat="60.078727" lon="24.425147"><ele>18</ele></trkpt>
      <trkpt lat="60.078752" lon="24.425127"><ele>18</ele></trkpt>
      <trkpt lat="60.078782" lon="24.425097"><ele>18.2</ele></trkpt>
      <trkpt lat="60.078817" lon="24.425062"><ele>18.6</ele></trkpt>
      <trkpt lat="60.07885" lon="24.425022"><ele>18.8</ele></trkpt>
      <trkpt lat="60.07889" lon="24.424977"><ele>18.8</ele></trkpt>
      <trkpt lat="60.078935" lon="24.424932"><ele>18.8</ele></trkpt>
      <trkpt lat="60.078985" lon="24.424905"><ele>18.8</ele></trkpt>
      <trkpt lat="60.079032" lon="24.424887"><ele>18.8</ele></trkpt>
      <trkpt lat="60.079075" lon="24.424877"><ele>18.6</ele></trkpt>
      <trkpt lat="60.079107" lon="24.424867"><ele>18.2</ele></trkpt>
      <trkpt lat="60.07913" lon="24.424827"><ele>17.8</ele></trkpt>
      <trkpt lat="60.079135" lon="24.424772"><ele>17.2</ele></trkpt>
      <trkpt lat="60.079127" lon="24.424722"><ele>16.6</ele></trkpt>
      <trkpt lat="60.079107" lon="24.424667"><ele>16</ele></trkpt>
      <trkpt lat="60.079087" lon="24.424602"><ele>15.6</ele></trkpt>
      <trkpt lat="60.079062" lon="24.424542"><ele>15.2</ele></trkpt>
      <trkpt lat="60.079037" lon="24.424482"><ele>15</ele></trkpt>
      <trkpt lat="60.079005" lon="24.424427"><ele>15</ele></trkpt>
      <trkpt lat="60.078972" lon="24.424377"><ele>15</ele></trkpt>
      <trkpt lat="60.078947" lon="24.424325"><ele>15</ele></trkpt>
      <trkpt lat="60.07892" lon="24.424272"><ele>15</ele></trkpt>
      <trkpt lat="60.078897" lon="24.424217"><ele>15</ele></trkpt>
      <trkpt lat="60.078877" lon="24.424152"><ele>15</ele></trkpt>
      <trkpt lat="60.07886" lon="24.424087"><ele>15</ele></trkpt>
      <trkpt lat="60.07885" lon="24.424012"><ele>15</ele></trkpt>
      <trkpt lat="60.078842" lon="24.423937"><ele>14.8</ele></trkpt>
      <trkpt lat="60.07884" lon="24.423857"><ele>14.8</ele></trkpt>
      <trkpt lat="60.07884" lon="24.423775"><ele>14.8</ele></trkpt>
      <trkpt lat="60.078842" lon="24.423683"><ele>14.8</ele></trkpt>
      <trkpt lat="60.078845" lon="24.423595"><ele>14.8</ele></trkpt>
      <trkpt lat="60.07885" lon="24.423507"><ele>14.4</ele></trkpt>
      <trkpt lat="60.078857" lon="24.423412"><ele>14</ele></trkpt>
      <trkpt lat="60.078862" lon="24.423327"><ele>14</ele></trkpt>
      <trkpt lat="60.078867" lon="24.423237"><ele>14</ele></trkpt>
      <trkpt lat="60.078872" lon="24.423157"><ele>14</ele></trkpt>
      <trkpt lat="60.078877" lon="24.423075"><ele>14.2</ele></trkpt>
      <trkpt lat="60.078877" lon="24.42299"><ele>14.4</ele></trkpt>
      <trkpt lat="60.078882" lon="24.4229"><ele>14.6</ele></trkpt>
      <trkpt lat="60.078882" lon="24.422817"><ele>15</ele></trkpt>
      <trkpt lat="60.078885" lon="24.422732"><ele>15</ele></trkpt>
      <trkpt lat="60.078882" lon="24.422652"><ele>15.2</ele></trkpt>
      <trkpt lat="60.07888" lon="24.422567"><ele>15.2</ele></trkpt>
      <trkpt lat="60.078872" lon="24.42248"><ele>15.4</ele></trkpt>
      <trkpt lat="60.078857" lon="24.422395"><ele>15.4</ele></trkpt>
      <trkpt lat="60.078842" lon="24.42231"><ele>15.6</ele></trkpt>
      <trkpt lat="60.078817" lon="24.422225"><ele>15.6</ele></trkpt>
      <trkpt lat="60.078795" lon="24.422137"><ele>15.4</ele></trkpt>
      <trkpt lat="60.078767" lon="24.422052"><ele>15.4</ele></trkpt>
      <trkpt lat="60.078737" lon="24.42197"><ele>15.2</ele></trkpt>
      <trkpt lat="60.078707" lon="24.421887"><ele>15.2</ele></trkpt>
      <trkpt lat="60.078675" lon="24.421812"><ele>15.2</ele></trkpt>
      <trkpt lat="60.078637" lon="24.421742"><ele>15</ele></trkpt>
      <trkpt lat="60.078602" lon="24.421672"><ele>15</ele></trkpt>
      <trkpt lat="60.078565" lon="24.421605"><ele>14.8</ele></trkpt>
      <trkpt lat="60.078527" lon="24.421542"><ele>14.8</ele></trkpt>
      <trkpt lat="60.07849" lon="24.42147"><ele>14.8</ele></trkpt>
      <trkpt lat="60.078452" lon="24.4214"><ele>14.8</ele></trkpt>
      <trkpt lat="60.078415" lon="24.421332"><ele>14.6</ele></trkpt>
      <trkpt lat="60.078377" lon="24.421263"><ele>14.6</ele></trkpt>
      <trkpt lat="60.078337" lon="24.421202"><ele>14.4</ele></trkpt>
      <trkpt lat="60.078292" lon="24.421142"><ele>14.4</ele></trkpt>
      <trkpt lat="60.078252" lon="24.42108"><ele>14.4</ele></trkpt>
      <trkpt lat="60.078212" lon="24.421017"><ele>14.4</ele></trkpt>
      <trkpt lat="60.078172" lon="24.42095"><ele>14.4</ele></trkpt>
      <trkpt lat="60.078132" lon="24.420882"><ele>14.4</ele></trkpt>
      <trkpt lat="60.078092" lon="24.42081"><ele>14.4</ele></trkpt>
      <trkpt lat="60.078055" lon="24.42074"><ele>14.2</ele></trkpt>
      <trkpt lat="60.078017" lon="24.420675"><ele>14.2</ele></trkpt>
      <trkpt lat="60.077977" lon="24.42061"><ele>14.2</ele></trkpt>
      <trkpt lat="60.077937" lon="24.420542"><ele>14.2</ele></trkpt>
      <trkpt lat="60.077902" lon="24.420475"><ele>14.2</ele></trkpt>
      <trkpt lat="60.077867" lon="24.420397"><ele>14</ele></trkpt>
      <trkpt lat="60.077837" lon="24.420322"><ele>14</ele></trkpt>
      <trkpt lat="60.077805" lon="24.420242"><ele>14</ele></trkpt>
      <trkpt lat="60.077777" lon="24.420157"><ele>14.2</ele></trkpt>
      <trkpt lat="60.077747" lon="24.420072"><ele>14.2</ele></trkpt>
      <trkpt lat="60.077722" lon="24.41999"><ele>14.2</ele></trkpt>
      <trkpt lat="60.077695" lon="24.419907"><ele>14.2</ele></trkpt>
      <trkpt lat="60.077667" lon="24.419822"><ele>14.2</ele></trkpt>
      <trkpt lat="60.077642" lon="24.419735"><ele>14.2</ele></trkpt>
      <trkpt lat="60.07762" lon="24.419647"><ele>14.2</ele></trkpt>
      <trkpt lat="60.07759" lon="24.419562"><ele>14.4</ele></trkpt>
      <trkpt lat="60.077557" lon="24.419472"><ele>14.4</ele></trkpt>
      <trkpt lat="60.077532" lon="24.419385"><ele>14.4</ele></trkpt>
      <trkpt lat="60.077505" lon="24.419292"><ele>14.4</ele></trkpt>
      <trkpt lat="60.07748" lon="24.419202"><ele>14.4</ele></trkpt>
      <trkpt lat="60.077452" lon="24.419115"><ele>14.4</ele></trkpt>
      <trkpt lat="60.077425" lon="24.419022"><ele>14.4</ele></trkpt>
      <trkpt lat="60.077397" lon="24.418932"><ele>14.4</ele></trkpt>
      <trkpt lat="60.077365" lon="24.418842"><ele>14.4</ele></trkpt>
      <trkpt lat="60.077337" lon="24.418747"><ele>14.2</ele></trkpt>
      <trkpt lat="60.077302" lon="24.418655"><ele>14.2</ele></trkpt>
      <trkpt lat="60.077272" lon="24.418562"><ele>14</ele></trkpt>
      <trkpt lat="60.077242" lon="24.41847"><ele>14</ele></trkpt>
      <trkpt lat="60.077215" lon="24.418377"><ele>14</ele></trkpt>
      <trkpt lat="60.077187" lon="24.418285"><ele>14</ele></trkpt>
      <trkpt lat="60.077157" lon="24.418192"><ele>14.2</ele></trkpt>
      <trkpt lat="60.077132" lon="24.4181"><ele>14.2</ele></trkpt>
      <trkpt lat="60.077107" lon="24.418007"><ele>14.2</ele></trkpt>
      <trkpt lat="60.07708" lon="24.417912"><ele>14.4</ele></trkpt>
      <trkpt lat="60.077055" lon="24.41782"><ele>14.4</ele></trkpt>
      <trkpt lat="60.077027" lon="24.417727"><ele>14.6</ele></trkpt>
      <trkpt lat="60.077007" lon="24.417632"><ele>14.6</ele></trkpt>
      <trkpt lat="60.07699" lon="24.417537"><ele>14.8</ele></trkpt>
      <trkpt lat="60.076977" lon="24.417442"><ele>14.8</ele></trkpt>
      <trkpt lat="60.076962" lon="24.417352"><ele>14.8</ele></trkpt>
      <trkpt lat="60.076952" lon="24.417262"><ele>15</ele></trkpt>
      <trkpt lat="60.076947" lon="24.417177"><ele>15</ele></trkpt>
      <trkpt lat="60.076937" lon="24.41709"><ele>15.2</ele></trkpt>
      <trkpt lat="60.076932" lon="24.417005"><ele>15.4</ele></trkpt>
      <trkpt lat="60.076935" lon="24.416915"><ele>15.6</ele></trkpt>
      <trkpt lat="60.07694" lon="24.416817"><ele>15.8</ele></trkpt>
      <trkpt lat="60.076952" lon="24.416717"><ele>16</ele></trkpt>
      <trkpt lat="60.07698" lon="24.416622"><ele>16.2</ele></trkpt>
      <trkpt lat="60.077017" lon="24.416542"><ele>16</ele></trkpt>
      <trkpt lat="60.077057" lon="24.416467"><ele>16</ele></trkpt>
      <trkpt lat="60.077102" lon="24.416405"><ele>16</ele></trkpt>
      <trkpt lat="60.077152" lon="24.41635"><ele>15.8</ele></trkpt>
      <trkpt lat="60.077197" lon="24.416292"><ele>15.6</ele></trkpt>
      <trkpt lat="60.077242" lon="24.416217"><ele>15.6</ele></trkpt>
      <trkpt lat="60.077287" lon="24.416152"><ele>15.6</ele></trkpt>
      <trkpt lat="60.077342" lon="24.416122"><ele>15.8</ele></trkpt>
      <trkpt lat="60.077392" lon="24.416127"><ele>15.8</ele></trkpt>
      <trkpt lat="60.077442" lon="24.416142"><ele>15.6</ele></trkpt>
      <trkpt lat="60.077497" lon="24.416152"><ele>15.6</ele></trkpt>
      <trkpt lat="60.07755" lon="24.416162"><ele>15.6</ele></trkpt>
      <trkpt lat="60.077605" lon="24.416172"><ele>15.6</ele></trkpt>
      <trkpt lat="60.077662" lon="24.41618"><ele>15.6</ele></trkpt>
      <trkpt lat="60.07772" lon="24.416187"><ele>15.6</ele></trkpt>
      <trkpt lat="60.077782" lon="24.416197"><ele>15.4</ele></trkpt>
      <trkpt lat="60.077845" lon="24.416205"><ele>15.4</ele></trkpt>
      <trkpt lat="60.077907" lon="24.416218"><ele>15.4</ele></trkpt>
      <trkpt lat="60.077972" lon="24.416237"><ele>15.4</ele></trkpt>
      <trkpt lat="60.078032" lon="24.416257"><ele>15.4</ele></trkpt>
      <trkpt lat="60.078093" lon="24.416277"><ele>15.4</ele></trkpt>
      <trkpt lat="60.078152" lon="24.416275"><ele>15.4</ele></trkpt>
      <trkpt lat="60.078207" lon="24.416237"><ele>15.4</ele></trkpt>
      <trkpt lat="60.078248" lon="24.416172"><ele>15.4</ele></trkpt>
      <trkpt lat="60.07828" lon="24.416082"><ele>15.4</ele></trkpt>
      <trkpt lat="60.078297" lon="24.415977"><ele>15.2</ele></trkpt>
      <trkpt lat="60.078305" lon="24.415857"><ele>15.2</ele></trkpt>
      <trkpt lat="60.078317" lon="24.41574"><ele>15.2</ele></trkpt>
      <trkpt lat="60.078327" lon="24.415617"><ele>15.2</ele></trkpt>
      <trkpt lat="60.078337" lon="24.415492"><ele>15.2</ele></trkpt>
      <trkpt lat="60.078347" lon="24.415367"><ele>15</ele></trkpt>
      <trkpt lat="60.078362" lon="24.415242"><ele>14.8</ele></trkpt>
      <trkpt lat="60.078382" lon="24.415117"><ele>14.8</ele></trkpt>
      <trkpt lat="60.078402" lon="24.414997"><ele>14.8</ele></trkpt>
      <trkpt lat="60.078415" lon="24.414872"><ele>14.8</ele></trkpt>
      <trkpt lat="60.078427" lon="24.414752"><ele>14.8</ele></trkpt>
      <trkpt lat="60.07844" lon="24.41464"><ele>14.8</ele></trkpt>
      <trkpt lat="60.078452" lon="24.414535"><ele>14.6</ele></trkpt>
      <trkpt lat="60.078462" lon="24.414438"><ele>14.6</ele></trkpt>
      <trkpt lat="60.078472" lon="24.414355"><ele>14.6</ele></trkpt>
      <trkpt lat="60.078482" lon="24.414277"><ele>14.8</ele></trkpt>
      <trkpt lat="60.078495" lon="24.4142"><ele>15</ele></trkpt>
      <trkpt lat="60.078502" lon="24.414127"><ele>15</ele></trkpt>
      <trkpt lat="60.07851" lon="24.414057"><ele>15.2</ele></trkpt>
      <trkpt lat="60.07852" lon="24.413992"><ele>15.4</ele></trkpt>
      <trkpt lat="60.078527" lon="24.413932"><ele>15.6</ele></trkpt>
      <trkpt lat="60.078537" lon="24.413877"><ele>16</ele></trkpt>
      <trkpt lat="60.078547" lon="24.413822"><ele>16.4</ele></trkpt>
      <trkpt lat="60.078557" lon="24.413762"><ele>16.8</ele></trkpt>
      <trkpt lat="60.078565" lon="24.413707"><ele>17.2</ele></trkpt>
      <trkpt lat="60.078577" lon="24.413657"><ele>17.6</ele></trkpt>
      <trkpt lat="60.07859" lon="24.413607"><ele>17.8</ele></trkpt>
      <trkpt lat="60.078597" lon="24.413567"><ele>18.2</ele></trkpt>
      <trkpt lat="60.078607" lon="24.413525"><ele>18.6</ele></trkpt>
      <trkpt lat="60.078615" lon="24.413482"><ele>19</ele></trkpt>
      <trkpt lat="60.078622" lon="24.413437"><ele>19.4</ele></trkpt>
      <trkpt lat="60.078632" lon="24.413392"><ele>19.8</ele></trkpt>
      <trkpt lat="60.078642" lon="24.413355"><ele>20.2</ele></trkpt>
      <trkpt lat="60.078652" lon="24.413317"><ele>20.6</ele></trkpt>
      <trkpt lat="60.07866" lon="24.413277"><ele>20.8</ele></trkpt>
      <trkpt lat="60.07867" lon="24.413237"><ele>21.2</ele></trkpt>
      <trkpt lat="60.078682" lon="24.413192"><ele>21.6</ele></trkpt>
      <trkpt lat="60.078695" lon="24.41315"><ele>21.8</ele></trkpt>
      <trkpt lat="60.078707" lon="24.413102"><ele>22.2</ele></trkpt>
      <trkpt lat="60.078722" lon="24.413057"><ele>22.4</ele></trkpt>
      <trkpt lat="60.078735" lon="24.413007"><ele>22.8</ele></trkpt>
      <trkpt lat="60.078745" lon="24.41296"><ele>23</ele></trkpt>
      <trkpt lat="60.078757" lon="24.412912"><ele>23.4</ele></trkpt>
      <trkpt lat="60.078762" lon="24.412857"><ele>23.6</ele></trkpt>
      <trkpt lat="60.078767" lon="24.412805"><ele>23.8</ele></trkpt>
      <trkpt lat="60.078767" lon="24.412757"><ele>24.2</ele></trkpt>
      <trkpt lat="60.078772" lon="24.41271"><ele>24.4</ele></trkpt>
      <trkpt lat="60.078772" lon="24.412662"><ele>24.6</ele></trkpt>
      <trkpt lat="60.078777" lon="24.412612"><ele>24.8</ele></trkpt>
      <trkpt lat="60.078777" lon="24.412565"><ele>25</ele></trkpt>
      <trkpt lat="60.07878" lon="24.412515"><ele>25.2</ele></trkpt>
      <trkpt lat="60.07878" lon="24.412462"><ele>25.4</ele></trkpt>
      <trkpt lat="60.078782" lon="24.412412"><ele>25.6</ele></trkpt>
      <trkpt lat="60.078787" lon="24.412367"><ele>25.6</ele></trkpt>
      <trkpt lat="60.07879" lon="24.412325"><ele>25.8</ele></trkpt>
      <trkpt lat="60.078792" lon="24.412287"><ele>26</ele></trkpt>
      <trkpt lat="60.078797" lon="24.412242"><ele>26</ele></trkpt>
      <trkpt lat="60.078805" lon="24.412197"><ele>26.2</ele></trkpt>
      <trkpt lat="60.078812" lon="24.412152"><ele>26.2</ele></trkpt>
      <trkpt lat="60.078817" lon="24.412107"><ele>26.2</ele></trkpt>
      <trkpt lat="60.078827" lon="24.412062"><ele>26.2</ele></trkpt>
      <trkpt lat="60.078835" lon="24.412015"><ele>26.2</ele></trkpt>
      <trkpt lat="60.078845" lon="24.411967"><ele>26.4</ele></trkpt>
      <trkpt lat="60.07886" lon="24.411922"><ele>26.4</ele></trkpt>
      <trkpt lat="60.078872" lon="24.411877"><ele>26.4</ele></trkpt>
      <trkpt lat="60.07889" lon="24.411837"><ele>26.6</ele></trkpt>
      <trkpt lat="60.078912" lon="24.411807"><ele>26.6</ele></trkpt>
      <trkpt lat="60.078932" lon="24.41177"><ele>26.6</ele></trkpt>
      <trkpt lat="60.078957" lon="24.411735"><ele>26.6</ele></trkpt>
      <trkpt lat="60.07898" lon="24.41169"><ele>26.6</ele></trkpt>
      <trkpt lat="60.078997" lon="24.411637"><ele>26.6</ele></trkpt>
      <trkpt lat="60.079017" lon="24.411582"><ele>26.6</ele></trkpt>
      <trkpt lat="60.079037" lon="24.411517"><ele>26.6</ele></trkpt>
      <trkpt lat="60.079062" lon="24.411462"><ele>26.4</ele></trkpt>
      <trkpt lat="60.079082" lon="24.411415"><ele>26.4</ele></trkpt>
      <trkpt lat="60.079092" lon="24.411365"><ele>26.2</ele></trkpt>
      <trkpt lat="60.079097" lon="24.411317"><ele>26.2</ele></trkpt>
      <trkpt lat="60.07911" lon="24.411275"><ele>26.2</ele></trkpt>
      <trkpt lat="60.079122" lon="24.411242"><ele>26</ele></trkpt>
      <trkpt lat="60.079135" lon="24.411212"><ele>26</ele></trkpt>
      <trkpt lat="60.079152" lon="24.411177"><ele>26.2</ele></trkpt>
      <trkpt lat="60.079162" lon="24.411142"><ele>26.2</ele></trkpt>
      <trkpt lat="60.079167" lon="24.411103"><ele>26.4</ele></trkpt>
      <trkpt lat="60.079167" lon="24.411065"><ele>26.4</ele></trkpt>
      <trkpt lat="60.079165" lon="24.411025"><ele>26.2</ele></trkpt>
      <trkpt lat="60.079165" lon="24.41095"><ele>26.2</ele></trkpt>
      <trkpt lat="60.079172" lon="24.41091"><ele>26.4</ele></trkpt>
      <trkpt lat="60.079182" lon="24.410877"><ele>26.6</ele></trkpt>
      <trkpt lat="60.079197" lon="24.410837"><ele>26.8</ele></trkpt>
      <trkpt lat="60.079212" lon="24.410802"><ele>27</ele></trkpt>
      <trkpt lat="60.079227" lon="24.41077"><ele>27.2</ele></trkpt>
      <trkpt lat="60.079247" lon="24.410737"><ele>27.4</ele></trkpt>
      <trkpt lat="60.079265" lon="24.41071"><ele>27.6</ele></trkpt>
      <trkpt lat="60.079282" lon="24.410682"><ele>27.8</ele></trkpt>
      <trkpt lat="60.0793" lon="24.410652"><ele>28</ele></trkpt>
      <trkpt lat="60.079317" lon="24.410622"><ele>28.4</ele></trkpt>
      <trkpt lat="60.079332" lon="24.410597"><ele>28.6</ele></trkpt>
      <trkpt lat="60.079345" lon="24.410572"><ele>28.8</ele></trkpt>
      <trkpt lat="60.079357" lon="24.410545"><ele>29.2</ele></trkpt>
      <trkpt lat="60.079387" lon="24.410497"><ele>29.6</ele></trkpt>
      <trkpt lat="60.079402" lon="24.410477"><ele>29.8</ele></trkpt>
      <trkpt lat="60.079422" lon="24.41047"><ele>30</ele></trkpt>
      <trkpt lat="60.079447" lon="24.410455"><ele>30.2</ele></trkpt>
      <trkpt lat="60.079475" lon="24.410412"><ele>30.4</ele></trkpt>
      <trkpt lat="60.079495" lon="24.410382"><ele>30.6</ele></trkpt>
      <trkpt lat="60.079515" lon="24.410352"><ele>30.8</ele></trkpt>
      <trkpt lat="60.079527" lon="24.410322"><ele>31</ele></trkpt>
    </trkseg>
  </trk>
</gpx>
