<?xml version="1.0" encoding="UTF-8" standalone="no"?><gpx xmlns="http://www.topografix.com/GPX/1/1" xmlns:gpxtpx="http://www.garmin.com/xmlschemas/TrackPointExtension/v1" xmlns:xsi="http://www.w3.org/2001/XMLSchema-instance" creator="Suunto app" version="1.1" xsi:schemaLocation="http://www.topografix.com/GPX/1/1 http://www.topografix.com/GPX/1/1/gpx.xsd http://www.garmin.com/xmlschemas/TrackPointExtension/v1 http://www.garmin.com/xmlschemas/TrackPointExtensionv1.xsd"><metadata><name>suuntoapp-MountainBiking-2026-08-23T12-28-36Z</name><desc/><author><name>Kirill</name></author></metadata><rte><name>suuntoapp-MountainBiking-2026-08-23T12-28-36Z</name><rtept lat="60.240022" lon="24.662707"><ele>25.8</ele></rtept><rtept lat="60.240022" lon="24.662707"><ele>25.8</ele></rtept><rtept lat="60.240027" lon="24.662782"><ele>25.8</ele></rtept><rtept lat="60.240035" lon="24.662857"><ele>25.8</ele></rtept><rtept lat="60.240037" lon="24.662927"><ele>25.8</ele></rtept><rtept lat="60.240042" lon="24.662995"><ele>25.8</ele></rtept><rtept lat="60.240042" lon="24.663065"><ele>25.8</ele></rtept><rtept lat="60.240042" lon="24.663122"><ele>25.8</ele></rtept><rtept lat="60.240047" lon="24.663177"><ele>25.8</ele></rtept><rtept lat="60.240052" lon="24.663227"><ele>25.8</ele></rtept><rtept lat="60.24006" lon="24.66328"><ele>26.0</ele></rtept><rtept lat="60.240067" lon="24.663335"><ele>26.2</ele></rtept><rtept lat="60.240075" lon="24.663392"><ele>26.4</ele></rtept><rtept lat="60.24008" lon="24.663457"><ele>26.6</ele></rtept><rtept lat="60.240085" lon="24.663525"><ele>26.8</ele></rtept><rtept lat="60.240087" lon="24.663597"><ele>26.8</ele></rtept><rtept lat="60.240095" lon="24.663672"><ele>27.0</ele></rtept><rtept lat="60.240102" lon="24.663752"><ele>27.0</ele></rtept><rtept lat="60.240107" lon="24.663832"><ele>27.2</ele></rtept><rtept lat="60.240117" lon="24.663915"><ele>27.2</ele></rtept><rtept lat="60.240127" lon="24.663997"><ele>27.0</ele></rtept><rtept lat="60.240137" lon="24.664082"><ele>27.0</ele></rtept><rtept lat="60.240147" lon="24.66417"><ele>27.0</ele></rtept><rtept lat="60.240152" lon="24.664262"><ele>26.8</ele></rtept><rtept lat="60.240157" lon="24.664352"><ele>26.8</ele></rtept><rtept lat="60.240155" lon="24.664447"><ele>26.8</ele></rtept><rtept lat="60.240147" lon="24.664537"><ele>27.0</ele></rtept><rtept lat="60.240135" lon="24.664625"><ele>27.0</ele></rtept><rtept lat="60.240122" lon="24.664712"><ele>27.0</ele></rtept><rtept lat="60.240107" lon="24.664805"><ele>27.2</ele></rtept><rtept lat="60.240092" lon="24.664892"><ele>27.2</ele></rtept><rtept lat="60.240075" lon="24.66498"><ele>27.0</ele></rtept><rtept lat="60.240055" lon="24.665065"><ele>27.0</ele></rtept><rtept lat="60.240035" lon="24.665143"><ele>27.0</ele></rtept><rtept lat="60.240012" lon="24.665222"><ele>26.8</ele></rtept><rtept lat="60.239995" lon="24.665292"><ele>26.8</ele></rtept><rtept lat="60.239977" lon="24.665362"><ele>26.8</ele></rtept><rtept lat="60.239957" lon="24.665427"><ele>27.0</ele></rtept><rtept lat="60.239937" lon="24.665492"><ele>27.2</ele></rtept><rtept lat="60.23992" lon="24.665557"><ele>27.4</ele></rtept><rtept lat="60.239902" lon="24.665627"><ele>27.6</ele></rtept><rtept lat="60.239882" lon="24.665697"><ele>27.8</ele></rtept><rtept lat="60.239865" lon="24.665765"><ele>28.0</ele></rtept><rtept lat="60.239847" lon="24.665827"><ele>28.0</ele></rtept><rtept lat="60.239832" lon="24.665895"><ele>28.0</ele></rtept><rtept lat="60.239817" lon="24.665962"><ele>28.2</ele></rtept><rtept lat="60.2398" lon="24.66604"><ele>28.2</ele></rtept><rtept lat="60.239777" lon="24.666122"><ele>28.4</ele></rtept><rtept lat="60.239757" lon="24.666202"><ele>28.4</ele></rtept><rtept lat="60.239737" lon="24.666287"><ele>28.4</ele></rtept><rtept lat="60.239717" lon="24.666367"><ele>28.2</ele></rtept><rtept lat="60.2397" lon="24.666447"><ele>28.2</ele></rtept><rtept lat="60.239682" lon="24.666522"><ele>28.0</ele></rtept><rtept lat="60.239662" lon="24.666592"><ele>28.0</ele></rtept><rtept lat="60.23964" lon="24.666657"><ele>28.0</ele></rtept><rtept lat="60.239617" lon="24.666725"><ele>28.0</ele></rtept><rtept lat="60.239592" lon="24.666795"><ele>28.0</ele></rtept><rtept lat="60.239572" lon="24.666867"><ele>28.0</ele></rtept><rtept lat="60.239552" lon="24.666937"><ele>28.0</ele></rtept><rtept lat="60.239532" lon="24.667012"><ele>28.0</ele></rtept><rtept lat="60.239515" lon="24.667082"><ele>28.0</ele></rtept><rtept lat="60.239493" lon="24.667152"><ele>28.2</ele></rtept><rtept lat="60.239477" lon="24.66722"><ele>28.2</ele></rtept><rtept lat="60.239457" lon="24.667282"><ele>28.2</ele></rtept><rtept lat="60.239437" lon="24.667335"><ele>28.2</ele></rtept><rtept lat="60.23942" lon="24.667387"><ele>28.4</ele></rtept><rtept lat="60.239402" lon="24.667435"><ele>28.6</ele></rtept><rtept lat="60.239382" lon="24.667477"><ele>28.8</ele></rtept><rtept lat="60.239367" lon="24.667517"><ele>29.0</ele></rtept><rtept lat="60.239352" lon="24.667555"><ele>29.2</ele></rtept><rtept lat="60.239337" lon="24.667582"><ele>29.4</ele></rtept><rtept lat="60.239315" lon="24.667597"><ele>29.6</ele></rtept><rtept lat="60.23929" lon="24.667607"><ele>29.8</ele></rtept><rtept lat="60.239265" lon="24.66762"><ele>30.0</ele></rtept><rtept lat="60.239242" lon="24.667632"><ele>30.2</ele></rtept><rtept lat="60.239222" lon="24.667642"><ele>30.6</ele></rtept><rtept lat="60.239198" lon="24.667652"><ele>31.0</ele></rtept><rtept lat="60.239177" lon="24.667657"><ele>31.2</ele></rtept><rtept lat="60.239155" lon="24.667662"><ele>31.6</ele></rtept><rtept lat="60.239132" lon="24.667667"><ele>32.0</ele></rtept><rtept lat="60.239113" lon="24.667682"><ele>32.2</ele></rtept><rtept lat="60.239097" lon="24.667695"><ele>32.6</ele></rtept><rtept lat="60.239077" lon="24.667707"><ele>33.0</ele></rtept><rtept lat="60.239042" lon="24.667727"><ele>33.6</ele></rtept><rtept lat="60.239007" lon="24.667747"><ele>34.6</ele></rtept><rtept lat="60.23897" lon="24.667767"><ele>35.2</ele></rtept><rtept lat="60.23895" lon="24.667782"><ele>35.4</ele></rtept><rtept lat="60.238932" lon="24.667797"><ele>35.8</ele></rtept><rtept lat="60.238912" lon="24.667807"><ele>36.0</ele></rtept><rtept lat="60.238887" lon="24.667827"><ele>36.4</ele></rtept><rtept lat="60.238865" lon="24.667847"><ele>36.6</ele></rtept><rtept lat="60.23884" lon="24.667867"><ele>36.8</ele></rtept><rtept lat="60.238815" lon="24.667887"><ele>37.0</ele></rtept><rtept lat="60.23879" lon="24.667907"><ele>37.4</ele></rtept><rtept lat="60.238765" lon="24.667927"><ele>37.6</ele></rtept><rtept lat="60.23874" lon="24.667942"><ele>37.8</ele></rtept><rtept lat="60.238712" lon="24.667962"><ele>38.0</ele></rtept><rtept lat="60.238687" lon="24.667977"><ele>38.4</ele></rtept><rtept lat="60.23866" lon="24.667997"><ele>38.6</ele></rtept><rtept lat="60.238632" lon="24.66802"><ele>38.8</ele></rtept><rtept lat="60.23861" lon="24.668047"><ele>39.0</ele></rtept><rtept lat="60.238585" lon="24.668077"><ele>39.2</ele></rtept><rtept lat="60.23856" lon="24.668107"><ele>39.4</ele></rtept><rtept lat="60.238537" lon="24.668142"><ele>39.6</ele></rtept><rtept lat="60.238515" lon="24.66818"><ele>40.0</ele></rtept><rtept lat="60.238492" lon="24.668217"><ele>40.2</ele></rtept><rtept lat="60.238467" lon="24.668252"><ele>40.4</ele></rtept><rtept lat="60.238447" lon="24.668287"><ele>40.6</ele></rtept><rtept lat="60.238427" lon="24.668332"><ele>40.8</ele></rtept><rtept lat="60.23841" lon="24.668375"><ele>41.0</ele></rtept><rtept lat="60.238392" lon="24.668425"><ele>41.2</ele></rtept><rtept lat="60.23838" lon="24.668475"><ele>41.4</ele></rtept><rtept lat="60.238362" lon="24.668522"><ele>41.4</ele></rtept><rtept lat="60.23835" lon="24.668572"><ele>41.6</ele></rtept><rtept lat="60.238337" lon="24.668622"><ele>41.8</ele></rtept><rtept lat="60.238327" lon="24.668672"><ele>42.0</ele></rtept><rtept lat="60.238307" lon="24.668715"><ele>42.2</ele></rtept><rtept lat="60.238283" lon="24.66874"><ele>42.2</ele></rtept><rtept lat="60.238257" lon="24.668752"><ele>42.4</ele></rtept><rtept lat="60.238237" lon="24.668747"><ele>42.6</ele></rtept><rtept lat="60.23822" lon="24.668715"><ele>42.6</ele></rtept><rtept lat="60.2382" lon="24.668667"><ele>42.8</ele></rtept><rtept lat="60.238177" lon="24.668622"><ele>42.8</ele></rtept><rtept lat="60.238157" lon="24.66858"><ele>42.8</ele></rtept><rtept lat="60.238142" lon="24.668542"><ele>43.0</ele></rtept><rtept lat="60.238127" lon="24.668512"><ele>43.2</ele></rtept><rtept lat="60.238107" lon="24.668485"><ele>43.6</ele></rtept><rtept lat="60.238092" lon="24.668457"><ele>44.0</ele></rtept><rtept lat="60.238072" lon="24.668427"><ele>44.4</ele></rtept><rtept lat="60.23805" lon="24.668392"><ele>44.6</ele></rtept><rtept lat="60.238022" lon="24.668342"><ele>44.8</ele></rtept><rtept lat="60.238002" lon="24.668272"><ele>45.0</ele></rtept><rtept lat="60.238" lon="24.668195"><ele>45.0</ele></rtept><rtept lat="60.237997" lon="24.668122"><ele>45.0</ele></rtept><rtept lat="60.237995" lon="24.668052"><ele>45.2</ele></rtept><rtept lat="60.237982" lon="24.667972"><ele>45.2</ele></rtept><rtept lat="60.23797" lon="24.667877"><ele>45.2</ele></rtept><rtept lat="60.23797" lon="24.667777"><ele>45.2</ele></rtept><rtept lat="60.237985" lon="24.667695"><ele>45.2</ele></rtept><rtept lat="60.238012" lon="24.667637"><ele>45.4</ele></rtept><rtept lat="60.238042" lon="24.667585"><ele>45.6</ele></rtept><rtept lat="60.23807" lon="24.667525"><ele>45.6</ele></rtept><rtept lat="60.238082" lon="24.667452"><ele>45.6</ele></rtept><rtept lat="60.238087" lon="24.667372"><ele>45.6</ele></rtept><rtept lat="60.238097" lon="24.667292"><ele>45.6</ele></rtept><rtept lat="60.238117" lon="24.667215"><ele>45.8</ele></rtept><rtept lat="60.238142" lon="24.66715"><ele>46.0</ele></rtept><rtept lat="60.238162" lon="24.667075"><ele>46.0</ele></rtept><rtept lat="60.238182" lon="24.666995"><ele>46.0</ele></rtept><rtept lat="60.238207" lon="24.666912"><ele>46.0</ele></rtept><rtept lat="60.238217" lon="24.666827"><ele>46.0</ele></rtept><rtept lat="60.238227" lon="24.666745"><ele>45.8</ele></rtept><rtept lat="60.238217" lon="24.666663"><ele>45.6</ele></rtept><rtept lat="60.238192" lon="24.666597"><ele>45.4</ele></rtept><rtept lat="60.238157" lon="24.666582"><ele>45.0</ele></rtept><rtept lat="60.238125" lon="24.66658"><ele>44.6</ele></rtept><rtept lat="60.238087" lon="24.666585"><ele>44.4</ele></rtept><rtept lat="60.23805" lon="24.666602"><ele>44.4</ele></rtept><rtept lat="60.23802" lon="24.666627"><ele>44.2</ele></rtept><rtept lat="60.237992" lon="24.666655"><ele>44.4</ele></rtept><rtept lat="60.237962" lon="24.666682"><ele>44.6</ele></rtept><rtept lat="60.237932" lon="24.666712"><ele>44.8</ele></rtept><rtept lat="60.237903" lon="24.666737"><ele>45.0</ele></rtept><rtept lat="60.237875" lon="24.666752"><ele>45.2</ele></rtept><rtept lat="60.23785" lon="24.66676"><ele>45.6</ele></rtept><rtept lat="60.237827" lon="24.66677"><ele>46.0</ele></rtept><rtept lat="60.237802" lon="24.666765"><ele>46.4</ele></rtept><rtept lat="60.23778" lon="24.666757"><ele>46.8</ele></rtept><rtept lat="60.237755" lon="24.666747"><ele>47.4</ele></rtept><rtept lat="60.23773" lon="24.66674"><ele>47.6</ele></rtept><rtept lat="60.237702" lon="24.666737"><ele>48.0</ele></rtept><rtept lat="60.237677" lon="24.666737"><ele>48.2</ele></rtept><rtept lat="60.237657" lon="24.666733"><ele>48.6</ele></rtept><rtept lat="60.237637" lon="24.666727"><ele>49.0</ele></rtept><rtept lat="60.237617" lon="24.666725"><ele>49.2</ele></rtept><rtept lat="60.237592" lon="24.666727"><ele>49.6</ele></rtept><rtept lat="60.23757" lon="24.66672"><ele>49.8</ele></rtept><rtept lat="60.237547" lon="24.666712"><ele>50.0</ele></rtept><rtept lat="60.237522" lon="24.666697"><ele>50.2</ele></rtept><rtept lat="60.237502" lon="24.666672"><ele>50.4</ele></rtept><rtept lat="60.237485" lon="24.66665"><ele>50.6</ele></rtept><rtept lat="60.237462" lon="24.666637"><ele>51.0</ele></rtept><rtept lat="60.23744" lon="24.666642"><ele>51.2</ele></rtept><rtept lat="60.237417" lon="24.666647"><ele>51.4</ele></rtept><rtept lat="60.237397" lon="24.66663"><ele>51.8</ele></rtept><rtept lat="60.237387" lon="24.666585"><ele>52.2</ele></rtept><rtept lat="60.237387" lon="24.666535"><ele>52.4</ele></rtept><rtept lat="60.237382" lon="24.666477"><ele>52.4</ele></rtept><rtept lat="60.237362" lon="24.66643"><ele>52.4</ele></rtept><rtept lat="60.237342" lon="24.666377"><ele>52.4</ele></rtept><rtept lat="60.237342" lon="24.666318"><ele>52.2</ele></rtept><rtept lat="60.237362" lon="24.666267"><ele>52.0</ele></rtept><rtept lat="60.237387" lon="24.666217"><ele>51.8</ele></rtept><rtept lat="60.237417" lon="24.666162"><ele>51.4</ele></rtept><rtept lat="60.237447" lon="24.666112"><ele>50.6</ele></rtept><rtept lat="60.237477" lon="24.666077"><ele>50.0</ele></rtept><rtept lat="60.23749" lon="24.666022"><ele>49.2</ele></rtept><rtept lat="60.237465" lon="24.66596"><ele>48.8</ele></rtept><rtept lat="60.237425" lon="24.665892"><ele>48.2</ele></rtept><rtept lat="60.237387" lon="24.665812"><ele>47.6</ele></rtept><rtept lat="60.237355" lon="24.66572"><ele>46.8</ele></rtept><rtept lat="60.237332" lon="24.665615"><ele>46.2</ele></rtept><rtept lat="60.237337" lon="24.665527"><ele>45.6</ele></rtept><rtept lat="60.237368" lon="24.665497"><ele>45.0</ele></rtept><rtept lat="60.237402" lon="24.665522"><ele>44.8</ele></rtept><rtept lat="60.237422" lon="24.665575"><ele>44.4</ele></rtept><rtept lat="60.237452" lon="24.665602"><ele>44.2</ele></rtept><rtept lat="60.237487" lon="24.665627"><ele>43.8</ele></rtept><rtept lat="60.237532" lon="24.665647"><ele>43.6</ele></rtept><rtept lat="60.237577" lon="24.665667"><ele>43.2</ele></rtept><rtept lat="60.237627" lon="24.665712"><ele>42.8</ele></rtept><rtept lat="60.237672" lon="24.665777"><ele>42.6</ele></rtept><rtept lat="60.237717" lon="24.66585"><ele>42.2</ele></rtept><rtept lat="60.237757" lon="24.665915"><ele>42.0</ele></rtept><rtept lat="60.237805" lon="24.665957"><ele>41.8</ele></rtept><rtept lat="60.237852" lon="24.665982"><ele>41.4</ele></rtept><rtept lat="60.237892" lon="24.666007"><ele>41.2</ele></rtept><rtept lat="60.237907" lon="24.66599"><ele>41.2</ele></rtept><rtept lat="60.237917" lon="24.665938"><ele>41.0</ele></rtept><rtept lat="60.237927" lon="24.665872"><ele>40.6</ele></rtept><rtept lat="60.237912" lon="24.665805"><ele>39.8</ele></rtept><rtept lat="60.237892" lon="24.665732"><ele>39.2</ele></rtept><rtept lat="60.237877" lon="24.665657"><ele>38.4</ele></rtept><rtept lat="60.237875" lon="24.66558"><ele>37.8</ele></rtept><rtept lat="60.2379" lon="24.66553"><ele>37.2</ele></rtept><rtept lat="60.237935" lon="24.665535"><ele>36.8</ele></rtept><rtept lat="60.237972" lon="24.665558"><ele>36.2</ele></rtept><rtept lat="60.23801" lon="24.665537"><ele>35.8</ele></rtept><rtept lat="60.238022" lon="24.665465"><ele>35.0</ele></rtept><rtept lat="60.238037" lon="24.665412"><ele>34.2</ele></rtept><rtept lat="60.238062" lon="24.66544"><ele>33.4</ele></rtept><rtept lat="60.238082" lon="24.665462"><ele>33.0</ele></rtept><rtept lat="60.2381" lon="24.665425"><ele>32.6</ele></rtept><rtept lat="60.238087" lon="24.665367"><ele>32.2</ele></rtept><rtept lat="60.238072" lon="24.665322"><ele>31.8</ele></rtept><rtept lat="60.238052" lon="24.665297"><ele>31.6</ele></rtept><rtept lat="60.23802" lon="24.665297"><ele>31.4</ele></rtept><rtept lat="60.238" lon="24.665307"><ele>31.4</ele></rtept><rtept lat="60.237982" lon="24.665332"><ele>31.4</ele></rtept><rtept lat="60.237965" lon="24.665362"><ele>31.6</ele></rtept><rtept lat="60.237947" lon="24.665392"><ele>31.8</ele></rtept><rtept lat="60.23793" lon="24.665417"><ele>32.2</ele></rtept><rtept lat="60.237915" lon="24.665442"><ele>32.4</ele></rtept><rtept lat="60.237897" lon="24.665467"><ele>32.8</ele></rtept><rtept lat="60.23787" lon="24.66551"><ele>33.4</ele></rtept><rtept lat="60.237845" lon="24.665542"><ele>34.4</ele></rtept><rtept lat="60.23782" lon="24.665567"><ele>35.0</ele></rtept><rtept lat="60.237792" lon="24.665597"><ele>36.0</ele></rtept><rtept lat="60.237762" lon="24.665615"><ele>37.0</ele></rtept><rtept lat="60.237727" lon="24.665612"><ele>37.8</ele></rtept><rtept lat="60.23771" lon="24.66561"><ele>38.2</ele></rtept><rtept lat="60.237672" lon="24.665595"><ele>38.8</ele></rtept><rtept lat="60.237652" lon="24.66558"><ele>39.2</ele></rtept><rtept lat="60.23763" lon="24.665562"><ele>39.4</ele></rtept><rtept lat="60.237612" lon="24.665552"><ele>39.6</ele></rtept><rtept lat="60.23759" lon="24.665542"><ele>39.8</ele></rtept><rtept lat="60.23757" lon="24.66553"><ele>40.0</ele></rtept><rtept lat="60.237547" lon="24.665522"><ele>40.4</ele></rtept><rtept lat="60.237527" lon="24.66551"><ele>40.6</ele></rtept><rtept lat="60.237507" lon="24.6655"><ele>40.8</ele></rtept><rtept lat="60.237485" lon="24.665492"><ele>41.2</ele></rtept><rtept lat="60.237462" lon="24.665485"><ele>41.4</ele></rtept><rtept lat="60.23744" lon="24.66548"><ele>41.6</ele></rtept><rtept lat="60.237417" lon="24.66548"><ele>41.8</ele></rtept><rtept lat="60.237395" lon="24.665477"><ele>42.0</ele></rtept><rtept lat="60.237372" lon="24.665472"><ele>42.4</ele></rtept><rtept lat="60.23735" lon="24.665467"><ele>42.4</ele></rtept><rtept lat="60.237327" lon="24.665462"><ele>42.6</ele></rtept><rtept lat="60.237307" lon="24.665452"><ele>42.8</ele></rtept><rtept lat="60.237285" lon="24.66543"><ele>43.0</ele></rtept><rtept lat="60.237265" lon="24.66541"><ele>43.2</ele></rtept><rtept lat="60.237242" lon="24.665387"><ele>43.4</ele></rtept><rtept lat="60.237222" lon="24.66537"><ele>43.6</ele></rtept><rtept lat="60.237202" lon="24.665352"><ele>43.6</ele></rtept><rtept lat="60.23717" lon="24.665327"><ele>44.0</ele></rtept><rtept lat="60.237152" lon="24.66532"><ele>44.4</ele></rtept><rtept lat="60.23713" lon="24.665312"><ele>44.8</ele></rtept><rtept lat="60.237107" lon="24.665297"><ele>45.2</ele></rtept><rtept lat="60.237087" lon="24.665287"><ele>45.6</ele></rtept><rtept lat="60.23706" lon="24.66526"><ele>45.8</ele></rtept><rtept lat="60.237022" lon="24.665232"><ele>46.0</ele></rtept><rtept lat="60.236975" lon="24.665222"><ele>46.0</ele></rtept><rtept lat="60.236917" lon="24.66523"><ele>45.6</ele></rtept><rtept lat="60.236857" lon="24.665252"><ele>45.2</ele></rtept><rtept lat="60.236792" lon="24.665255"><ele>44.8</ele></rtept><rtept lat="60.236717" lon="24.665242"><ele>44.2</ele></rtept><rtept lat="60.23664" lon="24.665232"><ele>43.6</ele></rtept><rtept lat="60.236562" lon="24.665207"><ele>43.0</ele></rtept><rtept lat="60.23649" lon="24.665187"><ele>42.6</ele></rtept><rtept lat="60.23642" lon="24.665177"><ele>41.6</ele></rtept><rtept lat="60.236352" lon="24.66519"><ele>41.0</ele></rtept><rtept lat="60.236285" lon="24.665227"><ele>40.4</ele></rtept><rtept lat="60.23622" lon="24.665305"><ele>39.8</ele></rtept><rtept lat="60.236162" lon="24.6654"><ele>39.2</ele></rtept><rtept lat="60.236112" lon="24.6655"><ele>38.4</ele></rtept><rtept lat="60.236057" lon="24.665595"><ele>38.0</ele></rtept><rtept lat="60.236012" lon="24.665677"><ele>37.6</ele></rtept><rtept lat="60.23599" lon="24.665782"><ele>37.4</ele></rtept><rtept lat="60.235987" lon="24.665897"><ele>37.0</ele></rtept><rtept lat="60.235987" lon="24.666002"><ele>36.6</ele></rtept><rtept lat="60.235967" lon="24.6661"><ele>36.0</ele></rtept><rtept lat="60.235937" lon="24.666187"><ele>35.8</ele></rtept><rtept lat="60.235917" lon="24.66629"><ele>35.8</ele></rtept><rtept lat="60.23592" lon="24.66638"><ele>35.6</ele></rtept><rtept lat="60.23594" lon="24.666432"><ele>35.4</ele></rtept><rtept lat="60.235965" lon="24.666467"><ele>35.4</ele></rtept><rtept lat="60.235987" lon="24.666512"><ele>35.6</ele></rtept><rtept lat="60.236002" lon="24.666567"><ele>35.6</ele></rtept><rtept lat="60.236012" lon="24.666615"><ele>35.8</ele></rtept><rtept lat="60.236025" lon="24.666657"><ele>36.0</ele></rtept><rtept lat="60.236042" lon="24.66669"><ele>36.4</ele></rtept><rtept lat="60.236062" lon="24.666722"><ele>37.0</ele></rtept><rtept lat="60.236085" lon="24.666755"><ele>37.4</ele></rtept><rtept lat="60.236102" lon="24.666802"><ele>37.8</ele></rtept><rtept lat="60.236112" lon="24.666855"><ele>38.2</ele></rtept><rtept lat="60.236117" lon="24.666912"><ele>38.4</ele></rtept><rtept lat="60.236112" lon="24.666965"><ele>38.8</ele></rtept><rtept lat="60.236107" lon="24.667012"><ele>39.2</ele></rtept><rtept lat="60.236102" lon="24.667062"><ele>39.6</ele></rtept><rtept lat="60.236097" lon="24.667112"><ele>40.0</ele></rtept><rtept lat="60.236097" lon="24.667152"><ele>40.2</ele></rtept><rtept lat="60.236105" lon="24.667187"><ele>40.6</ele></rtept><rtept lat="60.236117" lon="24.667222"><ele>40.8</ele></rtept><rtept lat="60.236142" lon="24.667232"><ele>41.2</ele></rtept><rtept lat="60.236177" lon="24.667242"><ele>41.4</ele></rtept><rtept lat="60.236212" lon="24.667282"><ele>41.4</ele></rtept><rtept lat="60.236242" lon="24.667345"><ele>41.4</ele></rtept><rtept lat="60.236267" lon="24.66741"><ele>41.4</ele></rtept><rtept lat="60.236297" lon="24.667467"><ele>41.4</ele></rtept><rtept lat="60.236327" lon="24.667522"><ele>41.6</ele></rtept><rtept lat="60.236362" lon="24.667567"><ele>41.6</ele></rtept><rtept lat="60.236397" lon="24.667597"><ele>41.8</ele></rtept><rtept lat="60.236435" lon="24.66763"><ele>41.8</ele></rtept><rtept lat="60.236472" lon="24.667662"><ele>42.0</ele></rtept><rtept lat="60.236507" lon="24.667682"><ele>42.0</ele></rtept><rtept lat="60.236545" lon="24.667677"><ele>42.2</ele></rtept><rtept lat="60.23658" lon="24.667635"><ele>42.0</ele></rtept><rtept lat="60.2366" lon="24.667577"><ele>42.0</ele></rtept><rtept lat="60.236597" lon="24.667525"><ele>41.8</ele></rtept><rtept lat="60.236575" lon="24.66751"><ele>42.0</ele></rtept><rtept lat="60.236542" lon="24.66751"><ele>42.0</ele></rtept><rtept lat="60.236507" lon="24.667477"><ele>42.2</ele></rtept><rtept lat="60.23648" lon="24.667415"><ele>42.2</ele></rtept><rtept lat="60.236465" lon="24.667332"><ele>42.2</ele></rtept><rtept lat="60.236455" lon="24.667255"><ele>42.2</ele></rtept><rtept lat="60.236435" lon="24.66722"><ele>42.2</ele></rtept><rtept lat="60.236402" lon="24.667217"><ele>42.2</ele></rtept><rtept lat="60.236367" lon="24.667175"><ele>42.0</ele></rtept><rtept lat="60.236347" lon="24.667102"><ele>42.0</ele></rtept><rtept lat="60.236342" lon="24.667052"><ele>41.8</ele></rtept><rtept lat="60.236322" lon="24.667002"><ele>41.8</ele></rtept><rtept lat="60.236295" lon="24.666967"><ele>41.8</ele></rtept><rtept lat="60.23626" lon="24.66692"><ele>41.8</ele></rtept><rtept lat="60.236222" lon="24.666842"><ele>41.6</ele></rtept><rtept lat="60.236195" lon="24.666757"><ele>41.4</ele></rtept><rtept lat="60.23615" lon="24.666695"><ele>41.2</ele></rtept><rtept lat="60.236112" lon="24.666612"><ele>41.0</ele></rtept><rtept lat="60.236102" lon="24.666507"><ele>40.6</ele></rtept><rtept lat="60.236075" lon="24.666422"><ele>40.2</ele></rtept><rtept lat="60.236042" lon="24.666318"><ele>40.0</ele></rtept><rtept lat="60.236037" lon="24.666195"><ele>39.4</ele></rtept><rtept lat="60.236027" lon="24.666077"><ele>38.8</ele></rtept><rtept lat="60.236032" lon="24.665977"><ele>38.0</ele></rtept><rtept lat="60.236062" lon="24.665917"><ele>37.2</ele></rtept><rtept lat="60.236092" lon="24.665867"><ele>36.8</ele></rtept><rtept lat="60.236117" lon="24.665817"><ele>36.4</ele></rtept><rtept lat="60.236145" lon="24.665757"><ele>36.4</ele></rtept><rtept lat="60.236177" lon="24.665695"><ele>36.4</ele></rtept><rtept lat="60.236215" lon="24.665652"><ele>36.6</ele></rtept><rtept lat="60.23625" lon="24.665612"><ele>37.0</ele></rtept><rtept lat="60.236285" lon="24.66559"><ele>37.2</ele></rtept><rtept lat="60.236312" lon="24.66557"><ele>37.4</ele></rtept><rtept lat="60.236337" lon="24.665547"><ele>37.6</ele></rtept><rtept lat="60.23636" lon="24.665532"><ele>37.8</ele></rtept><rtept lat="60.236387" lon="24.665522"><ele>38.2</ele></rtept><rtept lat="60.236412" lon="24.665507"><ele>38.4</ele></rtept><rtept lat="60.236432" lon="24.665482"><ele>38.8</ele></rtept><rtept lat="60.236457" lon="24.66545"><ele>39.0</ele></rtept><rtept lat="60.236482" lon="24.66542"><ele>39.2</ele></rtept><rtept lat="60.23651" lon="24.665402"><ele>39.4</ele></rtept><rtept lat="60.236538" lon="24.665395"><ele>39.6</ele></rtept><rtept lat="60.23657" lon="24.665402"><ele>39.8</ele></rtept><rtept lat="60.236592" lon="24.665395"><ele>40.0</ele></rtept><rtept lat="60.236612" lon="24.665377"><ele>40.0</ele></rtept><rtept lat="60.236627" lon="24.665345"><ele>40.2</ele></rtept><rtept lat="60.236652" lon="24.665322"><ele>40.4</ele></rtept><rtept lat="60.236677" lon="24.665317"><ele>40.4</ele></rtept><rtept lat="60.2367" lon="24.665332"><ele>40.6</ele></rtept><rtept lat="60.236717" lon="24.665352"><ele>40.6</ele></rtept><rtept lat="60.236732" lon="24.665377"><ele>40.8</ele></rtept><rtept lat="60.236757" lon="24.665415"><ele>41.4</ele></rtept><rtept lat="60.236772" lon="24.665435"><ele>41.6</ele></rtept><rtept lat="60.236787" lon="24.665465"><ele>42.0</ele></rtept><rtept lat="60.236807" lon="24.665512"><ele>42.6</ele></rtept><rtept lat="60.236827" lon="24.665557"><ele>43.2</ele></rtept><rtept lat="60.236842" lon="24.66561"><ele>44.0</ele></rtept><rtept lat="60.236862" lon="24.665667"><ele>44.8</ele></rtept><rtept lat="60.236892" lon="24.665702"><ele>45.4</ele></rtept><rtept lat="60.236912" lon="24.665707"><ele>45.8</ele></rtept><rtept lat="60.236935" lon="24.665713"><ele>46.0</ele></rtept><rtept lat="60.236957" lon="24.665722"><ele>46.2</ele></rtept><rtept lat="60.236977" lon="24.665732"><ele>46.6</ele></rtept><rtept lat="60.237" lon="24.665742"><ele>46.6</ele></rtept><rtept lat="60.237017" lon="24.665752"><ele>46.8</ele></rtept><rtept lat="60.23704" lon="24.665747"><ele>47.0</ele></rtept><rtept lat="60.23706" lon="24.665732"><ele>47.0</ele></rtept><rtept lat="60.237087" lon="24.665712"><ele>47.2</ele></rtept><rtept lat="60.237122" lon="24.665713"><ele>47.2</ele></rtept><rtept lat="60.237152" lon="24.665747"><ele>47.2</ele></rtept><rtept lat="60.237167" lon="24.665792"><ele>47.0</ele></rtept><rtept lat="60.23718" lon="24.665827"><ele>46.8</ele></rtept><rtept lat="60.237187" lon="24.665867"><ele>46.8</ele></rtept><rtept lat="60.237192" lon="24.665912"><ele>46.8</ele></rtept><rtept lat="60.237202" lon="24.665955"><ele>47.0</ele></rtept><rtept lat="60.237217" lon="24.665992"><ele>47.2</ele></rtept><rtept lat="60.237228" lon="24.666032"><ele>47.4</ele></rtept><rtept lat="60.237242" lon="24.666067"><ele>47.6</ele></rtept><rtept lat="60.237255" lon="24.666115"><ele>47.6</ele></rtept><rtept lat="60.237255" lon="24.666165"><ele>47.8</ele></rtept><rtept lat="60.237247" lon="24.666202"><ele>48.2</ele></rtept><rtept lat="60.237242" lon="24.666237"><ele>48.4</ele></rtept><rtept lat="60.237237" lon="24.66628"><ele>48.8</ele></rtept><rtept lat="60.237252" lon="24.666347"><ele>49.2</ele></rtept><rtept lat="60.237265" lon="24.666377"><ele>49.6</ele></rtept><rtept lat="60.237292" lon="24.6664"><ele>50.2</ele></rtept><rtept lat="60.237312" lon="24.666392"><ele>50.2</ele></rtept><rtept lat="60.237332" lon="24.666402"><ele>50.4</ele></rtept><rtept lat="60.237365" lon="24.66644"><ele>50.8</ele></rtept><rtept lat="60.237377" lon="24.666472"><ele>50.8</ele></rtept><rtept lat="60.237382" lon="24.666517"><ele>50.8</ele></rtept><rtept lat="60.23738" lon="24.66656"><ele>51.0</ele></rtept><rtept lat="60.23738" lon="24.666597"><ele>51.0</ele></rtept><rtept lat="60.237372" lon="24.666663"><ele>51.4</ele></rtept><rtept lat="60.237362" lon="24.666697"><ele>51.6</ele></rtept><rtept lat="60.23735" lon="24.66673"><ele>51.8</ele></rtept><rtept lat="60.237337" lon="24.666762"><ele>52.0</ele></rtept><rtept lat="60.237322" lon="24.66679"><ele>52.0</ele></rtept><rtept lat="60.237295" lon="24.666837"><ele>52.6</ele></rtept><rtept lat="60.237272" lon="24.666847"><ele>52.8</ele></rtept><rtept lat="60.237252" lon="24.66684"><ele>53.0</ele></rtept><rtept lat="60.237232" lon="24.666827"><ele>53.2</ele></rtept><rtept lat="60.237207" lon="24.66682"><ele>53.2</ele></rtept><rtept lat="60.237187" lon="24.666812"><ele>53.4</ele></rtept><rtept lat="60.237157" lon="24.666787"><ele>53.8</ele></rtept><rtept lat="60.23714" lon="24.666757"><ele>54.2</ele></rtept><rtept lat="60.23712" lon="24.666722"><ele>54.4</ele></rtept><rtept lat="60.237097" lon="24.666677"><ele>54.6</ele></rtept><rtept lat="60.237062" lon="24.666617"><ele>54.6</ele></rtept><rtept lat="60.237022" lon="24.666552"><ele>54.6</ele></rtept><rtept lat="60.236982" lon="24.666473"><ele>54.2</ele></rtept><rtept lat="60.236942" lon="24.666397"><ele>53.8</ele></rtept><rtept lat="60.236917" lon="24.666318"><ele>53.2</ele></rtept><rtept lat="60.236917" lon="24.666242"><ele>52.6</ele></rtept><rtept lat="60.236907" lon="24.666177"><ele>52.2</ele></rtept><rtept lat="60.236882" lon="24.666128"><ele>51.8</ele></rtept><rtept lat="60.236867" lon="24.666107"><ele>51.6</ele></rtept><rtept lat="60.23684" lon="24.666047"><ele>51.8</ele></rtept><rtept lat="60.236822" lon="24.666025"><ele>51.8</ele></rtept><rtept lat="60.236792" lon="24.666042"><ele>52.0</ele></rtept><rtept lat="60.236777" lon="24.666067"><ele>52.0</ele></rtept><rtept lat="60.236757" lon="24.666105"><ele>52.2</ele></rtept><rtept lat="60.236742" lon="24.666147"><ele>52.2</ele></rtept><rtept lat="60.236722" lon="24.666167"><ele>52.2</ele></rtept><rtept lat="60.236687" lon="24.66621"><ele>52.2</ele></rtept><rtept lat="60.236672" lon="24.666252"><ele>52.2</ele></rtept><rtept lat="60.236667" lon="24.666297"><ele>52.2</ele></rtept><rtept lat="60.236682" lon="24.666342"><ele>52.2</ele></rtept><rtept lat="60.236727" lon="24.666342"><ele>52.4</ele></rtept><rtept lat="60.236762" lon="24.666347"><ele>52.4</ele></rtept><rtept lat="60.236797" lon="24.666382"><ele>52.4</ele></rtept><rtept lat="60.236827" lon="24.66641"><ele>52.2</ele></rtept><rtept lat="60.236855" lon="24.666432"><ele>52.2</ele></rtept><rtept lat="60.236882" lon="24.666467"><ele>52.2</ele></rtept><rtept lat="60.236907" lon="24.666512"><ele>52.2</ele></rtept><rtept lat="60.236932" lon="24.666567"><ele>52.2</ele></rtept><rtept lat="60.236947" lon="24.666625"><ele>52.4</ele></rtept><rtept lat="60.236957" lon="24.666675"><ele>52.6</ele></rtept><rtept lat="60.236962" lon="24.666717"><ele>52.8</ele></rtept><rtept lat="60.236972" lon="24.666762"><ele>53.0</ele></rtept><rtept lat="60.236982" lon="24.666805"><ele>53.2</ele></rtept><rtept lat="60.236992" lon="24.666852"><ele>53.4</ele></rtept><rtept lat="60.237007" lon="24.666897"><ele>53.4</ele></rtept><rtept lat="60.237025" lon="24.666922"><ele>53.4</ele></rtept><rtept lat="60.237047" lon="24.666937"><ele>53.6</ele></rtept><rtept lat="60.237067" lon="24.666942"><ele>53.6</ele></rtept><rtept lat="60.237087" lon="24.666942"><ele>53.6</ele></rtept><rtept lat="60.237115" lon="24.666945"><ele>53.6</ele></rtept><rtept lat="60.237142" lon="24.666967"><ele>53.6</ele></rtept><rtept lat="60.237162" lon="24.666997"><ele>53.6</ele></rtept><rtept lat="60.237182" lon="24.667022"><ele>53.6</ele></rtept><rtept lat="60.237207" lon="24.667027"><ele>53.6</ele></rtept><rtept lat="60.237235" lon="24.66702"><ele>53.4</ele></rtept><rtept lat="60.237267" lon="24.667015"><ele>53.6</ele></rtept><rtept lat="60.237292" lon="24.66701"><ele>53.6</ele></rtept><rtept lat="60.23732" lon="24.666987"><ele>53.6</ele></rtept><rtept lat="60.237352" lon="24.666962"><ele>53.6</ele></rtept><rtept lat="60.237395" lon="24.666942"><ele>53.6</ele></rtept><rtept lat="60.237447" lon="24.666932"><ele>53.6</ele></rtept><rtept lat="60.237507" lon="24.666937"><ele>53.2</ele></rtept><rtept lat="60.23756" lon="24.666982"><ele>52.8</ele></rtept><rtept lat="60.237608" lon="24.66702"><ele>52.4</ele></rtept><rtept lat="60.237657" lon="24.667062"><ele>51.8</ele></rtept><rtept lat="60.237675" lon="24.667142"><ele>51.2</ele></rtept><rtept lat="60.237677" lon="24.667227"><ele>50.4</ele></rtept><rtept lat="60.237705" lon="24.667277"><ele>49.6</ele></rtept><rtept lat="60.237745" lon="24.667277"><ele>49.2</ele></rtept><rtept lat="60.237785" lon="24.66726"><ele>48.8</ele></rtept><rtept lat="60.237822" lon="24.667225"><ele>48.6</ele></rtept><rtept lat="60.237862" lon="24.667182"><ele>48.6</ele></rtept><rtept lat="60.237912" lon="24.66714"><ele>48.6</ele></rtept><rtept lat="60.237955" lon="24.667155"><ele>48.2</ele></rtept><rtept lat="60.237995" lon="24.667192"><ele>47.8</ele></rtept><rtept lat="60.238032" lon="24.667267"><ele>47.6</ele></rtept><rtept lat="60.238037" lon="24.66736"><ele>47.0</ele></rtept><rtept lat="60.238007" lon="24.667402"><ele>46.4</ele></rtept><rtept lat="60.237982" lon="24.667437"><ele>46.0</ele></rtept><rtept lat="60.237967" lon="24.667482"><ele>45.6</ele></rtept><rtept lat="60.237957" lon="24.66754"><ele>45.6</ele></rtept><rtept lat="60.237947" lon="24.667602"><ele>45.4</ele></rtept><rtept lat="60.237932" lon="24.66768"><ele>45.2</ele></rtept><rtept lat="60.237915" lon="24.667757"><ele>45.0</ele></rtept><rtept lat="60.23791" lon="24.667855"><ele>44.8</ele></rtept><rtept lat="60.237917" lon="24.667945"><ele>44.6</ele></rtept><rtept lat="60.23793" lon="24.668032"><ele>44.2</ele></rtept><rtept lat="60.23793" lon="24.668117"><ele>44.2</ele></rtept><rtept lat="60.237935" lon="24.668202"><ele>44.0</ele></rtept><rtept lat="60.237942" lon="24.668297"><ele>44.0</ele></rtept><rtept lat="60.237925" lon="24.668382"><ele>43.8</ele></rtept><rtept lat="60.237892" lon="24.668442"><ele>43.8</ele></rtept><rtept lat="60.23786" lon="24.66851"><ele>43.4</ele></rtept><rtept lat="60.23784" lon="24.668577"><ele>43.2</ele></rtept><rtept lat="60.237815" lon="24.668657"><ele>42.8</ele></rtept><rtept lat="60.237787" lon="24.668727"><ele>42.4</ele></rtept><rtept lat="60.237752" lon="24.668757"><ele>42.0</ele></rtept><rtept lat="60.237717" lon="24.668782"><ele>41.8</ele></rtept><rtept lat="60.237678" lon="24.668807"><ele>41.6</ele></rtept><rtept lat="60.237637" lon="24.668832"><ele>41.4</ele></rtept><rtept lat="60.237597" lon="24.668857"><ele>41.4</ele></rtept><rtept lat="60.237552" lon="24.668897"><ele>41.4</ele></rtept><rtept lat="60.237512" lon="24.668932"><ele>41.2</ele></rtept><rtept lat="60.23748" lon="24.668915"><ele>41.2</ele></rtept><rtept lat="60.237447" lon="24.668887"><ele>41.2</ele></rtept><rtept lat="60.237415" lon="24.668887"><ele>41.2</ele></rtept><rtept lat="60.237387" lon="24.668917"><ele>41.2</ele></rtept><rtept lat="60.23736" lon="24.668947"><ele>41.2</ele></rtept><rtept lat="60.237327" lon="24.668945"><ele>41.2</ele></rtept><rtept lat="60.237302" lon="24.66891"><ele>41.4</ele></rtept><rtept lat="60.237285" lon="24.668857"><ele>41.6</ele></rtept><rtept lat="60.237262" lon="24.668823"><ele>41.8</ele></rtept><rtept lat="60.237232" lon="24.6688"><ele>42.0</ele></rtept><rtept lat="60.237202" lon="24.668767"><ele>42.2</ele></rtept><rtept lat="60.237177" lon="24.668737"><ele>42.4</ele></rtept><rtept lat="60.237155" lon="24.66872"><ele>42.8</ele></rtept><rtept lat="60.237122" lon="24.668687"><ele>43.2</ele></rtept><rtept lat="60.23709" lon="24.668652"><ele>43.4</ele></rtept><rtept lat="60.237057" lon="24.668622"><ele>43.6</ele></rtept><rtept lat="60.237017" lon="24.66862"><ele>43.6</ele></rtept><rtept lat="60.236987" lon="24.668657"><ele>43.6</ele></rtept><rtept lat="60.236977" lon="24.668722"><ele>43.4</ele></rtept><rtept lat="60.236965" lon="24.668792"><ele>43.4</ele></rtept><rtept lat="60.236947" lon="24.668858"><ele>43.4</ele></rtept><rtept lat="60.236918" lon="24.668917"><ele>43.4</ele></rtept><rtept lat="60.236892" lon="24.668965"><ele>43.2</ele></rtept><rtept lat="60.236862" lon="24.669"><ele>43.2</ele></rtept><rtept lat="60.236835" lon="24.669002"><ele>43.4</ele></rtept><rtept lat="60.236807" lon="24.669007"><ele>43.6</ele></rtept><rtept lat="60.236777" lon="24.669012"><ele>43.8</ele></rtept><rtept lat="60.236747" lon="24.66902"><ele>44.2</ele></rtept><rtept lat="60.236725" lon="24.669057"><ele>44.6</ele></rtept><rtept lat="60.236722" lon="24.669107"><ele>45.0</ele></rtept><rtept lat="60.236735" lon="24.669165"><ele>45.2</ele></rtept><rtept lat="60.236727" lon="24.66923"><ele>45.4</ele></rtept><rtept lat="60.236705" lon="24.669267"><ele>45.6</ele></rtept><rtept lat="60.236677" lon="24.669302"><ele>45.8</ele></rtept><rtept lat="60.236647" lon="24.669327"><ele>45.6</ele></rtept><rtept lat="60.236617" lon="24.669352"><ele>45.6</ele></rtept><rtept lat="60.236597" lon="24.669387"><ele>45.6</ele></rtept><rtept lat="60.23658" lon="24.669417"><ele>45.6</ele></rtept><rtept lat="60.236557" lon="24.669442"><ele>46.0</ele></rtept><rtept lat="60.23653" lon="24.669467"><ele>46.4</ele></rtept><rtept lat="60.236507" lon="24.669492"><ele>46.6</ele></rtept><rtept lat="60.236485" lon="24.66952"><ele>47.2</ele></rtept><rtept lat="60.236457" lon="24.669547"><ele>47.6</ele></rtept><rtept lat="60.236427" lon="24.669577"><ele>48.0</ele></rtept><rtept lat="60.23639" lon="24.669602"><ele>48.2</ele></rtept><rtept lat="60.236345" lon="24.669635"><ele>48.4</ele></rtept><rtept lat="60.236292" lon="24.669682"><ele>48.4</ele></rtept><rtept lat="60.23623" lon="24.669707"><ele>48.4</ele></rtept><rtept lat="60.236158" lon="24.669712"><ele>48.0</ele></rtept><rtept lat="60.236097" lon="24.6697"><ele>47.6</ele></rtept><rtept lat="60.236057" lon="24.669642"><ele>47.2</ele></rtept><rtept lat="60.236032" lon="24.669572"><ele>46.8</ele></rtept><rtept lat="60.236015" lon="24.669507"><ele>46.8</ele></rtept><rtept lat="60.236" lon="24.669452"><ele>46.8</ele></rtept><rtept lat="60.235992" lon="24.669397"><ele>46.6</ele></rtept><rtept lat="60.235977" lon="24.669347"><ele>46.6</ele></rtept><rtept lat="60.235955" lon="24.669302"><ele>46.4</ele></rtept><rtept lat="60.235932" lon="24.669257"><ele>46.0</ele></rtept><rtept lat="60.235905" lon="24.669225"><ele>45.8</ele></rtept><rtept lat="60.235877" lon="24.669217"><ele>45.8</ele></rtept><rtept lat="60.235855" lon="24.669222"><ele>45.6</ele></rtept><rtept lat="60.235837" lon="24.669242"><ele>45.8</ele></rtept><rtept lat="60.235825" lon="24.669272"><ele>45.6</ele></rtept><rtept lat="60.235817" lon="24.669305"><ele>45.4</ele></rtept><rtept lat="60.235805" lon="24.669362"><ele>45.2</ele></rtept><rtept lat="60.2358" lon="24.669445"><ele>45.6</ele></rtept><rtept lat="60.2358" lon="24.6695"><ele>45.8</ele></rtept><rtept lat="60.235802" lon="24.66955"><ele>46.0</ele></rtept><rtept lat="60.235802" lon="24.669587"><ele>46.4</ele></rtept><rtept lat="60.23581" lon="24.669627"><ele>46.4</ele></rtept><rtept lat="60.235817" lon="24.669667"><ele>46.8</ele></rtept><rtept lat="60.235827" lon="24.66971"><ele>47.4</ele></rtept><rtept lat="60.235835" lon="24.669762"><ele>47.8</ele></rtept><rtept lat="60.235847" lon="24.669817"><ele>48.0</ele></rtept><rtept lat="60.235855" lon="24.669887"><ele>48.2</ele></rtept><rtept lat="60.23585" lon="24.669945"><ele>48.2</ele></rtept><rtept lat="60.235837" lon="24.66999"><ele>48.4</ele></rtept><rtept lat="60.235812" lon="24.670045"><ele>48.8</ele></rtept><rtept lat="60.235802" lon="24.67008"><ele>49.2</ele></rtept><rtept lat="60.235787" lon="24.670127"><ele>49.4</ele></rtept><rtept lat="60.235767" lon="24.67017"><ele>49.6</ele></rtept><rtept lat="60.235747" lon="24.67021"><ele>49.8</ele></rtept><rtept lat="60.235727" lon="24.670245"><ele>49.8</ele></rtept><rtept lat="60.235702" lon="24.670282"><ele>49.4</ele></rtept><rtept lat="60.23568" lon="24.67033"><ele>49.4</ele></rtept><rtept lat="60.235657" lon="24.670392"><ele>49.2</ele></rtept><rtept lat="60.235622" lon="24.67043"><ele>48.8</ele></rtept><rtept lat="60.235585" lon="24.67044"><ele>48.4</ele></rtept><rtept lat="60.235547" lon="24.670467"><ele>48.0</ele></rtept><rtept lat="60.235515" lon="24.670512"><ele>47.6</ele></rtept><rtept lat="60.235482" lon="24.670552"><ele>47.0</ele></rtept><rtept lat="60.235447" lon="24.670585"><ele>46.6</ele></rtept><rtept lat="60.235412" lon="24.670602"><ele>46.4</ele></rtept><rtept lat="60.235392" lon="24.67059"><ele>46.2</ele></rtept><rtept lat="60.235375" lon="24.670555"><ele>46.2</ele></rtept><rtept lat="60.235352" lon="24.670517"><ele>46.2</ele></rtept><rtept lat="60.235322" lon="24.670485"><ele>46.2</ele></rtept><rtept lat="60.235292" lon="24.670442"><ele>46.0</ele></rtept><rtept lat="60.235258" lon="24.670382"><ele>46.0</ele></rtept><rtept lat="60.235217" lon="24.670357"><ele>45.8</ele></rtept><rtept lat="60.235162" lon="24.670337"><ele>45.2</ele></rtept><rtept lat="60.235103" lon="24.670302"><ele>44.6</ele></rtept><rtept lat="60.235045" lon="24.670235"><ele>44.0</ele></rtept><rtept lat="60.235" lon="24.670132"><ele>43.4</ele></rtept><rtept lat="60.234962" lon="24.670032"><ele>42.6</ele></rtept><rtept lat="60.234927" lon="24.669952"><ele>41.6</ele></rtept><rtept lat="60.234892" lon="24.669902"><ele>41.2</ele></rtept><rtept lat="60.23485" lon="24.669878"><ele>40.8</ele></rtept><rtept lat="60.234802" lon="24.669862"><ele>40.6</ele></rtept><rtept lat="60.234752" lon="24.669842"><ele>40.4</ele></rtept><rtept lat="60.234705" lon="24.669832"><ele>40.2</ele></rtept><rtept lat="60.234653" lon="24.669832"><ele>39.8</ele></rtept><rtept lat="60.234607" lon="24.669805"><ele>39.6</ele></rtept><rtept lat="60.234575" lon="24.66977"><ele>39.6</ele></rtept><rtept lat="60.234552" lon="24.669752"><ele>39.0</ele></rtept><rtept lat="60.234527" lon="24.669727"><ele>38.8</ele></rtept><rtept lat="60.234507" lon="24.669717"><ele>38.8</ele></rtept><rtept lat="60.23448" lon="24.6697"><ele>38.6</ele></rtept><rtept lat="60.234452" lon="24.669697"><ele>38.6</ele></rtept><rtept lat="60.234437" lon="24.669737"><ele>38.2</ele></rtept><rtept lat="60.234417" lon="24.669808"><ele>37.8</ele></rtept><rtept lat="60.234382" lon="24.669852"><ele>37.2</ele></rtept><rtept lat="60.234343" lon="24.669847"><ele>36.4</ele></rtept><rtept lat="60.234307" lon="24.669815"><ele>35.6</ele></rtept><rtept lat="60.234285" lon="24.669832"><ele>35.0</ele></rtept><rtept lat="60.234265" lon="24.669877"><ele>34.2</ele></rtept><rtept lat="60.234242" lon="24.669947"><ele>33.4</ele></rtept><rtept lat="60.234217" lon="24.670027"><ele>32.6</ele></rtept><rtept lat="60.234202" lon="24.67014"><ele>31.8</ele></rtept><rtept lat="60.234205" lon="24.670262"><ele>30.6</ele></rtept><rtept lat="60.234227" lon="24.670342"><ele>29.6</ele></rtept><rtept lat="60.234262" lon="24.670387"><ele>28.8</ele></rtept><rtept lat="60.234302" lon="24.670412"><ele>28.2</ele></rtept><rtept lat="60.234342" lon="24.670442"><ele>27.8</ele></rtept><rtept lat="60.234382" lon="24.670465"><ele>27.8</ele></rtept><rtept lat="60.234417" lon="24.670487"><ele>27.6</ele></rtept><rtept lat="60.234452" lon="24.670502"><ele>27.6</ele></rtept><rtept lat="60.234482" lon="24.67051"><ele>27.6</ele></rtept><rtept lat="60.234507" lon="24.670512"><ele>27.8</ele></rtept><rtept lat="60.234532" lon="24.67051"><ele>28.0</ele></rtept><rtept lat="60.234557" lon="24.670507"><ele>28.4</ele></rtept><rtept lat="60.23458" lon="24.67051"><ele>28.8</ele></rtept><rtept lat="60.234602" lon="24.670502"><ele>29.0</ele></rtept><rtept lat="60.234622" lon="24.670512"><ele>29.4</ele></rtept><rtept lat="60.234642" lon="24.670532"><ele>29.8</ele></rtept><rtept lat="60.234662" lon="24.670555"><ele>30.0</ele></rtept><rtept lat="60.234682" lon="24.67058"><ele>30.2</ele></rtept><rtept lat="60.234702" lon="24.670597"><ele>30.4</ele></rtept><rtept lat="60.23472" lon="24.670607"><ele>30.6</ele></rtept><rtept lat="60.234737" lon="24.67063"><ele>30.8</ele></rtept><rtept lat="60.234752" lon="24.670657"><ele>31.0</ele></rtept><rtept lat="60.23477" lon="24.670682"><ele>31.2</ele></rtept><rtept lat="60.234807" lon="24.6707"><ele>31.8</ele></rtept><rtept lat="60.234827" lon="24.6707"><ele>32.2</ele></rtept><rtept lat="60.234855" lon="24.6707"><ele>32.8</ele></rtept><rtept lat="60.234885" lon="24.670692"><ele>33.4</ele></rtept><rtept lat="60.234902" lon="24.670707"><ele>33.8</ele></rtept><rtept lat="60.234917" lon="24.67073"><ele>34.0</ele></rtept><rtept lat="60.23493" lon="24.670767"><ele>34.2</ele></rtept><rtept lat="60.234942" lon="24.670817"><ele>34.2</ele></rtept><rtept lat="60.234957" lon="24.670887"><ele>34.2</ele></rtept><rtept lat="60.234972" lon="24.67096"><ele>34.2</ele></rtept><rtept lat="60.234982" lon="24.671027"><ele>34.0</ele></rtept><rtept lat="60.234992" lon="24.671107"><ele>34.0</ele></rtept><rtept lat="60.235" lon="24.671192"><ele>34.0</ele></rtept><rtept lat="60.235005" lon="24.671277"><ele>33.8</ele></rtept><rtept lat="60.235002" lon="24.671362"><ele>33.8</ele></rtept><rtept lat="60.234987" lon="24.671442"><ele>33.6</ele></rtept><rtept lat="60.234992" lon="24.67152"><ele>33.6</ele></rtept><rtept lat="60.23501" lon="24.671577"><ele>33.4</ele></rtept><rtept lat="60.23503" lon="24.671602"><ele>33.4</ele></rtept><rtept lat="60.23505" lon="24.671623"><ele>33.4</ele></rtept><rtept lat="60.23507" lon="24.671637"><ele>33.4</ele></rtept><rtept lat="60.235087" lon="24.671642"><ele>33.8</ele></rtept><rtept lat="60.23512" lon="24.671632"><ele>34.2</ele></rtept><rtept lat="60.23515" lon="24.671607"><ele>34.8</ele></rtept><rtept lat="60.235182" lon="24.671587"><ele>35.4</ele></rtept><rtept lat="60.235202" lon="24.671585"><ele>35.8</ele></rtept><rtept lat="60.235222" lon="24.671588"><ele>36.0</ele></rtept><rtept lat="60.235257" lon="24.671605"><ele>36.6</ele></rtept><rtept lat="60.235292" lon="24.671617"><ele>37.2</ele></rtept><rtept lat="60.23531" lon="24.671617"><ele>37.4</ele></rtept><rtept lat="60.235328" lon="24.67163"><ele>37.8</ele></rtept><rtept lat="60.23536" lon="24.671657"><ele>38.4</ele></rtept><rtept lat="60.235372" lon="24.671685"><ele>38.6</ele></rtept><rtept lat="60.235398" lon="24.671717"><ele>39.0</ele></rtept><rtept lat="60.235427" lon="24.671722"><ele>39.4</ele></rtept><rtept lat="60.235462" lon="24.671715"><ele>39.8</ele></rtept><rtept lat="60.235562" lon="24.67168"><ele>40.8</ele></rtept><rtept lat="60.235585" lon="24.671658"><ele>40.8</ele></rtept><rtept lat="60.235602" lon="24.671642"><ele>40.8</ele></rtept><rtept lat="60.235617" lon="24.671615"><ele>40.8</ele></rtept><rtept lat="60.235637" lon="24.671592"><ele>41.0</ele></rtept><rtept lat="60.235655" lon="24.671575"><ele>41.0</ele></rtept><rtept lat="60.235675" lon="24.671567"><ele>41.2</ele></rtept><rtept lat="60.235692" lon="24.671562"><ele>41.4</ele></rtept><rtept lat="60.235722" lon="24.671537"><ele>41.6</ele></rtept><rtept lat="60.235742" lon="24.671517"><ele>41.8</ele></rtept><rtept lat="60.23576" lon="24.6715"><ele>42.0</ele></rtept><rtept lat="60.235777" lon="24.67149"><ele>42.2</ele></rtept><rtept lat="60.235817" lon="24.671482"><ele>42.6</ele></rtept><rtept lat="60.235842" lon="24.6715"><ele>43.2</ele></rtept><rtept lat="60.235872" lon="24.6715"><ele>43.8</ele></rtept><rtept lat="60.235902" lon="24.67147"><ele>44.4</ele></rtept><rtept lat="60.235915" lon="24.671442"><ele>44.6</ele></rtept><rtept lat="60.235917" lon="24.671398"><ele>45.0</ele></rtept><rtept lat="60.23592" lon="24.671347"><ele>45.2</ele></rtept><rtept lat="60.235915" lon="24.671302"><ele>45.2</ele></rtept><rtept lat="60.235907" lon="24.671252"><ele>45.2</ele></rtept><rtept lat="60.2359" lon="24.671202"><ele>45.2</ele></rtept><rtept lat="60.235892" lon="24.671155"><ele>45.0</ele></rtept><rtept lat="60.235882" lon="24.67111"><ele>45.0</ele></rtept><rtept lat="60.235875" lon="24.671072"><ele>44.8</ele></rtept><rtept lat="60.235863" lon="24.67104"><ele>44.6</ele></rtept><rtept lat="60.235857" lon="24.671005"><ele>44.6</ele></rtept><rtept lat="60.235847" lon="24.670975"><ele>44.6</ele></rtept><rtept lat="60.235827" lon="24.670927"><ele>45.0</ele></rtept><rtept lat="60.235807" lon="24.670917"><ele>45.2</ele></rtept><rtept lat="60.235782" lon="24.670872"><ele>45.6</ele></rtept><rtept lat="60.235767" lon="24.670842"><ele>45.8</ele></rtept><rtept lat="60.235752" lon="24.670812"><ele>46.0</ele></rtept><rtept lat="60.235735" lon="24.670785"><ele>46.2</ele></rtept><rtept lat="60.235712" lon="24.67075"><ele>46.4</ele></rtept><rtept lat="60.235695" lon="24.670687"><ele>46.6</ele></rtept><rtept lat="60.235687" lon="24.670632"><ele>46.8</ele></rtept><rtept lat="60.235687" lon="24.670585"><ele>46.8</ele></rtept><rtept lat="60.235687" lon="24.670522"><ele>46.8</ele></rtept><rtept lat="60.235702" lon="24.67047"><ele>46.8</ele></rtept><rtept lat="60.235712" lon="24.670427"><ele>46.8</ele></rtept><rtept lat="60.235717" lon="24.670352"><ele>46.8</ele></rtept><rtept lat="60.235717" lon="24.670312"><ele>46.8</ele></rtept><rtept lat="60.235717" lon="24.670275"><ele>47.0</ele></rtept><rtept lat="60.235727" lon="24.670237"><ele>47.0</ele></rtept><rtept lat="60.235737" lon="24.670202"><ele>47.0</ele></rtept><rtept lat="60.235755" lon="24.670167"><ele>47.2</ele></rtept><rtept lat="60.235772" lon="24.670147"><ele>47.2</ele></rtept><rtept lat="60.235792" lon="24.670125"><ele>47.4</ele></rtept><rtept lat="60.235812" lon="24.670097"><ele>47.4</ele></rtept><rtept lat="60.235845" lon="24.670072"><ele>47.6</ele></rtept><rtept lat="60.235887" lon="24.670067"><ele>47.6</ele></rtept><rtept lat="60.235933" lon="24.67008"><ele>47.8</ele></rtept><rtept lat="60.235977" lon="24.670087"><ele>48.0</ele></rtept><rtept lat="60.236017" lon="24.670052"><ele>48.0</ele></rtept><rtept lat="60.236065" lon="24.670007"><ele>48.0</ele></rtept><rtept lat="60.236115" lon="24.669977"><ele>47.6</ele></rtept><rtept lat="60.236157" lon="24.669922"><ele>47.2</ele></rtept><rtept lat="60.236202" lon="24.669887"><ele>46.6</ele></rtept><rtept lat="60.236237" lon="24.669892"><ele>46.2</ele></rtept><rtept lat="60.236252" lon="24.669922"><ele>45.6</ele></rtept><rtept lat="60.236257" lon="24.669962"><ele>45.2</ele></rtept><rtept lat="60.236257" lon="24.670005"><ele>45.2</ele></rtept><rtept lat="60.236267" lon="24.670052"><ele>45.2</ele></rtept><rtept lat="60.236272" lon="24.670107"><ele>45.4</ele></rtept><rtept lat="60.236277" lon="24.670152"><ele>45.4</ele></rtept><rtept lat="60.236282" lon="24.670197"><ele>45.4</ele></rtept><rtept lat="60.236297" lon="24.670227"><ele>45.6</ele></rtept><rtept lat="60.236317" lon="24.670245"><ele>45.8</ele></rtept><rtept lat="60.23634" lon="24.670247"><ele>46.0</ele></rtept><rtept lat="60.236365" lon="24.670245"><ele>46.2</ele></rtept><rtept lat="60.236383" lon="24.67023"><ele>46.2</ele></rtept><rtept lat="60.236402" lon="24.670212"><ele>46.4</ele></rtept><rtept lat="60.236425" lon="24.67018"><ele>46.6</ele></rtept><rtept lat="60.23646" lon="24.670145"><ele>46.8</ele></rtept><rtept lat="60.236492" lon="24.670087"><ele>47.2</ele></rtept><rtept lat="60.236517" lon="24.670027"><ele>47.6</ele></rtept><rtept lat="60.236527" lon="24.669987"><ele>47.6</ele></rtept><rtept lat="60.236522" lon="24.669952"><ele>47.6</ele></rtept><rtept lat="60.236525" lon="24.66991"><ele>47.6</ele></rtept><rtept lat="60.236532" lon="24.669867"><ele>47.6</ele></rtept><rtept lat="60.236545" lon="24.66984"><ele>47.6</ele></rtept><rtept lat="60.236562" lon="24.66982"><ele>47.6</ele></rtept><rtept lat="60.236582" lon="24.6698"><ele>47.6</ele></rtept><rtept lat="60.236607" lon="24.669782"><ele>47.8</ele></rtept><rtept lat="60.236627" lon="24.669762"><ele>47.8</ele></rtept><rtept lat="60.236657" lon="24.669742"><ele>47.8</ele></rtept><rtept lat="60.236697" lon="24.669727"><ele>48.0</ele></rtept><rtept lat="60.236735" lon="24.669712"><ele>48.0</ele></rtept><rtept lat="60.236785" lon="24.669702"><ele>48.0</ele></rtept><rtept lat="60.236832" lon="24.66972"><ele>48.0</ele></rtept><rtept lat="60.23688" lon="24.669732"><ele>47.8</ele></rtept><rtept lat="60.236932" lon="24.669717"><ele>47.6</ele></rtept><rtept lat="60.236982" lon="24.669695"><ele>47.2</ele></rtept><rtept lat="60.237027" lon="24.669702"><ele>46.6</ele></rtept><rtept lat="60.237062" lon="24.669732"><ele>45.8</ele></rtept><rtept lat="60.237082" lon="24.66978"><ele>45.2</ele></rtept><rtept lat="60.237097" lon="24.66982"><ele>44.6</ele></rtept><rtept lat="60.23711" lon="24.669867"><ele>44.4</ele></rtept><rtept lat="60.237127" lon="24.66993"><ele>44.2</ele></rtept><rtept lat="60.237135" lon="24.669997"><ele>44.0</ele></rtept><rtept lat="60.237142" lon="24.670042"><ele>44.0</ele></rtept><rtept lat="60.237157" lon="24.670117"><ele>44.0</ele></rtept><rtept lat="60.237177" lon="24.670147"><ele>44.0</ele></rtept><rtept lat="60.237195" lon="24.670177"><ele>43.8</ele></rtept><rtept lat="60.237215" lon="24.670175"><ele>44.0</ele></rtept><rtept lat="60.237237" lon="24.67015"><ele>44.0</ele></rtept><rtept lat="60.23727" lon="24.670122"><ele>44.0</ele></rtept><rtept lat="60.237297" lon="24.670092"><ele>43.8</ele></rtept><rtept lat="60.237327" lon="24.670068"><ele>43.8</ele></rtept><rtept lat="60.237355" lon="24.670045"><ele>43.8</ele></rtept><rtept lat="60.237382" lon="24.670002"><ele>43.6</ele></rtept><rtept lat="60.237412" lon="24.669952"><ele>43.6</ele></rtept><rtept lat="60.237445" lon="24.6699"><ele>43.4</ele></rtept><rtept lat="60.237475" lon="24.669837"><ele>43.4</ele></rtept><rtept lat="60.237507" lon="24.669765"><ele>43.2</ele></rtept><rtept lat="60.237537" lon="24.669687"><ele>43.2</ele></rtept><rtept lat="60.237572" lon="24.669625"><ele>43.0</ele></rtept><rtept lat="60.237605" lon="24.669577"><ele>42.8</ele></rtept><rtept lat="60.23764" lon="24.669527"><ele>42.6</ele></rtept><rtept lat="60.237677" lon="24.669485"><ele>42.4</ele></rtept><rtept lat="60.237707" lon="24.669467"><ele>42.2</ele></rtept><rtept lat="60.237745" lon="24.669417"><ele>42.0</ele></rtept><rtept lat="60.237785" lon="24.669377"><ele>41.8</ele></rtept><rtept lat="60.237825" lon="24.669322"><ele>41.6</ele></rtept><rtept lat="60.23786" lon="24.669262"><ele>41.4</ele></rtept><rtept lat="60.237897" lon="24.66921"><ele>41.0</ele></rtept><rtept lat="60.237927" lon="24.669172"><ele>40.8</ele></rtept><rtept lat="60.237962" lon="24.669135"><ele>40.4</ele></rtept><rtept lat="60.237987" lon="24.669092"><ele>40.4</ele></rtept><rtept lat="60.23802" lon="24.669057"><ele>40.2</ele></rtept><rtept lat="60.238057" lon="24.669027"><ele>40.2</ele></rtept><rtept lat="60.238087" lon="24.668992"><ele>40.2</ele></rtept><rtept lat="60.238117" lon="24.668965"><ele>40.2</ele></rtept><rtept lat="60.238142" lon="24.668917"><ele>40.0</ele></rtept><rtept lat="60.238167" lon="24.668872"><ele>40.2</ele></rtept><rtept lat="60.23819" lon="24.668827"><ele>40.2</ele></rtept><rtept lat="60.238192" lon="24.668772"><ele>40.4</ele></rtept><rtept lat="60.238182" lon="24.668717"><ele>40.4</ele></rtept><rtept lat="60.238167" lon="24.668657"><ele>40.6</ele></rtept><rtept lat="60.238147" lon="24.668607"><ele>40.6</ele></rtept><rtept lat="60.238127" lon="24.668565"><ele>40.6</ele></rtept><rtept lat="60.238107" lon="24.66853"><ele>40.6</ele></rtept><rtept lat="60.23809" lon="24.668495"><ele>40.6</ele></rtept><rtept lat="60.238072" lon="24.668467"><ele>40.8</ele></rtept><rtept lat="60.238047" lon="24.668432"><ele>41.2</ele></rtept><rtept lat="60.23802" lon="24.668397"><ele>41.8</ele></rtept><rtept lat="60.23799" lon="24.668347"><ele>42.2</ele></rtept><rtept lat="60.23797" lon="24.668265"><ele>42.4</ele></rtept><rtept lat="60.237972" lon="24.668177"><ele>42.6</ele></rtept><rtept lat="60.23797" lon="24.668097"><ele>42.8</ele></rtept><rtept lat="60.237957" lon="24.668015"><ele>43.0</ele></rtept><rtept lat="60.237945" lon="24.667925"><ele>43.2</ele></rtept><rtept lat="60.237942" lon="24.66783"><ele>43.2</ele></rtept><rtept lat="60.237957" lon="24.667745"><ele>43.2</ele></rtept><rtept lat="60.237982" lon="24.66768"><ele>43.2</ele></rtept><rtept lat="60.238015" lon="24.667627"><ele>43.0</ele></rtept><rtept lat="60.238045" lon="24.667572"><ele>43.0</ele></rtept><rtept lat="60.238065" lon="24.667507"><ele>43.2</ele></rtept><rtept lat="60.23807" lon="24.66743"><ele>43.2</ele></rtept><rtept lat="60.238077" lon="24.667355"><ele>43.4</ele></rtept><rtept lat="60.23809" lon="24.667282"><ele>43.4</ele></rtept><rtept lat="60.238112" lon="24.667215"><ele>43.2</ele></rtept><rtept lat="60.238135" lon="24.667145"><ele>43.2</ele></rtept><rtept lat="60.238155" lon="24.667065"><ele>43.4</ele></rtept><rtept lat="60.238177" lon="24.666985"><ele>43.4</ele></rtept><rtept lat="60.238197" lon="24.6669"><ele>43.6</ele></rtept><rtept lat="60.238207" lon="24.666807"><ele>43.4</ele></rtept><rtept lat="60.238212" lon="24.666717"><ele>43.4</ele></rtept><rtept lat="60.23819" lon="24.666637"><ele>43.2</ele></rtept><rtept lat="60.238152" lon="24.666605"><ele>42.8</ele></rtept><rtept lat="60.238117" lon="24.666607"><ele>42.4</ele></rtept><rtept lat="60.238077" lon="24.666612"><ele>42.0</ele></rtept><rtept lat="60.23804" lon="24.666627"><ele>41.8</ele></rtept><rtept lat="60.238007" lon="24.666652"><ele>41.6</ele></rtept><rtept lat="60.237982" lon="24.66668"><ele>41.8</ele></rtept><rtept lat="60.237957" lon="24.666707"><ele>41.8</ele></rtept><rtept lat="60.23793" lon="24.666732"><ele>42.0</ele></rtept><rtept lat="60.237902" lon="24.666757"><ele>42.2</ele></rtept><rtept lat="60.237877" lon="24.666772"><ele>42.4</ele></rtept><rtept lat="60.237855" lon="24.66678"><ele>42.6</ele></rtept><rtept lat="60.237837" lon="24.666787"><ele>42.8</ele></rtept><rtept lat="60.237817" lon="24.666795"><ele>43.0</ele></rtept><rtept lat="60.2378" lon="24.666795"><ele>43.2</ele></rtept><rtept lat="60.23778" lon="24.666787"><ele>43.4</ele></rtept><rtept lat="60.237757" lon="24.66678"><ele>43.8</ele></rtept><rtept lat="60.237735" lon="24.66677"><ele>44.2</ele></rtept><rtept lat="60.23771" lon="24.66676"><ele>44.4</ele></rtept><rtept lat="60.237687" lon="24.666755"><ele>45.0</ele></rtept><rtept lat="60.237667" lon="24.666752"><ele>45.4</ele></rtept><rtept lat="60.237647" lon="24.66675"><ele>45.8</ele></rtept><rtept lat="60.237627" lon="24.66674"><ele>46.0</ele></rtept><rtept lat="60.237607" lon="24.666733"><ele>46.4</ele></rtept><rtept lat="60.237587" lon="24.66674"><ele>46.8</ele></rtept><rtept lat="60.237562" lon="24.666732"><ele>47.2</ele></rtept><rtept lat="60.237542" lon="24.666727"><ele>47.6</ele></rtept><rtept lat="60.237517" lon="24.666715"><ele>48.0</ele></rtept><rtept lat="60.237495" lon="24.666697"><ele>48.4</ele></rtept><rtept lat="60.237477" lon="24.666672"><ele>48.6</ele></rtept><rtept lat="60.237457" lon="24.666657"><ele>49.0</ele></rtept><rtept lat="60.237432" lon="24.666652"><ele>49.4</ele></rtept><rtept lat="60.237412" lon="24.666657"><ele>49.6</ele></rtept><rtept lat="60.23739" lon="24.666647"><ele>49.8</ele></rtept><rtept lat="60.237377" lon="24.666605"><ele>50.0</ele></rtept><rtept lat="60.237372" lon="24.666557"><ele>50.2</ele></rtept><rtept lat="60.237372" lon="24.666497"><ele>50.4</ele></rtept><rtept lat="60.237357" lon="24.66645"><ele>50.6</ele></rtept><rtept lat="60.237332" lon="24.666397"><ele>50.8</ele></rtept><rtept lat="60.23733" lon="24.666337"><ele>50.6</ele></rtept><rtept lat="60.237342" lon="24.666283"><ele>50.6</ele></rtept><rtept lat="60.237368" lon="24.666232"><ele>50.2</ele></rtept><rtept lat="60.237402" lon="24.666182"><ele>49.8</ele></rtept><rtept lat="60.237432" lon="24.666127"><ele>49.4</ele></rtept><rtept lat="60.237462" lon="24.666087"><ele>48.8</ele></rtept><rtept lat="60.237482" lon="24.666037"><ele>48.4</ele></rtept><rtept lat="60.237462" lon="24.665975"><ele>47.8</ele></rtept><rtept lat="60.237425" lon="24.66591"><ele>47.2</ele></rtept><rtept lat="60.237387" lon="24.665832"><ele>46.6</ele></rtept><rtept lat="60.237352" lon="24.665742"><ele>46.0</ele></rtept><rtept lat="60.23733" lon="24.665645"><ele>45.2</ele></rtept><rtept lat="60.237322" lon="24.665552"><ele>44.6</ele></rtept><rtept lat="60.237345" lon="24.665497"><ele>44.0</ele></rtept><rtept lat="60.237377" lon="24.66551"><ele>43.4</ele></rtept><rtept lat="60.2374" lon="24.665557"><ele>43.0</ele></rtept><rtept lat="60.237427" lon="24.665592"><ele>42.6</ele></rtept><rtept lat="60.237457" lon="24.66562"><ele>42.4</ele></rtept><rtept lat="60.237495" lon="24.665642"><ele>42.2</ele></rtept><rtept lat="60.237537" lon="24.665662"><ele>42.0</ele></rtept><rtept lat="60.237582" lon="24.665695"><ele>41.6</ele></rtept><rtept lat="60.237627" lon="24.665752"><ele>41.4</ele></rtept><rtept lat="60.23767" lon="24.665827"><ele>41.2</ele></rtept><rtept lat="60.237712" lon="24.665892"><ele>40.8</ele></rtept><rtept lat="60.237757" lon="24.665947"><ele>40.4</ele></rtept><rtept lat="60.237802" lon="24.665985"><ele>40.0</ele></rtept><rtept lat="60.23785" lon="24.666015"><ele>39.6</ele></rtept><rtept lat="60.237877" lon="24.666002"><ele>39.4</ele></rtept><rtept lat="60.23789" lon="24.665952"><ele>39.2</ele></rtept><rtept lat="60.237897" lon="24.665877"><ele>39.0</ele></rtept><rtept lat="60.237882" lon="24.665807"><ele>39.0</ele></rtept><rtept lat="60.237867" lon="24.665727"><ele>38.6</ele></rtept><rtept lat="60.237852" lon="24.665642"><ele>38.0</ele></rtept><rtept lat="60.237862" lon="24.665558"><ele>37.4</ele></rtept><rtept lat="60.2379" lon="24.665522"><ele>36.8</ele></rtept><rtept lat="60.237942" lon="24.665545"><ele>36.4</ele></rtept><rtept lat="60.237985" lon="24.66553"><ele>35.6</ele></rtept><rtept lat="60.237997" lon="24.665455"><ele>34.8</ele></rtept><rtept lat="60.238005" lon="24.665385"><ele>34.2</ele></rtept><rtept lat="60.238037" lon="24.665377"><ele>33.2</ele></rtept><rtept lat="60.238062" lon="24.665422"><ele>32.2</ele></rtept><rtept lat="60.238082" lon="24.665405"><ele>31.2</ele></rtept><rtept lat="60.238077" lon="24.665347"><ele>30.8</ele></rtept><rtept lat="60.238057" lon="24.665302"><ele>30.4</ele></rtept><rtept lat="60.23804" lon="24.665275"><ele>30.0</ele></rtept><rtept lat="60.23802" lon="24.665267"><ele>29.6</ele></rtept><rtept lat="60.238" lon="24.665277"><ele>29.4</ele></rtept><rtept lat="60.237982" lon="24.665302"><ele>29.2</ele></rtept><rtept lat="60.237965" lon="24.665327"><ele>29.2</ele></rtept><rtept lat="60.237947" lon="24.665352"><ele>29.4</ele></rtept><rtept lat="60.237927" lon="24.665377"><ele>29.4</ele></rtept><rtept lat="60.237907" lon="24.665397"><ele>29.8</ele></rtept><rtept lat="60.237882" lon="24.66544"><ele>30.4</ele></rtept><rtept lat="60.237857" lon="24.665472"><ele>31.2</ele></rtept><rtept lat="60.237837" lon="24.665502"><ele>32.0</ele></rtept><rtept lat="60.237815" lon="24.665537"><ele>32.8</ele></rtept><rtept lat="60.237785" lon="24.665557"><ele>33.4</ele></rtept><rtept lat="60.237752" lon="24.66558"><ele>34.0</ele></rtept><rtept lat="60.23772" lon="24.665585"><ele>34.4</ele></rtept><rtept lat="60.237687" lon="24.665572"><ele>35.2</ele></rtept><rtept lat="60.237667" lon="24.665562"><ele>35.6</ele></rtept><rtept lat="60.237647" lon="24.665555"><ele>35.8</ele></rtept><rtept lat="60.237627" lon="24.665545"><ele>36.2</ele></rtept><rtept lat="60.237607" lon="24.665532"><ele>36.6</ele></rtept><rtept lat="60.237587" lon="24.665522"><ele>36.8</ele></rtept><rtept lat="60.237567" lon="24.665507"><ele>37.2</ele></rtept><rtept lat="60.237545" lon="24.665497"><ele>37.4</ele></rtept><rtept lat="60.237527" lon="24.665485"><ele>37.8</ele></rtept><rtept lat="60.237507" lon="24.665477"><ele>38.2</ele></rtept><rtept lat="60.237485" lon="24.665475"><ele>38.4</ele></rtept><rtept lat="60.237462" lon="24.66547"><ele>38.6</ele></rtept><rtept lat="60.237442" lon="24.665465"><ele>38.8</ele></rtept><rtept lat="60.237422" lon="24.665455"><ele>38.8</ele></rtept><rtept lat="60.237402" lon="24.665452"><ele>39.0</ele></rtept><rtept lat="60.237382" lon="24.66545"><ele>39.2</ele></rtept><rtept lat="60.237357" lon="24.665447"><ele>39.4</ele></rtept><rtept lat="60.237337" lon="24.665447"><ele>39.4</ele></rtept><rtept lat="60.237312" lon="24.66544"><ele>39.6</ele></rtept><rtept lat="60.237292" lon="24.66543"><ele>39.8</ele></rtept><rtept lat="60.23727" lon="24.665412"><ele>40.0</ele></rtept><rtept lat="60.23725" lon="24.66539"><ele>40.2</ele></rtept><rtept lat="60.237232" lon="24.665372"><ele>40.4</ele></rtept><rtept lat="60.237212" lon="24.665352"><ele>40.4</ele></rtept><rtept lat="60.237182" lon="24.665327"><ele>41.0</ele></rtept><rtept lat="60.237143" lon="24.665312"><ele>41.6</ele></rtept><rtept lat="60.237107" lon="24.665292"><ele>42.4</ele></rtept><rtept lat="60.237085" lon="24.665277"><ele>42.6</ele></rtept><rtept lat="60.237062" lon="24.665257"><ele>43.0</ele></rtept><rtept lat="60.237035" lon="24.665225"><ele>43.2</ele></rtept><rtept lat="60.23699" lon="24.665207"><ele>43.4</ele></rtept><rtept lat="60.236937" lon="24.66521"><ele>43.4</ele></rtept><rtept lat="60.236877" lon="24.665235"><ele>43.4</ele></rtept><rtept lat="60.236815" lon="24.665245"><ele>43.4</ele></rtept><rtept lat="60.236745" lon="24.665235"><ele>43.0</ele></rtept><rtept lat="60.236667" lon="24.665227"><ele>42.8</ele></rtept><rtept lat="60.236587" lon="24.665205"><ele>42.4</ele></rtept><rtept lat="60.236507" lon="24.665187"><ele>41.8</ele></rtept><rtept lat="60.236427" lon="24.665175"><ele>41.2</ele></rtept><rtept lat="60.236352" lon="24.665182"><ele>40.6</ele></rtept><rtept lat="60.23628" lon="24.665237"><ele>39.8</ele></rtept><rtept lat="60.23621" lon="24.66532"><ele>39.0</ele></rtept><rtept lat="60.236152" lon="24.665422"><ele>38.2</ele></rtept><rtept lat="60.236095" lon="24.665523"><ele>37.4</ele></rtept><rtept lat="60.236042" lon="24.665617"><ele>36.6</ele></rtept><rtept lat="60.236007" lon="24.665707"><ele>36.0</ele></rtept><rtept lat="60.235992" lon="24.665825"><ele>35.4</ele></rtept><rtept lat="60.235997" lon="24.665947"><ele>35.0</ele></rtept><rtept lat="60.235985" lon="24.666062"><ele>34.6</ele></rtept><rtept lat="60.235952" lon="24.666155"><ele>34.2</ele></rtept><rtept lat="60.235927" lon="24.666247"><ele>33.6</ele></rtept><rtept lat="60.23592" lon="24.666337"><ele>33.2</ele></rtept><rtept lat="60.235927" lon="24.666395"><ele>33.2</ele></rtept><rtept lat="60.235947" lon="24.666432"><ele>33.2</ele></rtept><rtept lat="60.235967" lon="24.666467"><ele>33.0</ele></rtept><rtept lat="60.23599" lon="24.666512"><ele>33.0</ele></rtept><rtept lat="60.236002" lon="24.666557"><ele>33.2</ele></rtept><rtept lat="60.236012" lon="24.666602"><ele>33.4</ele></rtept><rtept lat="60.236022" lon="24.666642"><ele>33.8</ele></rtept><rtept lat="60.236037" lon="24.666675"><ele>34.2</ele></rtept><rtept lat="60.23605" lon="24.666702"><ele>34.6</ele></rtept><rtept lat="60.23607" lon="24.666727"><ele>35.0</ele></rtept><rtept lat="60.236092" lon="24.66676"><ele>35.4</ele></rtept><rtept lat="60.236107" lon="24.666802"><ele>35.8</ele></rtept><rtept lat="60.23612" lon="24.666855"><ele>36.2</ele></rtept><rtept lat="60.236122" lon="24.666907"><ele>36.6</ele></rtept><rtept lat="60.236117" lon="24.666957"><ele>36.8</ele></rtept><rtept lat="60.236112" lon="24.666997"><ele>37.0</ele></rtept><rtept lat="60.236107" lon="24.667047"><ele>37.2</ele></rtept><rtept lat="60.236105" lon="24.667087"><ele>37.4</ele></rtept><rtept lat="60.2361" lon="24.667127"><ele>37.6</ele></rtept><rtept lat="60.236107" lon="24.667185"><ele>38.2</ele></rtept><rtept lat="60.236137" lon="24.667222"><ele>38.8</ele></rtept><rtept lat="60.236162" lon="24.667232"><ele>39.2</ele></rtept><rtept lat="60.236197" lon="24.667252"><ele>39.4</ele></rtept><rtept lat="60.236227" lon="24.6673"><ele>39.4</ele></rtept><rtept lat="60.236257" lon="24.667362"><ele>39.6</ele></rtept><rtept lat="60.236277" lon="24.667412"><ele>39.4</ele></rtept><rtept lat="60.236302" lon="24.667467"><ele>39.4</ele></rtept><rtept lat="60.236327" lon="24.667512"><ele>39.4</ele></rtept><rtept lat="60.236355" lon="24.667547"><ele>39.4</ele></rtept><rtept lat="60.23639" lon="24.667572"><ele>39.4</ele></rtept><rtept lat="60.236422" lon="24.667605"><ele>39.4</ele></rtept><rtept lat="60.236455" lon="24.667637"><ele>39.6</ele></rtept><rtept lat="60.236487" lon="24.667662"><ele>39.6</ele></rtept><rtept lat="60.236522" lon="24.667675"><ele>39.8</ele></rtept><rtept lat="60.23656" lon="24.667662"><ele>39.8</ele></rtept><rtept lat="60.23659" lon="24.667622"><ele>39.8</ele></rtept><rtept lat="60.236607" lon="24.667565"><ele>39.8</ele></rtept><rtept lat="60.236602" lon="24.667517"><ele>39.8</ele></rtept><rtept lat="60.236582" lon="24.667497"><ele>39.8</ele></rtept><rtept lat="60.236542" lon="24.667487"><ele>40.0</ele></rtept><rtept lat="60.236507" lon="24.667447"><ele>40.0</ele></rtept><rtept lat="60.236482" lon="24.66738"><ele>40.0</ele></rtept><rtept lat="60.236472" lon="24.66731"><ele>40.0</ele></rtept><rtept lat="60.236467" lon="24.667255"><ele>40.2</ele></rtept><rtept lat="60.236455" lon="24.667215"><ele>40.2</ele></rtept><rtept lat="60.23643" lon="24.667207"><ele>40.2</ele></rtept><rtept lat="60.236397" lon="24.66719"><ele>40.4</ele></rtept><rtept lat="60.236365" lon="24.667132"><ele>40.6</ele></rtept><rtept lat="60.236355" lon="24.667067"><ele>40.8</ele></rtept><rtept lat="60.236347" lon="24.667025"><ele>40.8</ele></rtept><rtept lat="60.236325" lon="24.666987"><ele>40.8</ele></rtept><rtept lat="60.236297" lon="24.666955"><ele>40.8</ele></rtept><rtept lat="60.236267" lon="24.666912"><ele>40.8</ele></rtept><rtept lat="60.236235" lon="24.666847"><ele>40.8</ele></rtept><rtept lat="60.236207" lon="24.666767"><ele>40.8</ele></rtept><rtept lat="60.236172" lon="24.666712"><ele>40.6</ele></rtept><rtept lat="60.236132" lon="24.66665"><ele>40.2</ele></rtept><rtept lat="60.236115" lon="24.666552"><ele>39.6</ele></rtept><rtept lat="60.236107" lon="24.666462"><ele>39.2</ele></rtept><rtept lat="60.236067" lon="24.666385"><ele>38.8</ele></rtept><rtept lat="60.236052" lon="24.666257"><ele>38.4</ele></rtept><rtept lat="60.236047" lon="24.666132"><ele>38.0</ele></rtept><rtept lat="60.23604" lon="24.666017"><ele>37.6</ele></rtept><rtept lat="60.236062" lon="24.665937"><ele>37.0</ele></rtept><rtept lat="60.236092" lon="24.66588"><ele>36.6</ele></rtept><rtept lat="60.236122" lon="24.66583"><ele>36.0</ele></rtept><rtept lat="60.236147" lon="24.665775"><ele>35.4</ele></rtept><rtept lat="60.236172" lon="24.665727"><ele>35.0</ele></rtept><rtept lat="60.236205" lon="24.665675"><ele>34.8</ele></rtept><rtept lat="60.236237" lon="24.66564"><ele>34.8</ele></rtept><rtept lat="60.236262" lon="24.665607"><ele>34.8</ele></rtept><rtept lat="60.23629" lon="24.665585"><ele>35.0</ele></rtept><rtept lat="60.236313" lon="24.665562"><ele>35.2</ele></rtept><rtept lat="60.23634" lon="24.665547"><ele>35.8</ele></rtept><rtept lat="60.23636" lon="24.665535"><ele>36.0</ele></rtept><rtept lat="60.236383" lon="24.665522"><ele>36.2</ele></rtept><rtept lat="60.23641" lon="24.665507"><ele>36.6</ele></rtept><rtept lat="60.236432" lon="24.665485"><ele>37.0</ele></rtept><rtept lat="60.236455" lon="24.665457"><ele>37.2</ele></rtept><rtept lat="60.236475" lon="24.665427"><ele>37.4</ele></rtept><rtept lat="60.236497" lon="24.665402"><ele>37.6</ele></rtept><rtept lat="60.236522" lon="24.66539"><ele>37.8</ele></rtept><rtept lat="60.236547" lon="24.665382"><ele>38.0</ele></rtept><rtept lat="60.236572" lon="24.665387"><ele>38.0</ele></rtept><rtept lat="60.236597" lon="24.665382"><ele>38.0</ele></rtept><rtept lat="60.236617" lon="24.665365"><ele>38.2</ele></rtept><rtept lat="60.236635" lon="24.665333"><ele>38.4</ele></rtept><rtept lat="60.236657" lon="24.66531"><ele>38.6</ele></rtept><rtept lat="60.236682" lon="24.665302"><ele>38.6</ele></rtept><rtept lat="60.236707" lon="24.665315"><ele>38.8</ele></rtept><rtept lat="60.236722" lon="24.665337"><ele>38.8</ele></rtept><rtept lat="60.23675" lon="24.665382"><ele>39.2</ele></rtept><rtept lat="60.236767" lon="24.665402"><ele>39.4</ele></rtept><rtept lat="60.23679" lon="24.665447"><ele>39.8</ele></rtept><rtept lat="60.236807" lon="24.665495"><ele>40.4</ele></rtept><rtept lat="60.236827" lon="24.665537"><ele>41.0</ele></rtept><rtept lat="60.236842" lon="24.665587"><ele>41.6</ele></rtept><rtept lat="60.23686" lon="24.665642"><ele>42.2</ele></rtept><rtept lat="60.236887" lon="24.665687"><ele>42.8</ele></rtept><rtept lat="60.236905" lon="24.665692"><ele>43.2</ele></rtept><rtept lat="60.236922" lon="24.665702"><ele>43.4</ele></rtept><rtept lat="60.236942" lon="24.665705"><ele>43.8</ele></rtept><rtept lat="60.236962" lon="24.665717"><ele>44.0</ele></rtept><rtept lat="60.236982" lon="24.665725"><ele>44.2</ele></rtept><rtept lat="60.237005" lon="24.665735"><ele>44.4</ele></rtept><rtept lat="60.237025" lon="24.665737"><ele>44.6</ele></rtept><rtept lat="60.237045" lon="24.665732"><ele>44.8</ele></rtept><rtept lat="60.237067" lon="24.665713"><ele>45.0</ele></rtept><rtept lat="60.237097" lon="24.665695"><ele>45.2</ele></rtept><rtept lat="60.237132" lon="24.665705"><ele>45.2</ele></rtept><rtept lat="60.237157" lon="24.665737"><ele>45.2</ele></rtept><rtept lat="60.237175" lon="24.66578"><ele>45.0</ele></rtept><rtept lat="60.237187" lon="24.665815"><ele>45.0</ele></rtept><rtept lat="60.237192" lon="24.665852"><ele>45.0</ele></rtept><rtept lat="60.2372" lon="24.665892"><ele>45.0</ele></rtept><rtept lat="60.23721" lon="24.665935"><ele>45.0</ele></rtept><rtept lat="60.23722" lon="24.665972"><ele>45.2</ele></rtept><rtept lat="60.237232" lon="24.666002"><ele>45.2</ele></rtept><rtept lat="60.237245" lon="24.66604"><ele>45.2</ele></rtept><rtept lat="60.237257" lon="24.666082"><ele>45.4</ele></rtept><rtept lat="60.237262" lon="24.666128"><ele>45.6</ele></rtept><rtept lat="60.237257" lon="24.666167"><ele>45.8</ele></rtept><rtept lat="60.237245" lon="24.66623"><ele>46.2</ele></rtept><rtept lat="60.237247" lon="24.666292"><ele>47.0</ele></rtept><rtept lat="60.237257" lon="24.666325"><ele>47.2</ele></rtept><rtept lat="60.237282" lon="24.666382"><ele>47.8</ele></rtept><rtept lat="60.237297" lon="24.6664"><ele>48.0</ele></rtept><rtept lat="60.237317" lon="24.66641"><ele>48.2</ele></rtept><rtept lat="60.237337" lon="24.666427"><ele>48.6</ele></rtept><rtept lat="60.237352" lon="24.666445"><ele>48.8</ele></rtept><rtept lat="60.237365" lon="24.666477"><ele>49.0</ele></rtept><rtept lat="60.237382" lon="24.666532"><ele>49.4</ele></rtept><rtept lat="60.237392" lon="24.666597"><ele>49.6</ele></rtept><rtept lat="60.23739" lon="24.666632"><ele>49.8</ele></rtept><rtept lat="60.23738" lon="24.666667"><ele>49.8</ele></rtept><rtept lat="60.237365" lon="24.666702"><ele>50.0</ele></rtept><rtept lat="60.237352" lon="24.66673"><ele>50.2</ele></rtept><rtept lat="60.237337" lon="24.666762"><ele>50.4</ele></rtept><rtept lat="60.237312" lon="24.666817"><ele>50.8</ele></rtept><rtept lat="60.237292" lon="24.666832"><ele>51.0</ele></rtept><rtept lat="60.23727" lon="24.666832"><ele>51.2</ele></rtept><rtept lat="60.23725" lon="24.666815"><ele>51.4</ele></rtept><rtept lat="60.237228" lon="24.666792"><ele>51.6</ele></rtept><rtept lat="60.23721" lon="24.666777"><ele>52.0</ele></rtept><rtept lat="60.23719" lon="24.666762"><ele>52.2</ele></rtept><rtept lat="60.237172" lon="24.666747"><ele>52.4</ele></rtept><rtept lat="60.237152" lon="24.666725"><ele>52.6</ele></rtept><rtept lat="60.237132" lon="24.666697"><ele>52.8</ele></rtept><rtept lat="60.23711" lon="24.666662"><ele>53.0</ele></rtept><rtept lat="60.237082" lon="24.666612"><ele>53.2</ele></rtept><rtept lat="60.237047" lon="24.666557"><ele>53.2</ele></rtept><rtept lat="60.237007" lon="24.66649"><ele>53.4</ele></rtept><rtept lat="60.236962" lon="24.666405"><ele>53.2</ele></rtept><rtept lat="60.236925" lon="24.666318"><ele>53.0</ele></rtept><rtept lat="60.236922" lon="24.666227"><ele>52.6</ele></rtept><rtept lat="60.23691" lon="24.666152"><ele>52.2</ele></rtept><rtept lat="60.236882" lon="24.66611"><ele>51.8</ele></rtept><rtept lat="60.236867" lon="24.666082"><ele>51.4</ele></rtept><rtept lat="60.236848" lon="24.666047"><ele>51.0</ele></rtept><rtept lat="60.236832" lon="24.666012"><ele>50.8</ele></rtept><rtept lat="60.236812" lon="24.666005"><ele>50.8</ele></rtept><rtept lat="60.236792" lon="24.666022"><ele>50.8</ele></rtept><rtept lat="60.236775" lon="24.666055"><ele>50.8</ele></rtept><rtept lat="60.236757" lon="24.666102"><ele>51.0</ele></rtept><rtept lat="60.23674" lon="24.666142"><ele>51.0</ele></rtept><rtept lat="60.236717" lon="24.666157"><ele>51.2</ele></rtept><rtept lat="60.236697" lon="24.666185"><ele>51.2</ele></rtept><rtept lat="60.236682" lon="24.666227"><ele>51.2</ele></rtept><rtept lat="60.236677" lon="24.666277"><ele>51.2</ele></rtept><rtept lat="60.236692" lon="24.666307"><ele>51.2</ele></rtept><rtept lat="60.23671" lon="24.666307"><ele>51.2</ele></rtept><rtept lat="60.236742" lon="24.666307"><ele>51.2</ele></rtept><rtept lat="60.236777" lon="24.666327"><ele>51.0</ele></rtept><rtept lat="60.23681" lon="24.666362"><ele>51.0</ele></rtept><rtept lat="60.236837" lon="24.666392"><ele>51.0</ele></rtept><rtept lat="60.23686" lon="24.666407"><ele>51.0</ele></rtept><rtept lat="60.23688" lon="24.666427"><ele>51.0</ele></rtept><rtept lat="60.2369" lon="24.666457"><ele>50.8</ele></rtept><rtept lat="60.236918" lon="24.66649"><ele>50.8</ele></rtept><rtept lat="60.236937" lon="24.666527"><ele>50.8</ele></rtept><rtept lat="60.23695" lon="24.666567"><ele>51.0</ele></rtept><rtept lat="60.236957" lon="24.666607"><ele>51.0</ele></rtept><rtept lat="60.236967" lon="24.666642"><ele>51.2</ele></rtept><rtept lat="60.236972" lon="24.666682"><ele>51.4</ele></rtept><rtept lat="60.236982" lon="24.666747"><ele>51.8</ele></rtept><rtept lat="60.23699" lon="24.666787"><ele>52.0</ele></rtept><rtept lat="60.237002" lon="24.666825"><ele>52.2</ele></rtept><rtept lat="60.237012" lon="24.666865"><ele>52.6</ele></rtept><rtept lat="60.23702" lon="24.666905"><ele>52.8</ele></rtept><rtept lat="60.237045" lon="24.666922"><ele>53.0</ele></rtept><rtept lat="60.237067" lon="24.666922"><ele>53.0</ele></rtept><rtept lat="60.237087" lon="24.666922"><ele>53.0</ele></rtept><rtept lat="60.237112" lon="24.66692"><ele>52.8</ele></rtept><rtept lat="60.237142" lon="24.666935"><ele>52.8</ele></rtept><rtept lat="60.237167" lon="24.666962"><ele>52.8</ele></rtept><rtept lat="60.237195" lon="24.666995"><ele>52.8</ele></rtept><rtept lat="60.237225" lon="24.667002"><ele>52.8</ele></rtept><rtept lat="60.237257" lon="24.66699"><ele>52.8</ele></rtept><rtept lat="60.237292" lon="24.66699"><ele>52.8</ele></rtept><rtept lat="60.237322" lon="24.666977"><ele>52.8</ele></rtept><rtept lat="60.237357" lon="24.666947"><ele>52.8</ele></rtept><rtept lat="60.237402" lon="24.66693"><ele>53.0</ele></rtept><rtept lat="60.237452" lon="24.666912"><ele>53.2</ele></rtept><rtept lat="60.237515" lon="24.666917"><ele>53.2</ele></rtept><rtept lat="60.237572" lon="24.66696"><ele>53.0</ele></rtept><rtept lat="60.237627" lon="24.667002"><ele>52.8</ele></rtept><rtept lat="60.237672" lon="24.667047"><ele>52.4</ele></rtept><rtept lat="60.23769" lon="24.667125"><ele>51.8</ele></rtept><rtept lat="60.237692" lon="24.667207"><ele>51.4</ele></rtept><rtept lat="60.237722" lon="24.667255"><ele>51.0</ele></rtept><rtept lat="60.237765" lon="24.66725"><ele>50.4</ele></rtept><rtept lat="60.237805" lon="24.667237"><ele>49.8</ele></rtept><rtept lat="60.237845" lon="24.667205"><ele>49.2</ele></rtept><rtept lat="60.237885" lon="24.667157"><ele>48.8</ele></rtept><rtept lat="60.237935" lon="24.667125"><ele>48.2</ele></rtept><rtept lat="60.237977" lon="24.667145"><ele>48.0</ele></rtept><rtept lat="60.238022" lon="24.667195"><ele>47.6</ele></rtept><rtept lat="60.238052" lon="24.66728"><ele>47.2</ele></rtept><rtept lat="60.238032" lon="24.667352"><ele>46.8</ele></rtept><rtept lat="60.238002" lon="24.667385"><ele>46.6</ele></rtept><rtept lat="60.237982" lon="24.667415"><ele>46.0</ele></rtept><rtept lat="60.237967" lon="24.667467"><ele>45.6</ele></rtept><rtept lat="60.23796" lon="24.667532"><ele>45.2</ele></rtept><rtept lat="60.237947" lon="24.667612"><ele>45.0</ele></rtept><rtept lat="60.237927" lon="24.667692"><ele>45.0</ele></rtept><rtept lat="60.237912" lon="24.667787"><ele>44.8</ele></rtept><rtept lat="60.237917" lon="24.667885"><ele>44.8</ele></rtept><rtept lat="60.237932" lon="24.667975"><ele>44.6</ele></rtept><rtept lat="60.237932" lon="24.668063"><ele>44.4</ele></rtept><rtept lat="60.237937" lon="24.668157"><ele>44.2</ele></rtept><rtept lat="60.237947" lon="24.668247"><ele>44.0</ele></rtept><rtept lat="60.237937" lon="24.668337"><ele>43.8</ele></rtept><rtept lat="60.237903" lon="24.668402"><ele>43.8</ele></rtept><rtept lat="60.237867" lon="24.668467"><ele>43.6</ele></rtept><rtept lat="60.237842" lon="24.668542"><ele>43.4</ele></rtept><rtept lat="60.237827" lon="24.668642"><ele>43.4</ele></rtept><rtept lat="60.2378" lon="24.668712"><ele>43.0</ele></rtept><rtept lat="60.237762" lon="24.668745"><ele>42.6</ele></rtept><rtept lat="60.237725" lon="24.668767"><ele>42.2</ele></rtept><rtept lat="60.237682" lon="24.668795"><ele>41.8</ele></rtept><rtept lat="60.23764" lon="24.668817"><ele>41.4</ele></rtept><rtept lat="60.237592" lon="24.668852"><ele>41.4</ele></rtept><rtept lat="60.237552" lon="24.6689"><ele>41.2</ele></rtept><rtept lat="60.23751" lon="24.668912"><ele>41.2</ele></rtept><rtept lat="60.23748" lon="24.668887"><ele>41.2</ele></rtept><rtept lat="60.237447" lon="24.66887"><ele>41.0</ele></rtept><rtept lat="60.23741" lon="24.668887"><ele>41.0</ele></rtept><rtept lat="60.237382" lon="24.668925"><ele>41.2</ele></rtept><rtept lat="60.23735" lon="24.66893"><ele>41.4</ele></rtept><rtept lat="60.237322" lon="24.6689"><ele>41.4</ele></rtept><rtept lat="60.237302" lon="24.668842"><ele>41.4</ele></rtept><rtept lat="60.23728" lon="24.6688"><ele>41.6</ele></rtept><rtept lat="60.237255" lon="24.668777"><ele>41.8</ele></rtept><rtept lat="60.237227" lon="24.668757"><ele>42.0</ele></rtept><rtept lat="60.237207" lon="24.668732"><ele>42.4</ele></rtept><rtept lat="60.237187" lon="24.668712"><ele>42.4</ele></rtept><rtept lat="60.237162" lon="24.668695"><ele>42.6</ele></rtept><rtept lat="60.237135" lon="24.668665"><ele>42.8</ele></rtept><rtept lat="60.237107" lon="24.668632"><ele>43.0</ele></rtept><rtept lat="60.23708" lon="24.668602"><ele>43.0</ele></rtept><rtept lat="60.23705" lon="24.668582"><ele>43.2</ele></rtept><rtept lat="60.237015" lon="24.668602"><ele>43.2</ele></rtept><rtept lat="60.236992" lon="24.66865"><ele>43.2</ele></rtept><rtept lat="60.236985" lon="24.66871"><ele>43.2</ele></rtept><rtept lat="60.236972" lon="24.668772"><ele>43.2</ele></rtept><rtept lat="60.236957" lon="24.668832"><ele>43.0</ele></rtept><rtept lat="60.23693" lon="24.66889"><ele>43.0</ele></rtept><rtept lat="60.236902" lon="24.668935"><ele>43.0</ele></rtept><rtept lat="60.236872" lon="24.668975"><ele>43.2</ele></rtept><rtept lat="60.236847" lon="24.668977"><ele>43.2</ele></rtept><rtept lat="60.236817" lon="24.668972"><ele>43.2</ele></rtept><rtept lat="60.23679" lon="24.668975"><ele>43.4</ele></rtept><rtept lat="60.236762" lon="24.668982"><ele>43.6</ele></rtept><rtept lat="60.236737" lon="24.669007"><ele>43.8</ele></rtept><rtept lat="60.236727" lon="24.669052"><ele>44.0</ele></rtept><rtept lat="60.236732" lon="24.669097"><ele>44.2</ele></rtept><rtept lat="60.236737" lon="24.669152"><ele>44.4</ele></rtept><rtept lat="60.236727" lon="24.669212"><ele>44.6</ele></rtept><rtept lat="60.236707" lon="24.669247"><ele>44.8</ele></rtept><rtept lat="60.236682" lon="24.669277"><ele>45.0</ele></rtept><rtept lat="60.236652" lon="24.669302"><ele>45.2</ele></rtept><rtept lat="60.236622" lon="24.669327"><ele>45.2</ele></rtept><rtept lat="60.236602" lon="24.669357"><ele>45.4</ele></rtept><rtept lat="60.236582" lon="24.669387"><ele>45.6</ele></rtept><rtept lat="60.23656" lon="24.66942"><ele>45.8</ele></rtept><rtept lat="60.236537" lon="24.669442"><ele>46.0</ele></rtept><rtept lat="60.236517" lon="24.669462"><ele>46.4</ele></rtept><rtept lat="60.2365" lon="24.669487"><ele>46.6</ele></rtept><rtept lat="60.23648" lon="24.66951"><ele>46.8</ele></rtept><rtept lat="60.236455" lon="24.66954"><ele>47.2</ele></rtept><rtept lat="60.236425" lon="24.669565"><ele>47.4</ele></rtept><rtept lat="60.236387" lon="24.669587"><ele>47.8</ele></rtept><rtept lat="60.236347" lon="24.669622"><ele>47.8</ele></rtept><rtept lat="60.236297" lon="24.669667"><ele>47.8</ele></rtept><rtept lat="60.236237" lon="24.669688"><ele>47.8</ele></rtept><rtept lat="60.23617" lon="24.669692"><ele>47.6</ele></rtept><rtept lat="60.236107" lon="24.669687"><ele>47.2</ele></rtept><rtept lat="60.23606" lon="24.669632"><ele>46.8</ele></rtept><rtept lat="60.236032" lon="24.669557"><ele>46.2</ele></rtept><rtept lat="60.236017" lon="24.669485"><ele>45.6</ele></rtept><rtept lat="60.236002" lon="24.669422"><ele>45.0</ele></rtept><rtept lat="60.235987" lon="24.669367"><ele>44.8</ele></rtept><rtept lat="60.235972" lon="24.669327"><ele>44.8</ele></rtept><rtept lat="60.235957" lon="24.669287"><ele>44.8</ele></rtept><rtept lat="60.23594" lon="24.669252"><ele>44.6</ele></rtept><rtept lat="60.23592" lon="24.669225"><ele>44.6</ele></rtept><rtept lat="60.235902" lon="24.669207"><ele>44.6</ele></rtept><rtept lat="60.235882" lon="24.669205"><ele>44.6</ele></rtept><rtept lat="60.235862" lon="24.669215"><ele>44.6</ele></rtept><rtept lat="60.235845" lon="24.669227"><ele>44.6</ele></rtept><rtept lat="60.235832" lon="24.669267"><ele>44.6</ele></rtept><rtept lat="60.235827" lon="24.669327"><ele>45.0</ele></rtept><rtept lat="60.235817" lon="24.669397"><ele>45.4</ele></rtept><rtept lat="60.235812" lon="24.66944"><ele>45.8</ele></rtept><rtept lat="60.235807" lon="24.66949"><ele>46.2</ele></rtept><rtept lat="60.235807" lon="24.669545"><ele>46.4</ele></rtept><rtept lat="60.235812" lon="24.66959"><ele>46.6</ele></rtept><rtept lat="60.235822" lon="24.669637"><ele>46.6</ele></rtept><rtept lat="60.23583" lon="24.669687"><ele>46.6</ele></rtept><rtept lat="60.235837" lon="24.669737"><ele>46.6</ele></rtept><rtept lat="60.235847" lon="24.669787"><ele>46.8</ele></rtept><rtept lat="60.235857" lon="24.669847"><ele>46.8</ele></rtept><rtept lat="60.235857" lon="24.669917"><ele>47.0</ele></rtept><rtept lat="60.235847" lon="24.669965"><ele>47.0</ele></rtept><rtept lat="60.235832" lon="24.669997"><ele>47.2</ele></rtept><rtept lat="60.23582" lon="24.670033"><ele>47.2</ele></rtept><rtept lat="60.235807" lon="24.670085"><ele>47.2</ele></rtept><rtept lat="60.235787" lon="24.670132"><ele>47.4</ele></rtept><rtept lat="60.235765" lon="24.670182"><ele>47.8</ele></rtept><rtept lat="60.235742" lon="24.67022"><ele>48.0</ele></rtept><rtept lat="60.235712" lon="24.670257"><ele>48.2</ele></rtept><rtept lat="60.235685" lon="24.670305"><ele>48.2</ele></rtept><rtept lat="60.235662" lon="24.670372"><ele>48.4</ele></rtept><rtept lat="60.235622" lon="24.670417"><ele>48.2</ele></rtept><rtept lat="60.235582" lon="24.670437"><ele>48.0</ele></rtept><rtept lat="60.235542" lon="24.670472"><ele>47.6</ele></rtept><rtept lat="60.235507" lon="24.670525"><ele>47.4</ele></rtept><rtept lat="60.235472" lon="24.670572"><ele>47.2</ele></rtept><rtept lat="60.235432" lon="24.670602"><ele>46.8</ele></rtept><rtept lat="60.235398" lon="24.670597"><ele>46.4</ele></rtept><rtept lat="60.235382" lon="24.670562"><ele>46.2</ele></rtept><rtept lat="60.235357" lon="24.670515"><ele>46.0</ele></rtept><rtept lat="60.235325" lon="24.670475"><ele>45.8</ele></rtept><rtept lat="60.23529" lon="24.67042"><ele>45.8</ele></rtept><rtept lat="60.235252" lon="24.67037"><ele>45.8</ele></rtept><rtept lat="60.235202" lon="24.670347"><ele>45.8</ele></rtept><rtept lat="60.235142" lon="24.670317"><ele>45.6</ele></rtept><rtept lat="60.23508" lon="24.67027"><ele>45.4</ele></rtept><rtept lat="60.235025" lon="24.670177"><ele>45.0</ele></rtept><rtept lat="60.234982" lon="24.670067"><ele>44.4</ele></rtept><rtept lat="60.234942" lon="24.669977"><ele>43.8</ele></rtept><rtept lat="60.234912" lon="24.66992"><ele>43.2</ele></rtept><rtept lat="60.234872" lon="24.669887"><ele>42.6</ele></rtept><rtept lat="60.23483" lon="24.66987"><ele>42.0</ele></rtept><rtept lat="60.234782" lon="24.669847"><ele>41.6</ele></rtept><rtept lat="60.234735" lon="24.669835"><ele>41.2</ele></rtept><rtept lat="60.234687" lon="24.669832"><ele>40.8</ele></rtept><rtept lat="60.234642" lon="24.669827"><ele>40.6</ele></rtept><rtept lat="60.234602" lon="24.669787"><ele>40.4</ele></rtept><rtept lat="60.234575" lon="24.66976"><ele>40.0</ele></rtept><rtept lat="60.234552" lon="24.669737"><ele>39.6</ele></rtept><rtept lat="60.234532" lon="24.669707"><ele>39.4</ele></rtept><rtept lat="60.23451" lon="24.669687"><ele>39.2</ele></rtept><rtept lat="60.234482" lon="24.669682"><ele>39.2</ele></rtept><rtept lat="60.23445" lon="24.669705"><ele>39.0</ele></rtept><rtept lat="60.234442" lon="24.669755"><ele>38.8</ele></rtept><rtept lat="60.234427" lon="24.669827"><ele>38.4</ele></rtept><rtept lat="60.234385" lon="24.669855"><ele>38.0</ele></rtept><rtept lat="60.23435" lon="24.669815"><ele>37.4</ele></rtept><rtept lat="60.234315" lon="24.669797"><ele>36.6</ele></rtept><rtept lat="60.234295" lon="24.669832"><ele>36.0</ele></rtept><rtept lat="60.234277" lon="24.669897"><ele>35.2</ele></rtept><rtept lat="60.234257" lon="24.669957"><ele>34.4</ele></rtept><rtept lat="60.234227" lon="24.670032"><ele>33.6</ele></rtept><rtept lat="60.234217" lon="24.670147"><ele>33.0</ele></rtept><rtept lat="60.23422" lon="24.670252"><ele>32.2</ele></rtept><rtept lat="60.234237" lon="24.670337"><ele>31.4</ele></rtept><rtept lat="60.234267" lon="24.670382"><ele>30.4</ele></rtept><rtept lat="60.2343" lon="24.670407"><ele>29.4</ele></rtept><rtept lat="60.234327" lon="24.670425"><ele>28.4</ele></rtept><rtept lat="60.234357" lon="24.670442"><ele>27.8</ele></rtept><rtept lat="60.234387" lon="24.670457"><ele>27.4</ele></rtept><rtept lat="60.234413" lon="24.670475"><ele>27.4</ele></rtept><rtept lat="60.234442" lon="24.670492"><ele>27.2</ele></rtept><rtept lat="60.23447" lon="24.670507"><ele>27.4</ele></rtept><rtept lat="60.234502" lon="24.670517"><ele>27.6</ele></rtept><rtept lat="60.23453" lon="24.67052"><ele>28.0</ele></rtept><rtept lat="60.23456" lon="24.67052"><ele>28.2</ele></rtept><rtept lat="60.234587" lon="24.670517"><ele>28.4</ele></rtept><rtept lat="60.234612" lon="24.670517"><ele>28.8</ele></rtept><rtept lat="60.234637" lon="24.670525"><ele>29.2</ele></rtept><rtept lat="60.234662" lon="24.670542"><ele>29.6</ele></rtept><rtept lat="60.234685" lon="24.670562"><ele>30.0</ele></rtept><rtept lat="60.234707" lon="24.670582"><ele>30.4</ele></rtept><rtept lat="60.234732" lon="24.670597"><ele>30.6</ele></rtept><rtept lat="60.234752" lon="24.670625"><ele>30.8</ele></rtept><rtept lat="60.234772" lon="24.67066"><ele>31.0</ele></rtept><rtept lat="60.234792" lon="24.670687"><ele>31.2</ele></rtept><rtept lat="60.234812" lon="24.670702"><ele>31.4</ele></rtept><rtept lat="60.234837" lon="24.670707"><ele>31.8</ele></rtept><rtept lat="60.23486" lon="24.6707"><ele>32.0</ele></rtept><rtept lat="60.234877" lon="24.6707"><ele>32.2</ele></rtept><rtept lat="60.234897" lon="24.670702"><ele>32.6</ele></rtept><rtept lat="60.234915" lon="24.670712"><ele>32.8</ele></rtept><rtept lat="60.234937" lon="24.670737"><ele>33.2</ele></rtept><rtept lat="60.234952" lon="24.670775"><ele>33.6</ele></rtept><rtept lat="60.234965" lon="24.670827"><ele>34.0</ele></rtept><rtept lat="60.23498" lon="24.670897"><ele>34.4</ele></rtept><rtept lat="60.234997" lon="24.670972"><ele>34.6</ele></rtept><rtept lat="60.235007" lon="24.671045"><ele>34.8</ele></rtept><rtept lat="60.23502" lon="24.671125"><ele>34.8</ele></rtept><rtept lat="60.23503" lon="24.671212"><ele>34.8</ele></rtept><rtept lat="60.235035" lon="24.671297"><ele>34.6</ele></rtept><rtept lat="60.23503" lon="24.67138"><ele>34.6</ele></rtept><rtept lat="60.23502" lon="24.671462"><ele>34.4</ele></rtept><rtept lat="60.235027" lon="24.671542"><ele>34.4</ele></rtept><rtept lat="60.235047" lon="24.671588"><ele>34.2</ele></rtept><rtept lat="60.235062" lon="24.67161"><ele>34.2</ele></rtept><rtept lat="60.235082" lon="24.671623"><ele>33.8</ele></rtept><rtept lat="60.235103" lon="24.67164"><ele>33.6</ele></rtept><rtept lat="60.235137" lon="24.671637"><ele>33.8</ele></rtept><rtept lat="60.235167" lon="24.671612"><ele>34.4</ele></rtept><rtept lat="60.235185" lon="24.671597"><ele>34.8</ele></rtept><rtept lat="60.235205" lon="24.671588"><ele>35.2</ele></rtept><rtept lat="60.235237" lon="24.671592"><ele>35.8</ele></rtept><rtept lat="60.235272" lon="24.671602"><ele>36.6</ele></rtept><rtept lat="60.235302" lon="24.671617"><ele>37.0</ele></rtept><rtept lat="60.235337" lon="24.671615"><ele>37.6</ele></rtept><rtept lat="60.235365" lon="24.671637"><ele>38.0</ele></rtept><rtept lat="60.23539" lon="24.67168"><ele>38.6</ele></rtept><rtept lat="60.235412" lon="24.67172"><ele>39.0</ele></rtept><rtept lat="60.235435" lon="24.671775"><ele>39.4</ele></rtept><rtept lat="60.235442" lon="24.671812"><ele>39.6</ele></rtept><rtept lat="60.235455" lon="24.671867"><ele>39.8</ele></rtept><rtept lat="60.235477" lon="24.6719"><ele>40.2</ele></rtept><rtept lat="60.235515" lon="24.671897"><ele>40.6</ele></rtept><rtept lat="60.235547" lon="24.671877"><ele>41.2</ele></rtept><rtept lat="60.235562" lon="24.671845"><ele>41.6</ele></rtept><rtept lat="60.235567" lon="24.671805"><ele>41.8</ele></rtept><rtept lat="60.235567" lon="24.671747"><ele>42.0</ele></rtept><rtept lat="60.235575" lon="24.671685"><ele>42.0</ele></rtept><rtept lat="60.235592" lon="24.67165"><ele>42.0</ele></rtept><rtept lat="60.235622" lon="24.671602"><ele>41.8</ele></rtept><rtept lat="60.235655" lon="24.671567"><ele>41.8</ele></rtept><rtept lat="60.235687" lon="24.671552"><ele>41.8</ele></rtept><rtept lat="60.235717" lon="24.67153"><ele>42.2</ele></rtept><rtept lat="60.235747" lon="24.6715"><ele>42.6</ele></rtept><rtept lat="60.235777" lon="24.67148"><ele>43.0</ele></rtept><rtept lat="60.235795" lon="24.671472"><ele>43.0</ele></rtept><rtept lat="60.23583" lon="24.671475"><ele>43.4</ele></rtept><rtept lat="60.235857" lon="24.671492"><ele>43.8</ele></rtept><rtept lat="60.235885" lon="24.671477"><ele>44.2</ele></rtept><rtept lat="60.235912" lon="24.67144"><ele>44.4</ele></rtept><rtept lat="60.235912" lon="24.671365"><ele>44.6</ele></rtept><rtept lat="60.23591" lon="24.671317"><ele>44.8</ele></rtept><rtept lat="60.235907" lon="24.671265"><ele>44.8</ele></rtept><rtept lat="60.2359" lon="24.671217"><ele>44.8</ele></rtept><rtept lat="60.235892" lon="24.67117"><ele>45.0</ele></rtept><rtept lat="60.235885" lon="24.671122"><ele>45.0</ele></rtept><rtept lat="60.235877" lon="24.671082"><ele>45.0</ele></rtept><rtept lat="60.235862" lon="24.671017"><ele>44.8</ele></rtept><rtept lat="60.235847" lon="24.670962"><ele>44.8</ele></rtept><rtept lat="60.235832" lon="24.670912"><ele>44.8</ele></rtept><rtept lat="60.235807" lon="24.670882"><ele>45.0</ele></rtept><rtept lat="60.235785" lon="24.670852"><ele>45.2</ele></rtept><rtept lat="60.23576" lon="24.670805"><ele>45.4</ele></rtept><rtept lat="60.235737" lon="24.670762"><ele>46.0</ele></rtept><rtept lat="60.23572" lon="24.670737"><ele>46.2</ele></rtept><rtept lat="60.235702" lon="24.670677"><ele>46.4</ele></rtept><rtept lat="60.235695" lon="24.67062"><ele>46.6</ele></rtept><rtept lat="60.235697" lon="24.670567"><ele>46.6</ele></rtept><rtept lat="60.2357" lon="24.670497"><ele>46.6</ele></rtept><rtept lat="60.235712" lon="24.670447"><ele>46.4</ele></rtept><rtept lat="60.235722" lon="24.670402"><ele>46.4</ele></rtept><rtept lat="60.235722" lon="24.67036"><ele>46.4</ele></rtept><rtept lat="60.235722" lon="24.670317"><ele>46.2</ele></rtept><rtept lat="60.235722" lon="24.670277"><ele>46.2</ele></rtept><rtept lat="60.235732" lon="24.670205"><ele>46.0</ele></rtept><rtept lat="60.23575" lon="24.670157"><ele>46.2</ele></rtept><rtept lat="60.23577" lon="24.670137"><ele>46.4</ele></rtept><rtept lat="60.235785" lon="24.670117"><ele>46.6</ele></rtept><rtept lat="60.235807" lon="24.670092"><ele>46.8</ele></rtept><rtept lat="60.235832" lon="24.670067"><ele>47.0</ele></rtept><rtept lat="60.235872" lon="24.670055"><ele>47.0</ele></rtept><rtept lat="60.23592" lon="24.670057"><ele>47.2</ele></rtept><rtept lat="60.23597" lon="24.670077"><ele>47.2</ele></rtept><rtept lat="60.236015" lon="24.670052"><ele>47.2</ele></rtept><rtept lat="60.236062" lon="24.669997"><ele>47.2</ele></rtept><rtept lat="60.236115" lon="24.669965"><ele>46.8</ele></rtept><rtept lat="60.236162" lon="24.669912"><ele>46.6</ele></rtept><rtept lat="60.236212" lon="24.669878"><ele>46.0</ele></rtept><rtept lat="60.23625" lon="24.669892"><ele>45.4</ele></rtept><rtept lat="60.236262" lon="24.669932"><ele>44.8</ele></rtept><rtept lat="60.236267" lon="24.669972"><ele>44.2</ele></rtept><rtept lat="60.23627" lon="24.670012"><ele>44.2</ele></rtept><rtept lat="60.23628" lon="24.67005"><ele>44.4</ele></rtept><rtept lat="60.236287" lon="24.670092"><ele>44.4</ele></rtept><rtept lat="60.23629" lon="24.670132"><ele>44.6</ele></rtept><rtept lat="60.236292" lon="24.670197"><ele>45.0</ele></rtept><rtept lat="60.23631" lon="24.670247"><ele>45.4</ele></rtept><rtept lat="60.23633" lon="24.670247"><ele>45.6</ele></rtept><rtept lat="60.236352" lon="24.67024"><ele>45.8</ele></rtept><rtept lat="60.236372" lon="24.670232"><ele>46.0</ele></rtept><rtept lat="60.236397" lon="24.670215"><ele>46.4</ele></rtept><rtept lat="60.236422" lon="24.670175"><ele>46.8</ele></rtept><rtept lat="60.236447" lon="24.670132"><ele>47.0</ele></rtept><rtept lat="60.23648" lon="24.670082"><ele>47.0</ele></rtept><rtept lat="60.236507" lon="24.670025"><ele>47.2</ele></rtept><rtept lat="60.236515" lon="24.669987"><ele>47.2</ele></rtept><rtept lat="60.236512" lon="24.669917"><ele>47.0</ele></rtept><rtept lat="60.236515" lon="24.669872"><ele>47.0</ele></rtept><rtept lat="60.236537" lon="24.66982"><ele>47.2</ele></rtept><rtept lat="60.236552" lon="24.669802"><ele>47.2</ele></rtept><rtept lat="60.236572" lon="24.66978"><ele>47.4</ele></rtept><rtept lat="60.23659" lon="24.669762"><ele>47.4</ele></rtept><rtept lat="60.236612" lon="24.66975"><ele>47.4</ele></rtept><rtept lat="60.236632" lon="24.669742"><ele>47.6</ele></rtept><rtept lat="60.236652" lon="24.669732"><ele>47.6</ele></rtept><rtept lat="60.236692" lon="24.669715"><ele>47.8</ele></rtept><rtept lat="60.236732" lon="24.669705"><ele>48.0</ele></rtept><rtept lat="60.236775" lon="24.669705"><ele>48.2</ele></rtept><rtept lat="60.236815" lon="24.669717"><ele>48.0</ele></rtept><rtept lat="60.236857" lon="24.66972"><ele>48.0</ele></rtept><rtept lat="60.236912" lon="24.669712"><ele>47.6</ele></rtept><rtept lat="60.236962" lon="24.669685"><ele>47.0</ele></rtept><rtept lat="60.237015" lon="24.669677"><ele>46.4</ele></rtept><rtept lat="60.237052" lon="24.669712"><ele>45.4</ele></rtept><rtept lat="60.237062" lon="24.669755"><ele>44.6</ele></rtept><rtept lat="60.237082" lon="24.6698"><ele>43.8</ele></rtept><rtept lat="60.237092" lon="24.669855"><ele>43.6</ele></rtept><rtept lat="60.237085" lon="24.669925"><ele>43.4</ele></rtept><rtept lat="60.237085" lon="24.669982"><ele>43.4</ele></rtept><rtept lat="60.237102" lon="24.67002"><ele>43.4</ele></rtept><rtept lat="60.237117" lon="24.670057"><ele>43.6</ele></rtept><rtept lat="60.237137" lon="24.670097"><ele>43.8</ele></rtept><rtept lat="60.237157" lon="24.670137"><ele>43.8</ele></rtept><rtept lat="60.237187" lon="24.670157"><ele>44.0</ele></rtept><rtept lat="60.237212" lon="24.670135"><ele>44.0</ele></rtept><rtept lat="60.237245" lon="24.670105"><ele>44.0</ele></rtept><rtept lat="60.237277" lon="24.670075"><ele>44.0</ele></rtept><rtept lat="60.237312" lon="24.670052"><ele>44.0</ele></rtept><rtept lat="60.237347" lon="24.67002"><ele>44.0</ele></rtept><rtept lat="60.23738" lon="24.669972"><ele>43.8</ele></rtept><rtept lat="60.237415" lon="24.669912"><ele>43.6</ele></rtept><rtept lat="60.237447" lon="24.66986"><ele>43.6</ele></rtept><rtept lat="60.237482" lon="24.669807"><ele>43.4</ele></rtept><rtept lat="60.237517" lon="24.669732"><ele>43.2</ele></rtept><rtept lat="60.23755" lon="24.66967"><ele>43.0</ele></rtept><rtept lat="60.237577" lon="24.669607"><ele>42.8</ele></rtept><rtept lat="60.237608" lon="24.669562"><ele>42.8</ele></rtept><rtept lat="60.23764" lon="24.669502"><ele>42.6</ele></rtept><rtept lat="60.237677" lon="24.669452"><ele>42.4</ele></rtept><rtept lat="60.23771" lon="24.669432"><ele>42.4</ele></rtept><rtept lat="60.237747" lon="24.669392"><ele>42.2</ele></rtept><rtept lat="60.237787" lon="24.669352"><ele>42.2</ele></rtept><rtept lat="60.237827" lon="24.669297"><ele>42.0</ele></rtept><rtept lat="60.237862" lon="24.669232"><ele>41.8</ele></rtept><rtept lat="60.237902" lon="24.669177"><ele>41.4</ele></rtept><rtept lat="60.237942" lon="24.669137"><ele>41.2</ele></rtept><rtept lat="60.237977" lon="24.669097"><ele>40.8</ele></rtept><rtept lat="60.238012" lon="24.669052"><ele>40.6</ele></rtept><rtept lat="60.238045" lon="24.669015"><ele>40.6</ele></rtept><rtept lat="60.238085" lon="24.668982"><ele>40.6</ele></rtept><rtept lat="60.23812" lon="24.668947"><ele>40.4</ele></rtept><rtept lat="60.238152" lon="24.668907"><ele>40.4</ele></rtept><rtept lat="60.238182" lon="24.668857"><ele>40.4</ele></rtept><rtept lat="60.238207" lon="24.668807"><ele>40.4</ele></rtept><rtept lat="60.238217" lon="24.668752"><ele>40.4</ele></rtept><rtept lat="60.238207" lon="24.6687"><ele>40.4</ele></rtept><rtept lat="60.238192" lon="24.668642"><ele>40.6</ele></rtept><rtept lat="60.238167" lon="24.668587"><ele>40.6</ele></rtept><rtept lat="60.238147" lon="24.66854"><ele>40.6</ele></rtept><rtept lat="60.238125" lon="24.668502"><ele>40.8</ele></rtept><rtept lat="60.238107" lon="24.668462"><ele>40.8</ele></rtept><rtept lat="60.238087" lon="24.66843"><ele>40.8</ele></rtept><rtept lat="60.238067" lon="24.6684"><ele>41.0</ele></rtept><rtept lat="60.238037" lon="24.668367"><ele>41.4</ele></rtept><rtept lat="60.238007" lon="24.668322"><ele>41.8</ele></rtept><rtept lat="60.237985" lon="24.668253"><ele>42.2</ele></rtept><rtept lat="60.237982" lon="24.668172"><ele>42.4</ele></rtept><rtept lat="60.237982" lon="24.668098"><ele>42.6</ele></rtept><rtept lat="60.237977" lon="24.668027"><ele>42.6</ele></rtept><rtept lat="60.237965" lon="24.667947"><ele>42.6</ele></rtept><rtept lat="60.237952" lon="24.667857"><ele>42.8</ele></rtept><rtept lat="60.23796" lon="24.667762"><ele>43.0</ele></rtept><rtept lat="60.237982" lon="24.667682"><ele>43.0</ele></rtept><rtept lat="60.238012" lon="24.667627"><ele>43.0</ele></rtept><rtept lat="60.238047" lon="24.667572"><ele>43.0</ele></rtept><rtept lat="60.238072" lon="24.667502"><ele>42.8</ele></rtept><rtept lat="60.238082" lon="24.667422"><ele>42.8</ele></rtept><rtept lat="60.238087" lon="24.667342"><ele>43.0</ele></rtept><rtept lat="60.2381" lon="24.667262"><ele>43.0</ele></rtept><rtept lat="60.238125" lon="24.667192"><ele>42.8</ele></rtept><rtept lat="60.238147" lon="24.667117"><ele>42.8</ele></rtept><rtept lat="60.23817" lon="24.667037"><ele>42.8</ele></rtept><rtept lat="60.23819" lon="24.666952"><ele>42.8</ele></rtept><rtept lat="60.238212" lon="24.666865"><ele>43.0</ele></rtept><rtept lat="60.23822" lon="24.666765"><ele>43.2</ele></rtept><rtept lat="60.238217" lon="24.666672"><ele>43.2</ele></rtept><rtept lat="60.238187" lon="24.666602"><ele>43.2</ele></rtept><rtept lat="60.23815" lon="24.666587"><ele>43.0</ele></rtept><rtept lat="60.238117" lon="24.66659"><ele>42.8</ele></rtept><rtept lat="60.238082" lon="24.666592"><ele>42.4</ele></rtept><rtept lat="60.238047" lon="24.666607"><ele>42.0</ele></rtept><rtept lat="60.238015" lon="24.666635"><ele>42.0</ele></rtept><rtept lat="60.237987" lon="24.666662"><ele>42.2</ele></rtept><rtept lat="60.237957" lon="24.66669"><ele>42.2</ele></rtept><rtept lat="60.237932" lon="24.666715"><ele>42.4</ele></rtept><rtept lat="60.237903" lon="24.666742"><ele>42.4</ele></rtept><rtept lat="60.237877" lon="24.666757"><ele>42.8</ele></rtept><rtept lat="60.237852" lon="24.666765"><ele>42.8</ele></rtept><rtept lat="60.237827" lon="24.666772"><ele>43.2</ele></rtept><rtept lat="60.237805" lon="24.666767"><ele>43.6</ele></rtept><rtept lat="60.237782" lon="24.666762"><ele>44.2</ele></rtept><rtept lat="60.237757" lon="24.666752"><ele>44.6</ele></rtept><rtept lat="60.237732" lon="24.666745"><ele>45.0</ele></rtept><rtept lat="60.237705" lon="24.666737"><ele>45.2</ele></rtept><rtept lat="60.237682" lon="24.666733"><ele>45.6</ele></rtept><rtept lat="60.23766" lon="24.666732"><ele>46.0</ele></rtept><rtept lat="60.23764" lon="24.666727"><ele>46.4</ele></rtept><rtept lat="60.237622" lon="24.666725"><ele>46.6</ele></rtept><rtept lat="60.237602" lon="24.666725"><ele>47.0</ele></rtept><rtept lat="60.237582" lon="24.666722"><ele>47.4</ele></rtept><rtept lat="60.23756" lon="24.666715"><ele>47.6</ele></rtept><rtept lat="60.23754" lon="24.666707"><ele>48.0</ele></rtept><rtept lat="60.237517" lon="24.666695"><ele>48.2</ele></rtept><rtept lat="60.237497" lon="24.666677"><ele>48.4</ele></rtept><rtept lat="60.237482" lon="24.666652"><ele>48.8</ele></rtept><rtept lat="60.237465" lon="24.666637"><ele>49.2</ele></rtept><rtept lat="60.237445" lon="24.666632"><ele>49.6</ele></rtept><rtept lat="60.237425" lon="24.666637"><ele>50.2</ele></rtept><rtept lat="60.237402" lon="24.666637"><ele>50.8</ele></rtept><rtept lat="60.237387" lon="24.666612"><ele>51.2</ele></rtept><rtept lat="60.237382" lon="24.666577"><ele>51.6</ele></rtept><rtept lat="60.237382" lon="24.666527"><ele>51.8</ele></rtept><rtept lat="60.237377" lon="24.66647"><ele>51.8</ele></rtept><rtept lat="60.23736" lon="24.666427"><ele>51.8</ele></rtept><rtept lat="60.237337" lon="24.666375"><ele>51.6</ele></rtept><rtept lat="60.237337" lon="24.666317"><ele>51.4</ele></rtept><rtept lat="60.237352" lon="24.666267"><ele>50.8</ele></rtept><rtept lat="60.237372" lon="24.666227"><ele>50.4</ele></rtept><rtept lat="60.237402" lon="24.666182"><ele>49.8</ele></rtept><rtept lat="60.237432" lon="24.666132"><ele>49.6</ele></rtept><rtept lat="60.237462" lon="24.66609"><ele>49.2</ele></rtept><rtept lat="60.23749" lon="24.666042"><ele>48.8</ele></rtept><rtept lat="60.237482" lon="24.665982"><ele>48.2</ele></rtept><rtept lat="60.237447" lon="24.665917"><ele>48.0</ele></rtept><rtept lat="60.23741" lon="24.66584"><ele>47.6</ele></rtept><rtept lat="60.237372" lon="24.665757"><ele>47.2</ele></rtept><rtept lat="60.237345" lon="24.665657"><ele>46.8</ele></rtept><rtept lat="60.237332" lon="24.665565"><ele>46.4</ele></rtept><rtept lat="60.237352" lon="24.665495"><ele>45.8</ele></rtept><rtept lat="60.237377" lon="24.665485"><ele>45.2</ele></rtept><rtept lat="60.237407" lon="24.665527"><ele>44.6</ele></rtept><rtept lat="60.237437" lon="24.66557"><ele>44.0</ele></rtept><rtept lat="60.237472" lon="24.665597"><ele>43.8</ele></rtept><rtept lat="60.237512" lon="24.665617"><ele>43.6</ele></rtept><rtept lat="60.23756" lon="24.66564"><ele>43.4</ele></rtept><rtept lat="60.237607" lon="24.665682"><ele>43.0</ele></rtept><rtept lat="60.237652" lon="24.665747"><ele>42.6</ele></rtept><rtept lat="60.237695" lon="24.665822"><ele>42.0</ele></rtept><rtept lat="60.237737" lon="24.665882"><ele>41.6</ele></rtept><rtept lat="60.237785" lon="24.665932"><ele>41.2</ele></rtept><rtept lat="60.23783" lon="24.665967"><ele>40.8</ele></rtept><rtept lat="60.237872" lon="24.665987"><ele>40.4</ele></rtept><rtept lat="60.23789" lon="24.665967"><ele>40.2</ele></rtept><rtept lat="60.237897" lon="24.665907"><ele>40.0</ele></rtept><rtept lat="60.237897" lon="24.665832"><ele>40.0</ele></rtept><rtept lat="60.237872" lon="24.66576"><ele>40.0</ele></rtept><rtept lat="60.237855" lon="24.665682"><ele>39.8</ele></rtept><rtept lat="60.237842" lon="24.665595"><ele>39.6</ele></rtept><rtept lat="60.237855" lon="24.665523"><ele>39.0</ele></rtept><rtept lat="60.23789" lon="24.665488"><ele>38.6</ele></rtept><rtept lat="60.23793" lon="24.665512"><ele>38.2</ele></rtept><rtept lat="60.237972" lon="24.665502"><ele>37.6</ele></rtept><rtept lat="60.237982" lon="24.665437"><ele>37.2</ele></rtept><rtept lat="60.237982" lon="24.665367"><ele>36.6</ele></rtept><rtept lat="60.238007" lon="24.665332"><ele>35.8</ele></rtept><rtept lat="60.238032" lon="24.665377"><ele>34.8</ele></rtept><rtept lat="60.238057" lon="24.665342"><ele>33.2</ele></rtept><rtept lat="60.238042" lon="24.665297"><ele>33.0</ele></rtept><rtept lat="60.238027" lon="24.66526"><ele>32.6</ele></rtept><rtept lat="60.238012" lon="24.66524"><ele>32.2</ele></rtept><rtept lat="60.237982" lon="24.665227"><ele>31.4</ele></rtept><rtept lat="60.237952" lon="24.665272"><ele>31.2</ele></rtept><rtept lat="60.237937" lon="24.665295"><ele>31.2</ele></rtept><rtept lat="60.237922" lon="24.665317"><ele>31.2</ele></rtept><rtept lat="60.237907" lon="24.665337"><ele>31.4</ele></rtept><rtept lat="60.237882" lon="24.665372"><ele>31.6</ele></rtept><rtept lat="60.23786" lon="24.665412"><ele>32.2</ele></rtept><rtept lat="60.237842" lon="24.665442"><ele>33.0</ele></rtept><rtept lat="60.237822" lon="24.665475"><ele>33.6</ele></rtept><rtept lat="60.237802" lon="24.665502"><ele>34.2</ele></rtept><rtept lat="60.23778" lon="24.665527"><ele>35.0</ele></rtept><rtept lat="60.237747" lon="24.66555"><ele>35.4</ele></rtept><rtept lat="60.237717" lon="24.665558"><ele>36.2</ele></rtept><rtept lat="60.237685" lon="24.665552"><ele>37.0</ele></rtept><rtept lat="60.237667" lon="24.665545"><ele>37.2</ele></rtept><rtept lat="60.237632" lon="24.665523"><ele>38.0</ele></rtept><rtept lat="60.237597" lon="24.66551"><ele>38.6</ele></rtept><rtept lat="60.237562" lon="24.665497"><ele>39.2</ele></rtept><rtept lat="60.237527" lon="24.665482"><ele>39.8</ele></rtept><rtept lat="60.23751" lon="24.665477"><ele>40.0</ele></rtept><rtept lat="60.237492" lon="24.66547"><ele>40.2</ele></rtept><rtept lat="60.237457" lon="24.665467"><ele>40.8</ele></rtept><rtept lat="60.237422" lon="24.66546"><ele>41.0</ele></rtept><rtept lat="60.237385" lon="24.665455"><ele>41.6</ele></rtept><rtept lat="60.237367" lon="24.665447"><ele>41.8</ele></rtept><rtept lat="60.237347" lon="24.665445"><ele>42.0</ele></rtept><rtept lat="60.237327" lon="24.665442"><ele>42.2</ele></rtept><rtept lat="60.237307" lon="24.665437"><ele>42.4</ele></rtept><rtept lat="60.23729" lon="24.665427"><ele>42.6</ele></rtept><rtept lat="60.237272" lon="24.665412"><ele>42.8</ele></rtept><rtept lat="60.237255" lon="24.665395"><ele>43.0</ele></rtept><rtept lat="60.237237" lon="24.665377"><ele>43.2</ele></rtept><rtept lat="60.23722" lon="24.665362"><ele>43.4</ele></rtept><rtept lat="60.237202" lon="24.665342"><ele>43.4</ele></rtept><rtept lat="60.237172" lon="24.665317"><ele>43.6</ele></rtept><rtept lat="60.23714" lon="24.665305"><ele>44.0</ele></rtept><rtept lat="60.23712" lon="24.665305"><ele>44.2</ele></rtept><rtept lat="60.237097" lon="24.665287"><ele>44.6</ele></rtept><rtept lat="60.237077" lon="24.665272"><ele>45.0</ele></rtept><rtept lat="60.237052" lon="24.665247"><ele>45.2</ele></rtept><rtept lat="60.237022" lon="24.665222"><ele>45.2</ele></rtept><rtept lat="60.236977" lon="24.665207"><ele>45.4</ele></rtept><rtept lat="60.236925" lon="24.665215"><ele>45.4</ele></rtept><rtept lat="60.236867" lon="24.66524"><ele>45.2</ele></rtept><rtept lat="60.236807" lon="24.665247"><ele>45.0</ele></rtept><rtept lat="60.236737" lon="24.665237"><ele>44.6</ele></rtept><rtept lat="60.236662" lon="24.665227"><ele>44.2</ele></rtept><rtept lat="60.236587" lon="24.665205"><ele>43.8</ele></rtept><rtept lat="60.236507" lon="24.665182"><ele>43.2</ele></rtept><rtept lat="60.236427" lon="24.665172"><ele>42.6</ele></rtept><rtept lat="60.236357" lon="24.665172"><ele>42.2</ele></rtept><rtept lat="60.236287" lon="24.665222"><ele>41.4</ele></rtept><rtept lat="60.236222" lon="24.665297"><ele>40.6</ele></rtept><rtept lat="60.236167" lon="24.66539"><ele>40.0</ele></rtept><rtept lat="60.236112" lon="24.665487"><ele>39.2</ele></rtept><rtept lat="60.23606" lon="24.66558"><ele>38.2</ele></rtept><rtept lat="60.23602" lon="24.665672"><ele>37.6</ele></rtept><rtept lat="60.236" lon="24.665792"><ele>37.0</ele></rtept><rtept lat="60.236005" lon="24.66592"><ele>36.6</ele></rtept><rtept lat="60.235997" lon="24.666037"><ele>36.0</ele></rtept><rtept lat="60.235967" lon="24.666128"><ele>35.6</ele></rtept><rtept lat="60.235942" lon="24.666217"><ele>35.0</ele></rtept><rtept lat="60.235927" lon="24.666312"><ele>34.8</ele></rtept><rtept lat="60.23593" lon="24.666375"><ele>34.6</ele></rtept><rtept lat="60.235942" lon="24.666412"><ele>34.4</ele></rtept><rtept lat="60.23596" lon="24.666442"><ele>34.2</ele></rtept><rtept lat="60.235982" lon="24.666477"><ele>34.4</ele></rtept><rtept lat="60.235997" lon="24.666522"><ele>34.6</ele></rtept><rtept lat="60.236012" lon="24.666567"><ele>34.6</ele></rtept><rtept lat="60.236022" lon="24.666615"><ele>35.0</ele></rtept><rtept lat="60.236032" lon="24.66665"><ele>35.2</ele></rtept><rtept lat="60.236045" lon="24.666682"><ele>35.6</ele></rtept><rtept lat="60.23606" lon="24.666707"><ele>36.0</ele></rtept><rtept lat="60.236077" lon="24.66673"><ele>36.4</ele></rtept><rtept lat="60.236097" lon="24.666757"><ele>36.6</ele></rtept><rtept lat="60.236112" lon="24.666797"><ele>37.0</ele></rtept><rtept lat="60.236125" lon="24.666842"><ele>37.2</ele></rtept><rtept lat="60.23613" lon="24.666892"><ele>37.6</ele></rtept><rtept lat="60.236127" lon="24.66694"><ele>37.8</ele></rtept><rtept lat="60.236125" lon="24.66698"><ele>38.0</ele></rtept><rtept lat="60.236117" lon="24.667022"><ele>38.2</ele></rtept><rtept lat="60.236112" lon="24.667067"><ele>38.4</ele></rtept><rtept lat="60.236107" lon="24.667107"><ele>38.6</ele></rtept><rtept lat="60.23611" lon="24.667147"><ele>38.8</ele></rtept><rtept lat="60.236112" lon="24.667182"><ele>39.0</ele></rtept><rtept lat="60.236142" lon="24.667227"><ele>39.6</ele></rtept><rtept lat="60.236172" lon="24.667235"><ele>39.8</ele></rtept><rtept lat="60.23621" lon="24.667255"><ele>40.2</ele></rtept><rtept lat="60.23624" lon="24.667302"><ele>40.6</ele></rtept><rtept lat="60.236262" lon="24.667357"><ele>40.8</ele></rtept><rtept lat="60.236287" lon="24.667405"><ele>41.2</ele></rtept><rtept lat="60.23631" lon="24.667452"><ele>41.6</ele></rtept><rtept lat="60.236332" lon="24.667497"><ele>42.0</ele></rtept><rtept lat="60.236362" lon="24.667537"><ele>42.2</ele></rtept><rtept lat="60.236395" lon="24.667567"><ele>42.2</ele></rtept><rtept lat="60.236427" lon="24.667597"><ele>42.2</ele></rtept><rtept lat="60.236462" lon="24.667625"><ele>42.2</ele></rtept><rtept lat="60.236492" lon="24.667652"><ele>42.0</ele></rtept><rtept lat="60.236522" lon="24.667675"><ele>42.0</ele></rtept><rtept lat="60.236552" lon="24.667677"><ele>41.8</ele></rtept><rtept lat="60.236587" lon="24.667652"><ele>41.8</ele></rtept><rtept lat="60.23661" lon="24.66761"><ele>41.8</ele></rtept><rtept lat="60.236617" lon="24.667552"><ele>41.6</ele></rtept><rtept lat="60.23661" lon="24.667517"><ele>41.4</ele></rtept><rtept lat="60.23659" lon="24.667507"><ele>41.4</ele></rtept><rtept lat="60.236555" lon="24.667497"><ele>41.4</ele></rtept><rtept lat="60.236522" lon="24.667457"><ele>41.6</ele></rtept><rtept lat="60.236497" lon="24.6674"><ele>41.8</ele></rtept><rtept lat="60.236485" lon="24.667332"><ele>42.0</ele></rtept><rtept lat="60.236477" lon="24.667267"><ele>42.0</ele></rtept><rtept lat="60.23646" lon="24.667232"><ele>42.2</ele></rtept><rtept lat="60.236437" lon="24.66722"><ele>42.2</ele></rtept><rtept lat="60.236402" lon="24.667207"><ele>42.2</ele></rtept><rtept lat="60.236375" lon="24.667157"><ele>42.4</ele></rtept><rtept lat="60.236365" lon="24.667092"><ele>42.6</ele></rtept><rtept lat="60.236352" lon="24.667035"><ele>42.6</ele></rtept><rtept lat="60.236327" lon="24.666987"><ele>42.6</ele></rtept><rtept lat="60.236292" lon="24.66694"><ele>42.4</ele></rtept><rtept lat="60.236252" lon="24.666875"><ele>42.4</ele></rtept><rtept lat="60.236222" lon="24.666787"><ele>42.2</ele></rtept><rtept lat="60.236185" lon="24.666717"><ele>42.2</ele></rtept><rtept lat="60.23614" lon="24.66665"><ele>42.0</ele></rtept><rtept lat="60.236122" lon="24.666542"><ele>41.8</ele></rtept><rtept lat="60.23611" lon="24.666457"><ele>41.6</ele></rtept><rtept lat="60.236072" lon="24.66637"><ele>41.2</ele></rtept><rtept lat="60.236057" lon="24.66624"><ele>41.0</ele></rtept><rtept lat="60.236052" lon="24.666112"><ele>40.6</ele></rtept><rtept lat="60.236047" lon="24.665997"><ele>40.2</ele></rtept><rtept lat="60.23608" lon="24.665922"><ele>39.6</ele></rtept><rtept lat="60.236112" lon="24.665875"><ele>38.8</ele></rtept><rtept lat="60.23614" lon="24.665827"><ele>37.8</ele></rtept><rtept lat="60.236167" lon="24.665775"><ele>37.4</ele></rtept><rtept lat="60.236197" lon="24.66572"><ele>37.0</ele></rtept><rtept lat="60.236232" lon="24.665672"><ele>36.8</ele></rtept><rtept lat="60.236262" lon="24.665642"><ele>36.6</ele></rtept><rtept lat="60.236292" lon="24.66561"><ele>36.4</ele></rtept><rtept lat="60.236322" lon="24.665585"><ele>36.4</ele></rtept><rtept lat="60.236345" lon="24.665558"><ele>36.8</ele></rtept><rtept lat="60.236367" lon="24.665542"><ele>37.0</ele></rtept><rtept lat="60.23639" lon="24.665532"><ele>37.4</ele></rtept><rtept lat="60.236412" lon="24.665517"><ele>37.6</ele></rtept><rtept lat="60.236435" lon="24.665505"><ele>38.0</ele></rtept><rtept lat="60.236455" lon="24.665485"><ele>38.4</ele></rtept><rtept lat="60.236477" lon="24.665457"><ele>38.6</ele></rtept><rtept lat="60.236497" lon="24.665427"><ele>38.8</ele></rtept><rtept lat="60.236522" lon="24.665407"><ele>39.0</ele></rtept><rtept lat="60.236545" lon="24.665392"><ele>39.2</ele></rtept><rtept lat="60.23657" lon="24.66539"><ele>39.2</ele></rtept><rtept lat="60.236592" lon="24.66539"><ele>39.4</ele></rtept><rtept lat="60.236612" lon="24.665385"><ele>39.6</ele></rtept><rtept lat="60.236647" lon="24.665337"><ele>39.8</ele></rtept><rtept lat="60.236667" lon="24.665312"><ele>40.0</ele></rtept><rtept lat="60.236692" lon="24.665305"><ele>40.2</ele></rtept><rtept lat="60.236715" lon="24.66531"><ele>40.2</ele></rtept><rtept lat="60.236732" lon="24.665327"><ele>40.4</ele></rtept><rtept lat="60.236747" lon="24.665352"><ele>40.6</ele></rtept><rtept lat="60.236772" lon="24.665392"><ele>41.2</ele></rtept><rtept lat="60.236787" lon="24.665412"><ele>41.4</ele></rtept><rtept lat="60.236802" lon="24.665437"><ele>41.8</ele></rtept><rtept lat="60.236822" lon="24.665492"><ele>42.4</ele></rtept><rtept lat="60.23684" lon="24.665537"><ele>43.0</ele></rtept><rtept lat="60.236857" lon="24.6656"><ele>43.6</ele></rtept><rtept lat="60.236877" lon="24.665657"><ele>44.6</ele></rtept><rtept lat="60.236902" lon="24.665692"><ele>45.4</ele></rtept><rtept lat="60.236922" lon="24.665697"><ele>45.6</ele></rtept><rtept lat="60.236945" lon="24.665702"><ele>46.0</ele></rtept><rtept lat="60.236965" lon="24.66571"><ele>46.4</ele></rtept><rtept lat="60.236985" lon="24.66572"><ele>46.6</ele></rtept><rtept lat="60.237005" lon="24.665727"><ele>46.8</ele></rtept><rtept lat="60.237022" lon="24.665737"><ele>47.0</ele></rtept><rtept lat="60.237042" lon="24.665737"><ele>47.2</ele></rtept><rtept lat="60.23706" lon="24.66573"><ele>47.2</ele></rtept><rtept lat="60.237082" lon="24.665712"><ele>47.4</ele></rtept><rtept lat="60.237112" lon="24.665695"><ele>47.4</ele></rtept><rtept lat="60.237147" lon="24.665712"><ele>47.4</ele></rtept><rtept lat="60.237172" lon="24.665752"><ele>47.6</ele></rtept><rtept lat="60.237187" lon="24.665787"><ele>47.4</ele></rtept><rtept lat="60.237197" lon="24.665822"><ele>47.4</ele></rtept><rtept lat="60.237202" lon="24.665862"><ele>47.4</ele></rtept><rtept lat="60.237207" lon="24.665902"><ele>47.2</ele></rtept><rtept lat="60.237217" lon="24.665942"><ele>47.2</ele></rtept><rtept lat="60.237227" lon="24.665975"><ele>47.4</ele></rtept><rtept lat="60.23724" lon="24.66601"><ele>47.4</ele></rtept><rtept lat="60.237252" lon="24.666042"><ele>47.6</ele></rtept><rtept lat="60.237262" lon="24.666082"><ele>47.8</ele></rtept><rtept lat="60.237267" lon="24.666127"><ele>48.0</ele></rtept><rtept lat="60.237262" lon="24.666167"><ele>48.0</ele></rtept><rtept lat="60.237252" lon="24.666235"><ele>48.4</ele></rtept><rtept lat="60.23726" lon="24.666307"><ele>48.8</ele></rtept><rtept lat="60.237277" lon="24.666367"><ele>49.2</ele></rtept><rtept lat="60.237292" lon="24.666387"><ele>49.4</ele></rtept><rtept lat="60.23731" lon="24.666387"><ele>49.6</ele></rtept><rtept lat="60.23733" lon="24.66638"><ele>50.0</ele></rtept><rtept lat="60.237362" lon="24.6664"><ele>50.4</ele></rtept><rtept lat="60.237385" lon="24.666445"><ele>50.6</ele></rtept><rtept lat="60.237395" lon="24.666485"><ele>50.8</ele></rtept><rtept lat="60.237395" lon="24.666527"><ele>51.0</ele></rtept><rtept lat="60.237395" lon="24.666597"><ele>51.2</ele></rtept><rtept lat="60.237382" lon="24.666667"><ele>51.6</ele></rtept><rtept lat="60.237367" lon="24.666698"><ele>51.6</ele></rtept><rtept lat="60.237355" lon="24.666727"><ele>51.8</ele></rtept><rtept lat="60.237342" lon="24.666757"><ele>52.0</ele></rtept><rtept lat="60.237325" lon="24.666807"><ele>52.4</ele></rtept><rtept lat="60.237305" lon="24.66683"><ele>52.8</ele></rtept><rtept lat="60.237285" lon="24.666832"><ele>53.2</ele></rtept><rtept lat="60.237262" lon="24.666825"><ele>53.4</ele></rtept><rtept lat="60.237242" lon="24.666802"><ele>53.8</ele></rtept><rtept lat="60.237222" lon="24.666787"><ele>54.0</ele></rtept><rtept lat="60.237202" lon="24.66677"><ele>54.0</ele></rtept><rtept lat="60.237185" lon="24.666752"><ele>54.2</ele></rtept><rtept lat="60.237162" lon="24.666732"><ele>54.2</ele></rtept><rtept lat="60.237143" lon="24.666712"><ele>54.4</ele></rtept><rtept lat="60.237125" lon="24.666685"><ele>54.6</ele></rtept><rtept lat="60.237102" lon="24.666647"><ele>54.8</ele></rtept><rtept lat="60.237072" lon="24.6666"><ele>55.0</ele></rtept><rtept lat="60.237037" lon="24.666545"><ele>55.2</ele></rtept><rtept lat="60.236997" lon="24.666472"><ele>55.2</ele></rtept><rtept lat="60.236955" lon="24.666387"><ele>55.4</ele></rtept><rtept lat="60.236927" lon="24.666305"><ele>55.2</ele></rtept><rtept lat="60.236932" lon="24.666222"><ele>55.0</ele></rtept><rtept lat="60.236915" lon="24.666157"><ele>54.4</ele></rtept><rtept lat="60.23689" lon="24.666117"><ele>53.8</ele></rtept><rtept lat="60.236877" lon="24.666087"><ele>53.4</ele></rtept><rtept lat="60.236865" lon="24.666062"><ele>53.0</ele></rtept><rtept lat="60.236847" lon="24.666025"><ele>52.6</ele></rtept><rtept lat="60.236827" lon="24.666007"><ele>52.8</ele></rtept><rtept lat="60.236795" lon="24.66605"><ele>52.6</ele></rtept><rtept lat="60.236777" lon="24.666087"><ele>52.6</ele></rtept><rtept lat="60.236762" lon="24.666132"><ele>52.6</ele></rtept><rtept lat="60.23674" lon="24.666152"><ele>52.8</ele></rtept><rtept lat="60.236722" lon="24.666167"><ele>52.8</ele></rtept><rtept lat="60.236705" lon="24.6662"><ele>52.8</ele></rtept><rtept lat="60.23669" lon="24.666242"><ele>53.0</ele></rtept><rtept lat="60.236687" lon="24.666283"><ele>53.0</ele></rtept><rtept lat="60.236717" lon="24.666312"><ele>53.0</ele></rtept><rtept lat="60.236742" lon="24.666307"><ele>53.0</ele></rtept><rtept lat="60.236777" lon="24.666322"><ele>53.0</ele></rtept><rtept lat="60.23681" lon="24.666355"><ele>53.0</ele></rtept><rtept lat="60.236837" lon="24.66639"><ele>53.0</ele></rtept><rtept lat="60.236865" lon="24.666407"><ele>53.2</ele></rtept><rtept lat="60.23689" lon="24.666432"><ele>53.2</ele></rtept><rtept lat="60.236917" lon="24.66647"><ele>53.2</ele></rtept><rtept lat="60.23694" lon="24.66652"><ele>53.2</ele></rtept><rtept lat="60.236957" lon="24.666575"><ele>53.2</ele></rtept><rtept lat="60.236972" lon="24.66663"><ele>53.2</ele></rtept><rtept lat="60.236982" lon="24.666685"><ele>53.0</ele></rtept><rtept lat="60.23699" lon="24.666732"><ele>53.2</ele></rtept><rtept lat="60.236997" lon="24.666782"><ele>53.4</ele></rtept><rtept lat="60.23701" lon="24.666827"><ele>53.8</ele></rtept><rtept lat="60.237022" lon="24.666877"><ele>54.0</ele></rtept><rtept lat="60.237045" lon="24.66691"><ele>54.2</ele></rtept><rtept lat="60.237072" lon="24.666922"><ele>54.4</ele></rtept><rtept lat="60.237102" lon="24.666923"><ele>54.4</ele></rtept><rtept lat="60.237135" lon="24.666932"><ele>54.6</ele></rtept><rtept lat="60.23717" lon="24.666965"><ele>54.6</ele></rtept><rtept lat="60.237202" lon="24.667002"><ele>54.6</ele></rtept><rtept lat="60.23724" lon="24.667012"><ele>54.6</ele></rtept><rtept lat="60.237277" lon="24.667002"><ele>54.6</ele></rtept><rtept lat="60.237312" lon="24.666992"><ele>54.6</ele></rtept><rtept lat="60.237347" lon="24.666972"><ele>54.6</ele></rtept><rtept lat="60.237385" lon="24.666952"><ele>54.8</ele></rtept><rtept lat="60.237432" lon="24.66693"><ele>54.8</ele></rtept><rtept lat="60.237485" lon="24.666917"><ele>54.8</ele></rtept><rtept lat="60.237535" lon="24.666932"><ele>54.6</ele></rtept><rtept lat="60.237582" lon="24.66697"><ele>54.4</ele></rtept><rtept lat="60.237622" lon="24.667002"><ele>54.2</ele></rtept><rtept lat="60.237665" lon="24.667032"><ele>53.8</ele></rtept><rtept lat="60.237692" lon="24.667087"><ele>53.4</ele></rtept><rtept lat="60.237695" lon="24.667162"><ele>53.2</ele></rtept><rtept lat="60.237705" lon="24.667237"><ele>52.8</ele></rtept><rtept lat="60.23774" lon="24.667262"><ele>52.2</ele></rtept><rtept lat="60.23778" lon="24.667252"><ele>52.0</ele></rtept><rtept lat="60.23782" lon="24.66724"><ele>51.6</ele></rtept><rtept lat="60.237857" lon="24.667202"><ele>51.2</ele></rtept><rtept lat="60.237892" lon="24.667155"><ele>50.4</ele></rtept><rtept lat="60.237937" lon="24.667127"><ele>49.8</ele></rtept><rtept lat="60.237972" lon="24.667145"><ele>49.4</ele></rtept><rtept lat="60.23801" lon="24.667177"><ele>49.2</ele></rtept><rtept lat="60.23805" lon="24.66724"><ele>48.8</ele></rtept><rtept lat="60.238052" lon="24.667317"><ele>48.6</ele></rtept><rtept lat="60.238025" lon="24.667365"><ele>48.6</ele></rtept><rtept lat="60.237997" lon="24.667392"><ele>48.2</ele></rtept><rtept lat="60.237982" lon="24.667417"><ele>47.8</ele></rtept><rtept lat="60.237972" lon="24.66745"><ele>47.4</ele></rtept><rtept lat="60.237967" lon="24.667497"><ele>47.0</ele></rtept><rtept lat="60.237962" lon="24.667552"><ele>47.0</ele></rtept><rtept lat="60.23795" lon="24.667617"><ele>47.0</ele></rtept><rtept lat="60.237932" lon="24.66769"><ele>47.2</ele></rtept><rtept lat="60.237917" lon="24.667772"><ele>47.4</ele></rtept><rtept lat="60.237917" lon="24.667867"><ele>47.4</ele></rtept><rtept lat="60.237927" lon="24.667955"><ele>47.0</ele></rtept><rtept lat="60.237937" lon="24.668037"><ele>46.6</ele></rtept><rtept lat="60.23794" lon="24.668122"><ele>46.4</ele></rtept><rtept lat="60.237947" lon="24.668202"><ele>46.2</ele></rtept><rtept lat="60.23795" lon="24.668292"><ele>46.0</ele></rtept><rtept lat="60.237932" lon="24.668372"><ele>45.8</ele></rtept><rtept lat="60.237897" lon="24.66842"><ele>45.6</ele></rtept><rtept lat="60.237865" lon="24.668477"><ele>45.4</ele></rtept><rtept lat="60.23784" lon="24.668547"><ele>45.4</ele></rtept><rtept lat="60.237822" lon="24.668637"><ele>45.2</ele></rtept><rtept lat="60.237797" lon="24.66871"><ele>45.0</ele></rtept><rtept lat="60.237765" lon="24.668737"><ele>44.8</ele></rtept><rtept lat="60.237732" lon="24.668757"><ele>44.4</ele></rtept><rtept lat="60.2377" lon="24.668777"><ele>44.2</ele></rtept><rtept lat="60.237665" lon="24.668792"><ele>44.0</ele></rtept><rtept lat="60.237627" lon="24.668807"><ele>43.8</ele></rtept><rtept lat="60.237592" lon="24.668832"><ele>43.8</ele></rtept><rtept lat="60.237555" lon="24.66887"><ele>43.8</ele></rtept><rtept lat="60.237515" lon="24.668902"><ele>43.8</ele></rtept><rtept lat="60.237482" lon="24.668893"><ele>43.8</ele></rtept><rtept lat="60.237452" lon="24.668862"><ele>43.8</ele></rtept><rtept lat="60.23742" lon="24.668845"><ele>43.8</ele></rtept><rtept lat="60.237387" lon="24.668865"><ele>43.8</ele></rtept><rtept lat="60.237362" lon="24.668902"><ele>43.8</ele></rtept><rtept lat="60.237332" lon="24.668917"><ele>43.8</ele></rtept><rtept lat="60.237307" lon="24.668892"><ele>43.8</ele></rtept><rtept lat="60.237292" lon="24.668845"><ele>43.8</ele></rtept><rtept lat="60.237272" lon="24.668807"><ele>44.0</ele></rtept><rtept lat="60.237245" lon="24.668782"><ele>44.0</ele></rtept><rtept lat="60.237217" lon="24.668755"><ele>44.2</ele></rtept><rtept lat="60.237195" lon="24.668727"><ele>44.4</ele></rtept><rtept lat="60.237175" lon="24.668707"><ele>44.4</ele></rtept><rtept lat="60.237147" lon="24.668687"><ele>44.6</ele></rtept><rtept lat="60.237117" lon="24.668647"><ele>44.8</ele></rtept><rtept lat="60.237085" lon="24.668617"><ele>45.2</ele></rtept><rtept lat="60.237055" lon="24.668595"><ele>45.4</ele></rtept><rtept lat="60.23702" lon="24.668602"><ele>45.6</ele></rtept><rtept lat="60.236992" lon="24.668645"><ele>45.4</ele></rtept><rtept lat="60.236985" lon="24.668707"><ele>45.4</ele></rtept><rtept lat="60.236975" lon="24.668777"><ele>45.4</ele></rtept><rtept lat="60.236957" lon="24.668842"><ele>45.4</ele></rtept><rtept lat="60.236927" lon="24.668902"><ele>45.4</ele></rtept><rtept lat="60.236902" lon="24.668952"><ele>45.4</ele></rtept><rtept lat="60.236875" lon="24.66898"><ele>45.4</ele></rtept><rtept lat="60.236852" lon="24.668982"><ele>45.4</ele></rtept><rtept lat="60.236832" lon="24.668985"><ele>45.6</ele></rtept><rtept lat="60.236807" lon="24.668987"><ele>45.8</ele></rtept><rtept lat="60.236782" lon="24.668992"><ele>46.0</ele></rtept><rtept lat="60.236757" lon="24.669002"><ele>46.2</ele></rtept><rtept lat="60.236737" lon="24.669027"><ele>46.4</ele></rtept><rtept lat="60.236732" lon="24.669072"><ele>46.6</ele></rtept><rtept lat="60.23674" lon="24.669112"><ele>46.8</ele></rtept><rtept lat="60.236747" lon="24.66917"><ele>47.2</ele></rtept><rtept lat="60.236737" lon="24.66922"><ele>47.2</ele></rtept><rtept lat="60.236717" lon="24.669252"><ele>47.4</ele></rtept><rtept lat="60.2367" lon="24.66928"><ele>47.6</ele></rtept><rtept lat="60.236677" lon="24.669305"><ele>47.6</ele></rtept><rtept lat="60.236652" lon="24.669322"><ele>47.6</ele></rtept><rtept lat="60.23663" lon="24.669345"><ele>47.8</ele></rtept><rtept lat="60.236612" lon="24.66937"><ele>48.0</ele></rtept><rtept lat="60.236597" lon="24.669392"><ele>48.0</ele></rtept><rtept lat="60.23658" lon="24.669425"><ele>48.0</ele></rtept><rtept lat="60.23656" lon="24.669447"><ele>48.2</ele></rtept><rtept lat="60.236538" lon="24.669467"><ele>48.4</ele></rtept><rtept lat="60.236522" lon="24.669487"><ele>48.6</ele></rtept><rtept lat="60.236505" lon="24.669507"><ele>48.8</ele></rtept><rtept lat="60.236482" lon="24.669535"><ele>49.0</ele></rtept><rtept lat="60.236457" lon="24.669557"><ele>49.2</ele></rtept><rtept lat="60.236425" lon="24.669582"><ele>49.4</ele></rtept><rtept lat="60.23639" lon="24.669605"><ele>49.6</ele></rtept><rtept lat="60.236347" lon="24.669642"><ele>49.6</ele></rtept><rtept lat="60.236295" lon="24.669682"><ele>49.8</ele></rtept><rtept lat="60.236235" lon="24.669702"><ele>49.6</ele></rtept><rtept lat="60.236167" lon="24.669702"><ele>49.4</ele></rtept><rtept lat="60.23611" lon="24.669688"><ele>48.8</ele></rtept><rtept lat="60.23607" lon="24.669642"><ele>48.4</ele></rtept><rtept lat="60.236047" lon="24.669577"><ele>48.0</ele></rtept><rtept lat="60.236032" lon="24.669512"><ele>47.4</ele></rtept><rtept lat="60.236017" lon="24.669462"><ele>47.0</ele></rtept><rtept lat="60.236007" lon="24.66941"><ele>46.6</ele></rtept><rtept lat="60.235992" lon="24.66936"><ele>46.6</ele></rtept><rtept lat="60.235977" lon="24.669315"><ele>46.4</ele></rtept><rtept lat="60.235957" lon="24.669272"><ele>46.4</ele></rtept><rtept lat="60.235932" lon="24.669237"><ele>46.4</ele></rtept><rtept lat="60.235907" lon="24.669217"><ele>46.6</ele></rtept><rtept lat="60.235885" lon="24.669215"><ele>46.8</ele></rtept><rtept lat="60.235863" lon="24.669227"><ele>46.8</ele></rtept><rtept lat="60.235842" lon="24.669265"><ele>47.0</ele></rtept><rtept lat="60.235837" lon="24.669322"><ele>47.4</ele></rtept><rtept lat="60.235832" lon="24.669397"><ele>47.6</ele></rtept><rtept lat="60.235822" lon="24.669445"><ele>48.0</ele></rtept><rtept lat="60.23582" lon="24.669502"><ele>48.2</ele></rtept><rtept lat="60.235822" lon="24.669557"><ele>48.6</ele></rtept><rtept lat="60.235827" lon="24.669607"><ele>48.8</ele></rtept><rtept lat="60.235835" lon="24.66966"><ele>49.0</ele></rtept><rtept lat="60.235845" lon="24.669712"><ele>49.0</ele></rtept><rtept lat="60.235855" lon="24.669767"><ele>49.2</ele></rtept><rtept lat="60.235867" lon="24.669837"><ele>49.4</ele></rtept><rtept lat="60.235872" lon="24.669912"><ele>49.6</ele></rtept><rtept lat="60.235862" lon="24.669967"><ele>49.8</ele></rtept><rtept lat="60.235845" lon="24.670002"><ele>49.8</ele></rtept><rtept lat="60.23583" lon="24.670032"><ele>49.8</ele></rtept><rtept lat="60.23582" lon="24.670072"><ele>49.8</ele></rtept><rtept lat="60.235807" lon="24.670117"><ele>49.8</ele></rtept><rtept lat="60.235792" lon="24.67016"><ele>50.0</ele></rtept><rtept lat="60.235767" lon="24.670197"><ele>50.2</ele></rtept><rtept lat="60.235742" lon="24.670222"><ele>50.4</ele></rtept><rtept lat="60.235717" lon="24.670255"><ele>50.4</ele></rtept><rtept lat="60.235697" lon="24.670305"><ele>50.4</ele></rtept><rtept lat="60.235675" lon="24.67037"><ele>50.4</ele></rtept><rtept lat="60.235642" lon="24.67041"><ele>50.2</ele></rtept><rtept lat="60.235602" lon="24.670427"><ele>50.0</ele></rtept><rtept lat="60.235567" lon="24.670457"><ele>49.8</ele></rtept><rtept lat="60.235532" lon="24.670497"><ele>49.6</ele></rtept><rtept lat="60.2355" lon="24.670547"><ele>49.4</ele></rtept><rtept lat="60.235467" lon="24.670582"><ele>49.0</ele></rtept><rtept lat="60.235432" lon="24.670597"><ele>48.8</ele></rtept><rtept lat="60.235412" lon="24.67058"><ele>48.4</ele></rtept><rtept lat="60.235395" lon="24.670552"><ele>48.4</ele></rtept><rtept lat="60.235372" lon="24.67052"><ele>48.2</ele></rtept><rtept lat="60.235347" lon="24.670497"><ele>48.0</ele></rtept><rtept lat="60.235325" lon="24.670467"><ele>48.0</ele></rtept><rtept lat="60.235297" lon="24.670413"><ele>48.0</ele></rtept><rtept lat="60.235265" lon="24.670372"><ele>48.0</ele></rtept><rtept lat="60.235215" lon="24.670352"><ele>48.0</ele></rtept><rtept lat="60.23516" lon="24.670327"><ele>47.8</ele></rtept><rtept lat="60.2351" lon="24.670285"><ele>47.6</ele></rtept><rtept lat="60.235042" lon="24.6702"><ele>47.2</ele></rtept><rtept lat="60.234997" lon="24.670087"><ele>46.8</ele></rtept><rtept lat="60.234955" lon="24.669992"><ele>46.4</ele></rtept><rtept lat="60.234922" lon="24.669927"><ele>45.8</ele></rtept><rtept lat="60.234885" lon="24.669892"><ele>45.2</ele></rtept><rtept lat="60.23484" lon="24.669872"><ele>44.6</ele></rtept><rtept lat="60.234792" lon="24.669847"><ele>44.0</ele></rtept><rtept lat="60.234747" lon="24.669832"><ele>43.6</ele></rtept><rtept lat="60.234697" lon="24.66983"><ele>43.2</ele></rtept><rtept lat="60.234647" lon="24.669822"><ele>42.8</ele></rtept><rtept lat="60.234617" lon="24.669787"><ele>42.4</ele></rtept><rtept lat="60.234597" lon="24.669765"><ele>42.2</ele></rtept><rtept lat="60.234572" lon="24.66974"><ele>41.2</ele></rtept><rtept lat="60.234542" lon="24.669702"><ele>41.2</ele></rtept><rtept lat="60.234527" lon="24.669687"><ele>41.2</ele></rtept><rtept lat="60.234505" lon="24.669672"><ele>41.2</ele></rtept><rtept lat="60.234472" lon="24.669687"><ele>41.0</ele></rtept><rtept lat="60.234455" lon="24.669737"><ele>41.0</ele></rtept><rtept lat="60.234442" lon="24.669808"><ele>40.8</ele></rtept><rtept lat="60.234407" lon="24.669852"><ele>40.6</ele></rtept><rtept lat="60.23437" lon="24.66984"><ele>40.2</ele></rtept><rtept lat="60.234337" lon="24.669797"><ele>39.8</ele></rtept><rtept lat="60.234307" lon="24.669807"><ele>39.2</ele></rtept><rtept lat="60.23429" lon="24.669862"><ele>38.6</ele></rtept><rtept lat="60.234272" lon="24.669922"><ele>37.8</ele></rtept><rtept lat="60.234247" lon="24.669982"><ele>37.2</ele></rtept><rtept lat="60.234227" lon="24.67006"><ele>36.4</ele></rtept><rtept lat="60.234217" lon="24.670165"><ele>35.6</ele></rtept><rtept lat="60.23422" lon="24.670272"><ele>34.8</ele></rtept><rtept lat="60.234237" lon="24.670352"><ele>34.0</ele></rtept><rtept lat="60.23427" lon="24.670397"><ele>33.2</ele></rtept><rtept lat="60.234302" lon="24.670422"><ele>32.2</ele></rtept><rtept lat="60.234335" lon="24.670442"><ele>31.6</ele></rtept><rtept lat="60.234367" lon="24.670457"><ele>31.0</ele></rtept><rtept lat="60.234397" lon="24.670472"><ele>30.8</ele></rtept><rtept lat="60.234427" lon="24.670492"><ele>30.6</ele></rtept><rtept lat="60.234452" lon="24.670507"><ele>30.6</ele></rtept><rtept lat="60.234477" lon="24.67052"><ele>30.6</ele></rtept><rtept lat="60.234502" lon="24.670522"><ele>30.8</ele></rtept><rtept lat="60.234522" lon="24.670522"><ele>30.8</ele></rtept><rtept lat="60.234545" lon="24.670522"><ele>31.0</ele></rtept><rtept lat="60.234565" lon="24.670525"><ele>31.4</ele></rtept><rtept lat="60.234582" lon="24.67052"><ele>31.6</ele></rtept><rtept lat="60.234602" lon="24.670515"><ele>31.8</ele></rtept><rtept lat="60.23462" lon="24.670517"><ele>32.2</ele></rtept><rtept lat="60.234637" lon="24.670527"><ele>32.4</ele></rtept><rtept lat="60.234657" lon="24.670542"><ele>32.8</ele></rtept><rtept lat="60.234672" lon="24.67056"><ele>33.0</ele></rtept><rtept lat="60.234692" lon="24.670577"><ele>33.2</ele></rtept><rtept lat="60.23471" lon="24.670595"><ele>33.4</ele></rtept><rtept lat="60.23473" lon="24.670612"><ele>33.6</ele></rtept><rtept lat="60.234747" lon="24.67063"><ele>33.8</ele></rtept><rtept lat="60.234765" lon="24.67065"><ele>33.8</ele></rtept><rtept lat="60.234777" lon="24.670677"><ele>34.0</ele></rtept><rtept lat="60.234792" lon="24.670697"><ele>34.0</ele></rtept><rtept lat="60.234812" lon="24.670712"><ele>34.0</ele></rtept><rtept lat="60.234847" lon="24.670722"><ele>34.2</ele></rtept><rtept lat="60.234865" lon="24.670722"><ele>34.2</ele></rtept><rtept lat="60.234887" lon="24.67072"><ele>34.6</ele></rtept><rtept lat="60.234917" lon="24.67072"><ele>35.4</ele></rtept><rtept lat="60.234937" lon="24.670732"><ele>35.4</ele></rtept><rtept lat="60.234952" lon="24.670755"><ele>36.2</ele></rtept><rtept lat="60.234965" lon="24.67079"><ele>36.6</ele></rtept><rtept lat="60.234972" lon="24.670837"><ele>37.2</ele></rtept><rtept lat="60.234987" lon="24.670907"><ele>37.4</ele></rtept><rtept lat="60.235007" lon="24.670982"><ele>37.6</ele></rtept><rtept lat="60.23502" lon="24.671062"><ele>37.6</ele></rtept><rtept lat="60.23503" lon="24.671142"><ele>37.6</ele></rtept><rtept lat="60.235037" lon="24.671232"><ele>37.6</ele></rtept><rtept lat="60.235042" lon="24.671317"><ele>37.4</ele></rtept><rtept lat="60.235032" lon="24.671402"><ele>37.4</ele></rtept><rtept lat="60.235025" lon="24.671482"><ele>37.2</ele></rtept><rtept lat="60.235032" lon="24.671552"><ele>37.0</ele></rtept><rtept lat="60.23505" lon="24.671592"><ele>37.0</ele></rtept><rtept lat="60.23507" lon="24.67161"><ele>36.8</ele></rtept><rtept lat="60.235087" lon="24.671623"><ele>36.6</ele></rtept><rtept lat="60.235107" lon="24.67164"><ele>36.4</ele></rtept><rtept lat="60.235137" lon="24.671647"><ele>36.6</ele></rtept><rtept lat="60.235157" lon="24.671647"><ele>37.0</ele></rtept><rtept lat="60.235177" lon="24.671622"><ele>37.8</ele></rtept><rtept lat="60.235207" lon="24.671602"><ele>38.4</ele></rtept><rtept lat="60.23524" lon="24.671602"><ele>39.0</ele></rtept><rtept lat="60.235257" lon="24.671605"><ele>39.2</ele></rtept><rtept lat="60.235292" lon="24.671615"><ele>39.8</ele></rtept><rtept lat="60.235322" lon="24.671627"><ele>40.2</ele></rtept><rtept lat="60.235342" lon="24.671632"><ele>40.4</ele></rtept><rtept lat="60.235372" lon="24.671647"><ele>40.8</ele></rtept><rtept lat="60.235398" lon="24.671675"><ele>41.2</ele></rtept><rtept lat="60.235427" lon="24.671705"><ele>41.6</ele></rtept><rtept lat="60.23544" lon="24.67173"><ele>41.8</ele></rtept><rtept lat="60.235457" lon="24.671782"><ele>42.2</ele></rtept><rtept lat="60.235467" lon="24.671817"><ele>42.4</ele></rtept><rtept lat="60.235475" lon="24.671877"><ele>42.8</ele></rtept><rtept lat="60.235482" lon="24.671922"><ele>43.2</ele></rtept><rtept lat="60.235507" lon="24.671922"><ele>43.8</ele></rtept><rtept lat="60.235542" lon="24.671895"><ele>44.2</ele></rtept><rtept lat="60.235557" lon="24.671867"><ele>44.4</ele></rtept><rtept lat="60.235572" lon="24.671797"><ele>44.4</ele></rtept><rtept lat="60.235572" lon="24.671742"><ele>44.4</ele></rtept><rtept lat="60.235577" lon="24.671692"><ele>44.4</ele></rtept><rtept lat="60.235592" lon="24.671652"><ele>44.2</ele></rtept><rtept lat="60.235607" lon="24.671623"><ele>44.0</ele></rtept><rtept lat="60.235627" lon="24.671597"><ele>44.0</ele></rtept><rtept lat="60.235645" lon="24.671572"><ele>43.8</ele></rtept><rtept lat="60.235662" lon="24.67156"><ele>43.6</ele></rtept><rtept lat="60.235692" lon="24.671542"><ele>43.6</ele></rtept><rtept lat="60.235722" lon="24.671527"><ele>44.0</ele></rtept><rtept lat="60.23574" lon="24.671512"><ele>44.2</ele></rtept><rtept lat="60.235757" lon="24.671497"><ele>44.4</ele></rtept><rtept lat="60.235777" lon="24.671485"><ele>44.6</ele></rtept><rtept lat="60.235812" lon="24.671472"><ele>44.6</ele></rtept><rtept lat="60.235832" lon="24.671472"><ele>45.0</ele></rtept><rtept lat="60.23586" lon="24.67148"><ele>45.8</ele></rtept><rtept lat="60.235887" lon="24.671487"><ele>46.4</ele></rtept><rtept lat="60.235917" lon="24.67146"><ele>47.2</ele></rtept><rtept lat="60.235925" lon="24.671398"><ele>47.6</ele></rtept><rtept lat="60.235925" lon="24.671357"><ele>47.8</ele></rtept><rtept lat="60.235922" lon="24.671307"><ele>48.0</ele></rtept><rtept lat="60.235915" lon="24.671262"><ele>48.0</ele></rtept><rtept lat="60.235907" lon="24.671217"><ele>48.2</ele></rtept><rtept lat="60.235897" lon="24.671172"><ele>48.2</ele></rtept><rtept lat="60.235887" lon="24.671137"><ele>48.2</ele></rtept><rtept lat="60.23588" lon="24.671097"><ele>48.0</ele></rtept><rtept lat="60.235872" lon="24.671062"><ele>47.8</ele></rtept><rtept lat="60.235857" lon="24.671012"><ele>47.6</ele></rtept><rtept lat="60.235842" lon="24.67096"><ele>47.6</ele></rtept><rtept lat="60.235827" lon="24.670922"><ele>47.6</ele></rtept><rtept lat="60.235812" lon="24.670905"><ele>48.0</ele></rtept><rtept lat="60.23579" lon="24.670892"><ele>48.4</ele></rtept><rtept lat="60.235772" lon="24.670847"><ele>48.8</ele></rtept><rtept lat="60.235757" lon="24.670825"><ele>49.0</ele></rtept><rtept lat="60.235737" lon="24.67082"><ele>49.6</ele></rtept><rtept lat="60.23572" lon="24.670777"><ele>49.8</ele></rtept><rtept lat="60.235708" lon="24.670732"><ele>49.8</ele></rtept><rtept lat="60.235702" lon="24.670677"><ele>49.8</ele></rtept><rtept lat="60.235702" lon="24.670617"><ele>49.8</ele></rtept><rtept lat="60.235702" lon="24.67058"><ele>49.6</ele></rtept><rtept lat="60.235702" lon="24.670522"><ele>49.6</ele></rtept><rtept lat="60.235708" lon="24.670477"><ele>49.4</ele></rtept><rtept lat="60.23572" lon="24.670445"><ele>49.4</ele></rtept><rtept lat="60.23573" lon="24.67041"><ele>49.2</ele></rtept><rtept lat="60.23574" lon="24.670377"><ele>49.2</ele></rtept><rtept lat="60.23575" lon="24.670342"><ele>49.0</ele></rtept><rtept lat="60.235757" lon="24.670287"><ele>49.0</ele></rtept><rtept lat="60.235762" lon="24.670252"><ele>48.8</ele></rtept><rtept lat="60.235775" lon="24.670227"><ele>48.8</ele></rtept><rtept lat="60.235785" lon="24.670192"><ele>49.2</ele></rtept><rtept lat="60.235802" lon="24.670162"><ele>49.6</ele></rtept><rtept lat="60.235825" lon="24.670112"><ele>49.8</ele></rtept><rtept lat="60.235845" lon="24.67009"><ele>49.8</ele></rtept><rtept lat="60.23588" lon="24.670077"><ele>50.0</ele></rtept><rtept lat="60.235922" lon="24.670077"><ele>50.2</ele></rtept><rtept lat="60.235972" lon="24.670097"><ele>50.4</ele></rtept><rtept lat="60.236017" lon="24.670072"><ele>50.4</ele></rtept><rtept lat="60.23606" lon="24.670017"><ele>50.2</ele></rtept><rtept lat="60.236112" lon="24.669977"><ele>49.8</ele></rtept><rtept lat="60.236165" lon="24.66993"><ele>49.2</ele></rtept><rtept lat="60.236217" lon="24.669887"><ele>48.6</ele></rtept><rtept lat="60.236252" lon="24.66989"><ele>48.2</ele></rtept><rtept lat="60.236267" lon="24.669917"><ele>47.6</ele></rtept><rtept lat="60.236272" lon="24.669962"><ele>47.2</ele></rtept><rtept lat="60.236272" lon="24.670002"><ele>47.2</ele></rtept><rtept lat="60.236277" lon="24.670047"><ele>47.2</ele></rtept><rtept lat="60.236287" lon="24.67009"><ele>47.4</ele></rtept><rtept lat="60.236292" lon="24.670127"><ele>47.6</ele></rtept><rtept lat="60.2363" lon="24.670192"><ele>47.8</ele></rtept><rtept lat="60.236317" lon="24.670237"><ele>48.2</ele></rtept><rtept lat="60.236347" lon="24.67025"><ele>48.4</ele></rtept><rtept lat="60.236382" lon="24.670237"><ele>48.6</ele></rtept><rtept lat="60.236412" lon="24.670215"><ele>48.8</ele></rtept><rtept lat="60.236445" lon="24.670165"><ele>49.2</ele></rtept><rtept lat="60.236475" lon="24.670112"><ele>49.4</ele></rtept><rtept lat="60.236502" lon="24.670052"><ele>49.6</ele></rtept><rtept lat="60.236527" lon="24.669997"><ele>49.8</ele></rtept><rtept lat="60.236532" lon="24.66996"><ele>49.8</ele></rtept><rtept lat="60.236527" lon="24.669887"><ele>49.4</ele></rtept><rtept lat="60.23653" lon="24.669843"><ele>49.4</ele></rtept><rtept lat="60.236542" lon="24.669812"><ele>49.4</ele></rtept><rtept lat="60.236562" lon="24.669797"><ele>49.4</ele></rtept><rtept lat="60.236582" lon="24.669777"><ele>49.6</ele></rtept><rtept lat="60.23661" lon="24.669762"><ele>49.8</ele></rtept><rtept lat="60.236632" lon="24.669752"><ele>49.8</ele></rtept><rtept lat="60.236662" lon="24.669735"><ele>50.0</ele></rtept><rtept lat="60.236697" lon="24.669715"><ele>50.0</ele></rtept><rtept lat="60.236737" lon="24.669695"><ele>50.2</ele></rtept><rtept lat="60.236787" lon="24.669687"><ele>50.2</ele></rtept><rtept lat="60.236832" lon="24.669702"><ele>50.2</ele></rtept><rtept lat="60.236885" lon="24.669695"><ele>50.2</ele></rtept><rtept lat="60.236942" lon="24.669672"><ele>50.0</ele></rtept><rtept lat="60.237002" lon="24.669652"><ele>49.6</ele></rtept><rtept lat="60.237062" lon="24.669652"><ele>48.8</ele></rtept><rtept lat="60.237077" lon="24.669692"><ele>48.0</ele></rtept><rtept lat="60.237095" lon="24.669732"><ele>47.2</ele></rtept><rtept lat="60.237112" lon="24.669782"><ele>46.6</ele></rtept><rtept lat="60.23713" lon="24.66986"><ele>46.4</ele></rtept><rtept lat="60.23713" lon="24.669927"><ele>46.2</ele></rtept><rtept lat="60.237132" lon="24.669982"><ele>46.2</ele></rtept><rtept lat="60.23715" lon="24.670062"><ele>46.0</ele></rtept><rtept lat="60.237167" lon="24.670105"><ele>46.0</ele></rtept><rtept lat="60.237192" lon="24.670132"><ele>46.0</ele></rtept><rtept lat="60.237215" lon="24.670127"><ele>46.2</ele></rtept><rtept lat="60.237237" lon="24.670105"><ele>46.2</ele></rtept><rtept lat="60.237255" lon="24.670072"><ele>46.0</ele></rtept><rtept lat="60.23728" lon="24.670037"><ele>46.0</ele></rtept><rtept lat="60.237307" lon="24.670012"><ele>46.0</ele></rtept><rtept lat="60.237335" lon="24.66999"><ele>45.8</ele></rtept><rtept lat="60.237357" lon="24.669952"><ele>45.8</ele></rtept><rtept lat="60.237382" lon="24.669907"><ele>45.8</ele></rtept><rtept lat="60.23741" lon="24.669867"><ele>45.6</ele></rtept><rtept lat="60.23743" lon="24.669822"><ele>45.6</ele></rtept><rtept lat="60.23745" lon="24.669775"><ele>45.4</ele></rtept><rtept lat="60.237475" lon="24.669742"><ele>45.4</ele></rtept><rtept lat="60.237502" lon="24.669692"><ele>45.2</ele></rtept><rtept lat="60.237527" lon="24.669637"><ele>45.0</ele></rtept><rtept lat="60.237552" lon="24.669595"><ele>45.0</ele></rtept><rtept lat="60.237577" lon="24.66956"><ele>45.2</ele></rtept><rtept lat="60.237607" lon="24.669532"><ele>45.0</ele></rtept><rtept lat="60.237632" lon="24.669492"><ele>44.8</ele></rtept><rtept lat="60.237662" lon="24.669452"><ele>44.6</ele></rtept><rtept lat="60.237682" lon="24.669447"><ele>44.6</ele></rtept><rtept lat="60.237707" lon="24.669425"><ele>44.6</ele></rtept><rtept lat="60.237735" lon="24.669387"><ele>44.6</ele></rtept><rtept lat="60.237767" lon="24.669347"><ele>44.6</ele></rtept><rtept lat="60.237802" lon="24.669302"><ele>44.4</ele></rtept><rtept lat="60.237837" lon="24.669242"><ele>44.4</ele></rtept><rtept lat="60.237875" lon="24.669195"><ele>44.2</ele></rtept><rtept lat="60.237917" lon="24.66917"><ele>44.0</ele></rtept><rtept lat="60.237955" lon="24.669132"><ele>43.8</ele></rtept><rtept lat="60.23799" lon="24.669092"><ele>43.6</ele></rtept><rtept lat="60.238022" lon="24.669057"><ele>43.4</ele></rtept><rtept lat="60.238062" lon="24.669027"><ele>43.2</ele></rtept><rtept lat="60.238092" lon="24.668995"><ele>43.0</ele></rtept><rtept lat="60.238122" lon="24.66896"><ele>43.0</ele></rtept><rtept lat="60.23815" lon="24.668915"><ele>43.0</ele></rtept><rtept lat="60.238175" lon="24.668872"><ele>43.0</ele></rtept><rtept lat="60.238195" lon="24.668827"><ele>43.0</ele></rtept><rtept lat="60.238207" lon="24.668767"><ele>43.0</ele></rtept><rtept lat="60.238197" lon="24.668707"><ele>43.0</ele></rtept><rtept lat="60.238182" lon="24.668642"><ele>43.0</ele></rtept><rtept lat="60.23816" lon="24.668585"><ele>43.0</ele></rtept><rtept lat="60.23814" lon="24.668537"><ele>43.0</ele></rtept><rtept lat="60.238117" lon="24.6685"><ele>43.0</ele></rtept><rtept lat="60.238092" lon="24.668462"><ele>43.0</ele></rtept><rtept lat="60.238067" lon="24.668422"><ele>43.2</ele></rtept><rtept lat="60.23804" lon="24.668387"><ele>43.4</ele></rtept><rtept lat="60.238012" lon="24.668345"><ele>43.8</ele></rtept><rtept lat="60.237985" lon="24.668277"><ele>44.2</ele></rtept><rtept lat="60.237977" lon="24.66819"><ele>44.6</ele></rtept><rtept lat="60.237982" lon="24.668112"><ele>44.8</ele></rtept><rtept lat="60.237977" lon="24.668032"><ele>44.8</ele></rtept><rtept lat="60.237967" lon="24.667952"><ele>44.8</ele></rtept><rtept lat="60.237955" lon="24.66786"><ele>45.0</ele></rtept><rtept lat="60.23796" lon="24.667765"><ele>45.0</ele></rtept><rtept lat="60.237977" lon="24.66769"><ele>45.0</ele></rtept><rtept lat="60.238007" lon="24.667635"><ele>45.0</ele></rtept><rtept lat="60.238037" lon="24.667587"><ele>45.0</ele></rtept><rtept lat="60.238067" lon="24.667527"><ele>45.0</ele></rtept><rtept lat="60.238082" lon="24.667455"><ele>45.2</ele></rtept><rtept lat="60.238085" lon="24.667377"><ele>45.4</ele></rtept><rtept lat="60.238095" lon="24.6673"><ele>45.4</ele></rtept><rtept lat="60.238112" lon="24.667225"><ele>45.4</ele></rtept><rtept lat="60.238135" lon="24.66716"><ele>45.4</ele></rtept><rtept lat="60.238155" lon="24.667087"><ele>45.4</ele></rtept><rtept lat="60.238175" lon="24.667015"><ele>45.4</ele></rtept><rtept lat="60.238195" lon="24.666937"><ele>45.4</ele></rtept><rtept lat="60.238213" lon="24.666857"><ele>45.6</ele></rtept><rtept lat="60.238222" lon="24.666762"><ele>45.4</ele></rtept><rtept lat="60.23822" lon="24.666667"><ele>45.4</ele></rtept><rtept lat="60.23819" lon="24.666595"><ele>45.2</ele></rtept><rtept lat="60.238157" lon="24.666572"><ele>45.0</ele></rtept><rtept lat="60.238128" lon="24.666577"><ele>44.8</ele></rtept><rtept lat="60.238105" lon="24.666582"><ele>44.6</ele></rtept><rtept lat="60.238077" lon="24.66659"><ele>44.4</ele></rtept><rtept lat="60.238052" lon="24.666607"><ele>44.4</ele></rtept><rtept lat="60.238027" lon="24.666627"><ele>44.4</ele></rtept><rtept lat="60.238002" lon="24.666655"><ele>44.4</ele></rtept><rtept lat="60.237977" lon="24.66668"><ele>44.6</ele></rtept><rtept lat="60.237952" lon="24.666707"><ele>44.6</ele></rtept><rtept lat="60.237927" lon="24.666727"><ele>44.8</ele></rtept><rtept lat="60.237903" lon="24.666747"><ele>44.8</ele></rtept><rtept lat="60.237885" lon="24.66676"><ele>45.0</ele></rtept><rtept lat="60.237865" lon="24.66677"><ele>45.2</ele></rtept><rtept lat="60.237847" lon="24.666775"><ele>45.4</ele></rtept><rtept lat="60.237812" lon="24.666782"><ele>46.0</ele></rtept><rtept lat="60.237777" lon="24.666767"><ele>46.8</ele></rtept><rtept lat="60.237757" lon="24.66676"><ele>47.2</ele></rtept><rtept lat="60.23774" lon="24.66675"><ele>47.4</ele></rtept><rtept lat="60.23772" lon="24.666745"><ele>47.8</ele></rtept><rtept lat="60.2377" lon="24.66674"><ele>48.0</ele></rtept><rtept lat="60.237682" lon="24.666727"><ele>48.4</ele></rtept><rtept lat="60.237645" lon="24.666733"><ele>48.8</ele></rtept><rtept lat="60.237612" lon="24.666727"><ele>49.4</ele></rtept><rtept lat="60.237592" lon="24.666727"><ele>49.8</ele></rtept><rtept lat="60.237572" lon="24.666717"><ele>50.0</ele></rtept><rtept lat="60.237537" lon="24.666707"><ele>50.4</ele></rtept><rtept lat="60.237517" lon="24.666697"><ele>50.6</ele></rtept><rtept lat="60.237502" lon="24.666677"><ele>50.8</ele></rtept><rtept lat="60.237467" lon="24.666642"><ele>51.4</ele></rtept><rtept lat="60.23745" lon="24.66664"><ele>51.6</ele></rtept><rtept lat="60.23743" lon="24.666642"><ele>51.8</ele></rtept><rtept lat="60.237412" lon="24.666652"><ele>52.0</ele></rtept><rtept lat="60.237397" lon="24.66663"><ele>52.2</ele></rtept><rtept lat="60.237392" lon="24.666592"><ele>52.4</ele></rtept><rtept lat="60.237387" lon="24.666542"><ele>52.8</ele></rtept><rtept lat="60.237387" lon="24.666487"><ele>52.8</ele></rtept><rtept lat="60.237368" lon="24.666437"><ele>53.0</ele></rtept><rtept lat="60.237345" lon="24.666387"><ele>53.0</ele></rtept><rtept lat="60.237342" lon="24.66633"><ele>53.0</ele></rtept><rtept lat="60.237355" lon="24.66628"><ele>53.0</ele></rtept><rtept lat="60.237377" lon="24.666237"><ele>53.0</ele></rtept><rtept lat="60.237402" lon="24.666192"><ele>52.8</ele></rtept><rtept lat="60.237432" lon="24.666145"><ele>52.4</ele></rtept><rtept lat="60.237462" lon="24.666097"><ele>52.0</ele></rtept><rtept lat="60.237492" lon="24.666057"><ele>51.6</ele></rtept><rtept lat="60.237492" lon="24.666005"><ele>51.0</ele></rtept><rtept lat="60.23747" lon="24.665947"><ele>50.4</ele></rtept><rtept lat="60.237432" lon="24.665882"><ele>49.8</ele></rtept><rtept lat="60.237397" lon="24.66581"><ele>49.0</ele></rtept><rtept lat="60.237362" lon="24.665725"><ele>48.4</ele></rtept><rtept lat="60.237342" lon="24.665642"><ele>47.6</ele></rtept><rtept lat="60.237332" lon="24.665547"><ele>46.8</ele></rtept><rtept lat="60.237357" lon="24.665492"><ele>46.2</ele></rtept><rtept lat="60.237395" lon="24.665502"><ele>45.6</ele></rtept><rtept lat="60.237422" lon="24.665547"><ele>45.4</ele></rtept><rtept lat="60.237447" lon="24.66559"><ele>45.2</ele></rtept><rtept lat="60.237482" lon="24.665615"><ele>44.8</ele></rtept><rtept lat="60.23752" lon="24.66564"><ele>44.6</ele></rtept><rtept lat="60.237562" lon="24.665655"><ele>44.4</ele></rtept><rtept lat="60.237608" lon="24.665697"><ele>44.0</ele></rtept><rtept lat="60.237652" lon="24.665757"><ele>43.8</ele></rtept><rtept lat="60.237695" lon="24.665827"><ele>43.4</ele></rtept><rtept lat="60.237737" lon="24.665892"><ele>43.0</ele></rtept><rtept lat="60.237782" lon="24.665942"><ele>42.6</ele></rtept><rtept lat="60.237827" lon="24.665975"><ele>42.4</ele></rtept><rtept lat="60.23787" lon="24.666005"><ele>42.0</ele></rtept><rtept lat="60.237897" lon="24.665995"><ele>41.6</ele></rtept><rtept lat="60.23791" lon="24.665947"><ele>41.2</ele></rtept><rtept lat="60.237912" lon="24.665872"><ele>41.0</ele></rtept><rtept lat="60.237892" lon="24.665802"><ele>41.2</ele></rtept><rtept lat="60.237872" lon="24.665727"><ele>41.0</ele></rtept><rtept lat="60.237857" lon="24.665637"><ele>40.6</ele></rtept><rtept lat="60.237862" lon="24.665555"><ele>40.2</ele></rtept><rtept lat="60.237897" lon="24.665502"><ele>40.0</ele></rtept><rtept lat="60.237935" lon="24.665517"><ele>39.6</ele></rtept><rtept lat="60.237977" lon="24.665507"><ele>39.0</ele></rtept><rtept lat="60.237992" lon="24.665442"><ele>38.6</ele></rtept><rtept lat="60.237992" lon="24.665367"><ele>38.0</ele></rtept><rtept lat="60.238012" lon="24.665327"><ele>37.2</ele></rtept><rtept lat="60.238037" lon="24.665377"><ele>36.2</ele></rtept><rtept lat="60.238058" lon="24.665387"><ele>35.4</ele></rtept><rtept lat="60.238065" lon="24.665352"><ele>34.8</ele></rtept><rtept lat="60.23805" lon="24.665297"><ele>34.4</ele></rtept><rtept lat="60.238032" lon="24.665262"><ele>34.0</ele></rtept><rtept lat="60.238012" lon="24.665242"><ele>33.4</ele></rtept><rtept lat="60.237982" lon="24.66524"><ele>32.4</ele></rtept><rtept lat="60.237967" lon="24.665262"><ele>32.2</ele></rtept><rtept lat="60.237937" lon="24.665307"><ele>32.2</ele></rtept><rtept lat="60.23792" lon="24.66533"><ele>32.2</ele></rtept><rtept lat="60.237903" lon="24.665352"><ele>32.4</ele></rtept><rtept lat="60.23788" lon="24.665387"><ele>32.8</ele></rtept><rtept lat="60.237862" lon="24.665425"><ele>33.6</ele></rtept><rtept lat="60.237845" lon="24.66546"><ele>34.2</ele></rtept><rtept lat="60.237822" lon="24.665487"><ele>35.0</ele></rtept><rtept lat="60.2378" lon="24.665512"><ele>35.8</ele></rtept><rtept lat="60.237775" lon="24.665535"><ele>36.6</ele></rtept><rtept lat="60.237745" lon="24.665552"><ele>37.4</ele></rtept><rtept lat="60.23771" lon="24.665557"><ele>38.0</ele></rtept><rtept lat="60.23769" lon="24.665552"><ele>38.4</ele></rtept><rtept lat="60.237672" lon="24.665542"><ele>38.8</ele></rtept><rtept lat="60.237652" lon="24.665532"><ele>39.2</ele></rtept><rtept lat="60.237635" lon="24.665523"><ele>39.4</ele></rtept><rtept lat="60.237617" lon="24.665515"><ele>39.8</ele></rtept><rtept lat="60.237597" lon="24.665507"><ele>40.0</ele></rtept><rtept lat="60.237577" lon="24.665502"><ele>40.2</ele></rtept><rtept lat="60.23756" lon="24.665495"><ele>40.4</ele></rtept><rtept lat="60.237542" lon="24.665487"><ele>40.6</ele></rtept><rtept lat="60.237522" lon="24.665477"><ele>40.8</ele></rtept><rtept lat="60.237502" lon="24.665467"><ele>41.0</ele></rtept><rtept lat="60.237485" lon="24.665462"><ele>41.2</ele></rtept><rtept lat="60.237465" lon="24.665462"><ele>41.4</ele></rtept><rtept lat="60.237447" lon="24.665457"><ele>41.6</ele></rtept><rtept lat="60.23741" lon="24.665457"><ele>42.2</ele></rtept><rtept lat="60.23739" lon="24.665452"><ele>42.6</ele></rtept><rtept lat="60.237372" lon="24.665445"><ele>42.8</ele></rtept><rtept lat="60.237352" lon="24.665437"><ele>43.0</ele></rtept><rtept lat="60.237335" lon="24.665435"><ele>43.4</ele></rtept><rtept lat="60.237317" lon="24.665432"><ele>43.6</ele></rtept><rtept lat="60.237297" lon="24.665422"><ele>44.0</ele></rtept><rtept lat="60.237262" lon="24.665392"><ele>44.6</ele></rtept><rtept lat="60.237242" lon="24.665377"><ele>44.8</ele></rtept><rtept lat="60.237212" lon="24.665342"><ele>45.0</ele></rtept><rtept lat="60.23718" lon="24.665322"><ele>45.2</ele></rtept><rtept lat="60.237147" lon="24.665307"><ele>45.6</ele></rtept><rtept lat="60.237112" lon="24.665287"><ele>46.0</ele></rtept><rtept lat="60.237092" lon="24.665277"><ele>46.2</ele></rtept><rtept lat="60.237067" lon="24.665262"><ele>46.2</ele></rtept><rtept lat="60.237045" lon="24.665235"><ele>46.4</ele></rtept><rtept lat="60.237007" lon="24.665212"><ele>46.6</ele></rtept><rtept lat="60.236957" lon="24.665207"><ele>46.6</ele></rtept><rtept lat="60.236905" lon="24.665225"><ele>46.6</ele></rtept><rtept lat="60.236847" lon="24.665245"><ele>46.4</ele></rtept><rtept lat="60.236785" lon="24.665237"><ele>46.2</ele></rtept><rtept lat="60.236712" lon="24.665227"><ele>45.8</ele></rtept><rtept lat="60.236637" lon="24.665212"><ele>45.4</ele></rtept><rtept lat="60.23656" lon="24.665192"><ele>44.8</ele></rtept><rtept lat="60.236477" lon="24.665172"><ele>44.2</ele></rtept><rtept lat="60.236402" lon="24.665162"><ele>43.8</ele></rtept><rtept lat="60.236332" lon="24.66519"><ele>43.2</ele></rtept><rtept lat="60.236262" lon="24.665257"><ele>42.4</ele></rtept><rtept lat="60.236197" lon="24.665347"><ele>41.6</ele></rtept><rtept lat="60.236142" lon="24.665457"><ele>41.0</ele></rtept><rtept lat="60.236085" lon="24.665557"><ele>40.4</ele></rtept><rtept lat="60.236035" lon="24.665652"><ele>39.6</ele></rtept><rtept lat="60.236005" lon="24.66576"><ele>38.8</ele></rtept><rtept lat="60.236002" lon="24.665882"><ele>38.4</ele></rtept><rtept lat="60.236" lon="24.666005"><ele>38.0</ele></rtept><rtept lat="60.235975" lon="24.666107"><ele>37.6</ele></rtept><rtept lat="60.235942" lon="24.6662"><ele>37.0</ele></rtept><rtept lat="60.235927" lon="24.666295"><ele>36.6</ele></rtept><rtept lat="60.235932" lon="24.666372"><ele>36.4</ele></rtept><rtept lat="60.23595" lon="24.666417"><ele>36.4</ele></rtept><rtept lat="60.235972" lon="24.666455"><ele>36.2</ele></rtept><rtept lat="60.235995" lon="24.666497"><ele>36.2</ele></rtept><rtept lat="60.236012" lon="24.66655"><ele>36.4</ele></rtept><rtept lat="60.236025" lon="24.666602"><ele>36.6</ele></rtept><rtept lat="60.236037" lon="24.66664"><ele>36.8</ele></rtept><rtept lat="60.236047" lon="24.66667"><ele>37.0</ele></rtept><rtept lat="60.236077" lon="24.666717"><ele>37.8</ele></rtept><rtept lat="60.236097" lon="24.666745"><ele>38.4</ele></rtept><rtept lat="60.236112" lon="24.66678"><ele>38.8</ele></rtept><rtept lat="60.236125" lon="24.666822"><ele>39.2</ele></rtept><rtept lat="60.236132" lon="24.666872"><ele>39.4</ele></rtept><rtept lat="60.23613" lon="24.66692"><ele>39.6</ele></rtept><rtept lat="60.236127" lon="24.666965"><ele>40.0</ele></rtept><rtept lat="60.23612" lon="24.667007"><ele>40.4</ele></rtept><rtept lat="60.236117" lon="24.667047"><ele>40.6</ele></rtept><rtept lat="60.236112" lon="24.667092"><ele>41.0</ele></rtept><rtept lat="60.236112" lon="24.667135"><ele>41.4</ele></rtept><rtept lat="60.236117" lon="24.667197"><ele>42.0</ele></rtept><rtept lat="60.236135" lon="24.667217"><ele>42.4</ele></rtept><rtept lat="60.236162" lon="24.667232"><ele>42.6</ele></rtept><rtept lat="60.2362" lon="24.667247"><ele>43.0</ele></rtept><rtept lat="60.236235" lon="24.667292"><ele>43.0</ele></rtept><rtept lat="60.23626" lon="24.66735"><ele>43.2</ele></rtept><rtept lat="60.236282" lon="24.667402"><ele>43.2</ele></rtept><rtept lat="60.236305" lon="24.667447"><ele>43.4</ele></rtept><rtept lat="60.23633" lon="24.667497"><ele>43.4</ele></rtept><rtept lat="60.236357" lon="24.667537"><ele>43.4</ele></rtept><rtept lat="60.236387" lon="24.66757"><ele>43.4</ele></rtept><rtept lat="60.23642" lon="24.667597"><ele>43.6</ele></rtept><rtept lat="60.236452" lon="24.667627"><ele>43.6</ele></rtept><rtept lat="60.236482" lon="24.667657"><ele>43.6</ele></rtept><rtept lat="60.23651" lon="24.667683"><ele>43.6</ele></rtept><rtept lat="60.236542" lon="24.667692"><ele>43.8</ele></rtept><rtept lat="60.236572" lon="24.667672"><ele>43.8</ele></rtept><rtept lat="60.236597" lon="24.667627"><ele>43.8</ele></rtept><rtept lat="60.236612" lon="24.667572"><ele>43.8</ele></rtept><rtept lat="60.236612" lon="24.667527"><ele>43.8</ele></rtept><rtept lat="60.236597" lon="24.667505"><ele>43.6</ele></rtept><rtept lat="60.236565" lon="24.667497"><ele>43.6</ele></rtept><rtept lat="60.236525" lon="24.667475"><ele>43.4</ele></rtept><rtept lat="60.236497" lon="24.667422"><ele>43.4</ele></rtept><rtept lat="60.23648" lon="24.667357"><ele>43.4</ele></rtept><rtept lat="60.236472" lon="24.66729"><ele>43.4</ele></rtept><rtept lat="60.236462" lon="24.667242"><ele>43.4</ele></rtept><rtept lat="60.236442" lon="24.66722"><ele>43.2</ele></rtept><rtept lat="60.236415" lon="24.667205"><ele>43.2</ele></rtept><rtept lat="60.23638" lon="24.667175"><ele>43.4</ele></rtept><rtept lat="60.236357" lon="24.667107"><ele>43.4</ele></rtept><rtept lat="60.236347" lon="24.667047"><ele>43.6</ele></rtept><rtept lat="60.236332" lon="24.667002"><ele>43.6</ele></rtept><rtept lat="60.236307" lon="24.666962"><ele>43.4</ele></rtept><rtept lat="60.236272" lon="24.666922"><ele>43.4</ele></rtept><rtept lat="60.236237" lon="24.666852"><ele>43.4</ele></rtept><rtept lat="60.236212" lon="24.66677"><ele>43.4</ele></rtept><rtept lat="60.236175" lon="24.666707"><ele>43.4</ele></rtept><rtept lat="60.236137" lon="24.666647"><ele>43.4</ele></rtept><rtept lat="60.236117" lon="24.666557"><ele>43.2</ele></rtept><rtept lat="60.236115" lon="24.666477"><ele>43.0</ele></rtept><rtept lat="60.236087" lon="24.666417"><ele>42.8</ele></rtept><rtept lat="60.236057" lon="24.666325"><ele>42.4</ele></rtept><rtept lat="60.236052" lon="24.666207"><ele>42.2</ele></rtept><rtept lat="60.236045" lon="24.666097"><ele>42.0</ele></rtept><rtept lat="60.236047" lon="24.665997"><ele>41.4</ele></rtept><rtept lat="60.236077" lon="24.665927"><ele>40.8</ele></rtept><rtept lat="60.236102" lon="24.665877"><ele>40.0</ele></rtept><rtept lat="60.236127" lon="24.66583"><ele>39.2</ele></rtept><rtept lat="60.236152" lon="24.665782"><ele>38.8</ele></rtept><rtept lat="60.236177" lon="24.66574"><ele>38.6</ele></rtept><rtept lat="60.236207" lon="24.665695"><ele>38.4</ele></rtept><rtept lat="60.236237" lon="24.665655"><ele>38.4</ele></rtept><rtept lat="60.236262" lon="24.665627"><ele>38.4</ele></rtept><rtept lat="60.236292" lon="24.665602"><ele>38.4</ele></rtept><rtept lat="60.236317" lon="24.665582"><ele>38.4</ele></rtept><rtept lat="60.23634" lon="24.665557"><ele>38.6</ele></rtept><rtept lat="60.236367" lon="24.665542"><ele>38.8</ele></rtept><rtept lat="60.236392" lon="24.665527"><ele>39.0</ele></rtept><rtept lat="60.236415" lon="24.66551"><ele>39.4</ele></rtept><rtept lat="60.236437" lon="24.665497"><ele>39.6</ele></rtept><rtept lat="60.236457" lon="24.66548"><ele>39.8</ele></rtept><rtept lat="60.236477" lon="24.665452"><ele>40.2</ele></rtept><rtept lat="60.236497" lon="24.665422"><ele>40.4</ele></rtept><rtept lat="60.23652" lon="24.665405"><ele>40.8</ele></rtept><rtept lat="60.236545" lon="24.665392"><ele>41.0</ele></rtept><rtept lat="60.236567" lon="24.665387"><ele>41.2</ele></rtept><rtept lat="60.236595" lon="24.66539"><ele>41.4</ele></rtept><rtept lat="60.236615" lon="24.665385"><ele>41.6</ele></rtept><rtept lat="60.236632" lon="24.66536"><ele>41.8</ele></rtept><rtept lat="60.236652" lon="24.665332"><ele>42.0</ele></rtept><rtept lat="60.236675" lon="24.66531"><ele>42.0</ele></rtept><rtept lat="60.236702" lon="24.665302"><ele>42.2</ele></rtept><rtept lat="60.236722" lon="24.665312"><ele>42.2</ele></rtept><rtept lat="60.23675" lon="24.665352"><ele>42.4</ele></rtept><rtept lat="60.236775" lon="24.665392"><ele>42.8</ele></rtept><rtept lat="60.2368" lon="24.665427"><ele>43.2</ele></rtept><rtept lat="60.236817" lon="24.665475"><ele>43.8</ele></rtept><rtept lat="60.236835" lon="24.665517"><ele>44.4</ele></rtept><rtept lat="60.236848" lon="24.665562"><ele>45.0</ele></rtept><rtept lat="60.236865" lon="24.665617"><ele>45.6</ele></rtept><rtept lat="60.236882" lon="24.665662"><ele>46.2</ele></rtept><rtept lat="60.236905" lon="24.665695"><ele>46.8</ele></rtept><rtept lat="60.236932" lon="24.665712"><ele>47.2</ele></rtept><rtept lat="60.236967" lon="24.665722"><ele>47.8</ele></rtept><rtept lat="60.236987" lon="24.665732"><ele>48.0</ele></rtept><rtept lat="60.237005" lon="24.665737"><ele>48.4</ele></rtept><rtept lat="60.237022" lon="24.665742"><ele>48.6</ele></rtept><rtept lat="60.237045" lon="24.665742"><ele>48.8</ele></rtept><rtept lat="60.237062" lon="24.66573"><ele>48.8</ele></rtept><rtept lat="60.237087" lon="24.665705"><ele>48.8</ele></rtept><rtept lat="60.23712" lon="24.665692"><ele>48.8</ele></rtept><rtept lat="60.237155" lon="24.66572"><ele>49.0</ele></rtept><rtept lat="60.237177" lon="24.665762"><ele>49.0</ele></rtept><rtept lat="60.237187" lon="24.665797"><ele>49.0</ele></rtept><rtept lat="60.237202" lon="24.665862"><ele>49.0</ele></rtept><rtept lat="60.237215" lon="24.665932"><ele>49.2</ele></rtept><rtept lat="60.237225" lon="24.665967"><ele>49.2</ele></rtept><rtept lat="60.237237" lon="24.666002"><ele>49.4</ele></rtept><rtept lat="60.23725" lon="24.666032"><ele>49.4</ele></rtept><rtept lat="60.237262" lon="24.666072"><ele>49.4</ele></rtept><rtept lat="60.237267" lon="24.666115"><ele>49.6</ele></rtept><rtept lat="60.237262" lon="24.66616"><ele>49.6</ele></rtept><rtept lat="60.23725" lon="24.666232"><ele>50.0</ele></rtept><rtept lat="60.237257" lon="24.666297"><ele>50.6</ele></rtept><rtept lat="60.237272" lon="24.666357"><ele>51.0</ele></rtept><rtept lat="60.237302" lon="24.666387"><ele>51.4</ele></rtept><rtept lat="60.237337" lon="24.666377"><ele>51.8</ele></rtept><rtept lat="60.237365" lon="24.666402"><ele>52.0</ele></rtept><rtept lat="60.237392" lon="24.666455"><ele>52.2</ele></rtept><rtept lat="60.237397" lon="24.666492"><ele>52.2</ele></rtept><rtept lat="60.237395" lon="24.666532"><ele>52.4</ele></rtept><rtept lat="60.237397" lon="24.666602"><ele>52.6</ele></rtept><rtept lat="60.237392" lon="24.666637"><ele>52.8</ele></rtept><rtept lat="60.23738" lon="24.666667"><ele>53.0</ele></rtept><rtept lat="60.237367" lon="24.666698"><ele>53.2</ele></rtept><rtept lat="60.237357" lon="24.66673"><ele>53.4</ele></rtept><rtept lat="60.237342" lon="24.666757"><ele>53.6</ele></rtept><rtept lat="60.237327" lon="24.666797"><ele>54.0</ele></rtept><rtept lat="60.237312" lon="24.666827"><ele>54.2</ele></rtept><rtept lat="60.23729" lon="24.666832"><ele>54.4</ele></rtept><rtept lat="60.237267" lon="24.666827"><ele>54.4</ele></rtept><rtept lat="60.237252" lon="24.66681"><ele>54.8</ele></rtept><rtept lat="60.237232" lon="24.666795"><ele>55.0</ele></rtept><rtept lat="60.237212" lon="24.66678"><ele>55.4</ele></rtept><rtept lat="60.237197" lon="24.666765"><ele>55.6</ele></rtept><rtept lat="60.23718" lon="24.66675"><ele>55.6</ele></rtept><rtept lat="60.23716" lon="24.666733"><ele>55.6</ele></rtept><rtept lat="60.237142" lon="24.666717"><ele>55.8</ele></rtept><rtept lat="60.237122" lon="24.666687"><ele>55.8</ele></rtept><rtept lat="60.237102" lon="24.666647"><ele>55.8</ele></rtept><rtept lat="60.237072" lon="24.666595"><ele>56.0</ele></rtept><rtept lat="60.237032" lon="24.666537"><ele>56.2</ele></rtept><rtept lat="60.236992" lon="24.666462"><ele>56.4</ele></rtept><rtept lat="60.23695" lon="24.666382"><ele>56.6</ele></rtept><rtept lat="60.236927" lon="24.666302"><ele>56.4</ele></rtept><rtept lat="60.23693" lon="24.666225"><ele>56.0</ele></rtept><rtept lat="60.236915" lon="24.666157"><ele>55.4</ele></rtept><rtept lat="60.236892" lon="24.666112"><ele>55.0</ele></rtept><rtept lat="60.236867" lon="24.666072"><ele>54.2</ele></rtept><rtept lat="60.236855" lon="24.666037"><ele>54.0</ele></rtept><rtept lat="60.236837" lon="24.666012"><ele>54.0</ele></rtept><rtept lat="60.23681" lon="24.666025"><ele>54.0</ele></rtept><rtept lat="60.236795" lon="24.666057"><ele>53.8</ele></rtept><rtept lat="60.236775" lon="24.666092"><ele>53.8</ele></rtept><rtept lat="60.236757" lon="24.666132"><ele>53.8</ele></rtept><rtept lat="60.236737" lon="24.666157"><ele>53.8</ele></rtept><rtept lat="60.236717" lon="24.666172"><ele>54.0</ele></rtept><rtept lat="60.236702" lon="24.666205"><ele>54.0</ele></rtept><rtept lat="60.236687" lon="24.66625"><ele>54.0</ele></rtept><rtept lat="60.236687" lon="24.666292"><ele>54.0</ele></rtept><rtept lat="60.236722" lon="24.666312"><ele>54.0</ele></rtept><rtept lat="60.236752" lon="24.666312"><ele>53.8</ele></rtept><rtept lat="60.236785" lon="24.666337"><ele>53.8</ele></rtept><rtept lat="60.236817" lon="24.666375"><ele>53.8</ele></rtept><rtept lat="60.236847" lon="24.666397"><ele>53.6</ele></rtept><rtept lat="60.236872" lon="24.666417"><ele>53.6</ele></rtept><rtept lat="60.2369" lon="24.666447"><ele>53.6</ele></rtept><rtept lat="60.236925" lon="24.66649"><ele>53.8</ele></rtept><rtept lat="60.236942" lon="24.666535"><ele>54.0</ele></rtept><rtept lat="60.236957" lon="24.666577"><ele>54.0</ele></rtept><rtept lat="60.236967" lon="24.666617"><ele>54.0</ele></rtept><rtept lat="60.236975" lon="24.66666"><ele>54.0</ele></rtept><rtept lat="60.236982" lon="24.666697"><ele>54.4</ele></rtept><rtept lat="60.236985" lon="24.666737"><ele>54.6</ele></rtept><rtept lat="60.236992" lon="24.666775"><ele>54.8</ele></rtept><rtept lat="60.237002" lon="24.666815"><ele>55.0</ele></rtept><rtept lat="60.237012" lon="24.666857"><ele>55.4</ele></rtept><rtept lat="60.237025" lon="24.666892"><ele>55.6</ele></rtept><rtept lat="60.237045" lon="24.66691"><ele>55.8</ele></rtept><rtept lat="60.237067" lon="24.666917"><ele>55.8</ele></rtept><rtept lat="60.237092" lon="24.666922"><ele>56.0</ele></rtept><rtept lat="60.237117" lon="24.666922"><ele>55.8</ele></rtept><rtept lat="60.237147" lon="24.666937"><ele>55.8</ele></rtept><rtept lat="60.237172" lon="24.666962"><ele>55.6</ele></rtept><rtept lat="60.237197" lon="24.666992"><ele>55.6</ele></rtept><rtept lat="60.237222" lon="24.667007"><ele>55.4</ele></rtept><rtept lat="60.23725" lon="24.667"><ele>55.4</ele></rtept><rtept lat="60.23728" lon="24.666997"><ele>55.4</ele></rtept><rtept lat="60.237307" lon="24.666995"><ele>55.4</ele></rtept><rtept lat="60.237337" lon="24.666977"><ele>55.6</ele></rtept><rtept lat="60.237372" lon="24.666952"><ele>55.8</ele></rtept><rtept lat="60.237412" lon="24.666932"><ele>56.0</ele></rtept><rtept lat="60.237465" lon="24.666915"><ele>56.0</ele></rtept><rtept lat="60.237523" lon="24.666922"><ele>56.2</ele></rtept><rtept lat="60.237582" lon="24.666967"><ele>56.2</ele></rtept><rtept lat="60.23763" lon="24.667005"><ele>56.0</ele></rtept><rtept lat="60.23767" lon="24.667027"><ele>55.4</ele></rtept><rtept lat="60.237692" lon="24.667085"><ele>54.8</ele></rtept><rtept lat="60.237695" lon="24.667162"><ele>54.2</ele></rtept><rtept lat="60.237707" lon="24.667235"><ele>53.6</ele></rtept><rtept lat="60.237742" lon="24.66726"><ele>53.2</ele></rtept><rtept lat="60.23778" lon="24.667247"><ele>52.8</ele></rtept><rtept lat="60.23782" lon="24.667232"><ele>52.2</ele></rtept><rtept lat="60.237857" lon="24.667197"><ele>51.8</ele></rtept><rtept lat="60.237897" lon="24.66715"><ele>51.2</ele></rtept><rtept lat="60.237947" lon="24.66712"><ele>51.0</ele></rtept><rtept lat="60.237982" lon="24.66714"><ele>50.8</ele></rtept><rtept lat="60.238022" lon="24.667182"><ele>50.4</ele></rtept><rtept lat="60.238057" lon="24.667252"><ele>50.2</ele></rtept><rtept lat="60.23805" lon="24.667327"><ele>50.0</ele></rtept><rtept lat="60.238022" lon="24.667365"><ele>49.8</ele></rtept><rtept lat="60.237997" lon="24.66739"><ele>49.2</ele></rtept><rtept lat="60.237985" lon="24.66742"><ele>48.8</ele></rtept><rtept lat="60.237975" lon="24.667462"><ele>48.6</ele></rtept><rtept lat="60.237967" lon="24.667525"><ele>48.4</ele></rtept><rtept lat="60.23796" lon="24.667592"><ele>48.4</ele></rtept><rtept lat="60.23794" lon="24.667672"><ele>48.4</ele></rtept><rtept lat="60.237925" lon="24.66776"><ele>48.4</ele></rtept><rtept lat="60.237922" lon="24.66786"><ele>48.2</ele></rtept><rtept lat="60.237935" lon="24.66795"><ele>48.0</ele></rtept><rtept lat="60.237942" lon="24.668037"><ele>47.8</ele></rtept><rtept lat="60.237945" lon="24.668122"><ele>47.4</ele></rtept><rtept lat="60.237952" lon="24.66821"><ele>47.0</ele></rtept><rtept lat="60.237955" lon="24.668302"><ele>46.8</ele></rtept><rtept lat="60.237937" lon="24.668377"><ele>46.8</ele></rtept><rtept lat="60.237902" lon="24.668432"><ele>46.8</ele></rtept><rtept lat="60.23787" lon="24.668485"><ele>46.6</ele></rtept><rtept lat="60.237847" lon="24.66855"><ele>46.4</ele></rtept><rtept lat="60.237832" lon="24.668637"><ele>46.2</ele></rtept><rtept lat="60.237812" lon="24.668715"><ele>45.8</ele></rtept><rtept lat="60.237775" lon="24.668745"><ele>45.4</ele></rtept><rtept lat="60.237737" lon="24.66877"><ele>45.0</ele></rtept><rtept lat="60.237697" lon="24.66879"><ele>44.6</ele></rtept><rtept lat="60.237657" lon="24.668815"><ele>44.4</ele></rtept><rtept lat="60.237612" lon="24.668835"><ele>44.4</ele></rtept><rtept lat="60.237575" lon="24.668875"><ele>44.2</ele></rtept><rtept lat="60.237532" lon="24.668907"><ele>44.2</ele></rtept><rtept lat="60.237492" lon="24.668893"><ele>44.2</ele></rtept><rtept lat="60.237467" lon="24.668865"><ele>44.0</ele></rtept><rtept lat="60.23744" lon="24.668845"><ele>44.0</ele></rtept><rtept lat="60.237412" lon="24.668852"><ele>44.0</ele></rtept><rtept lat="60.237392" lon="24.668882"><ele>44.0</ele></rtept><rtept lat="60.237377" lon="24.668917"><ele>44.2</ele></rtept><rtept lat="60.23736" lon="24.66894"><ele>44.2</ele></rtept><rtept lat="60.237337" lon="24.668932"><ele>44.2</ele></rtept><rtept lat="60.23732" lon="24.668897"><ele>44.4</ele></rtept><rtept lat="60.23731" lon="24.668857"><ele>44.6</ele></rtept><rtept lat="60.237295" lon="24.668817"><ele>44.6</ele></rtept><rtept lat="60.237277" lon="24.668787"><ele>44.8</ele></rtept><rtept lat="60.237252" lon="24.668777"><ele>45.0</ele></rtept><rtept lat="60.237227" lon="24.668757"><ele>45.0</ele></rtept><rtept lat="60.23721" lon="24.668732"><ele>45.2</ele></rtept><rtept lat="60.237192" lon="24.668717"><ele>45.4</ele></rtept><rtept lat="60.237172" lon="24.668702"><ele>45.4</ele></rtept><rtept lat="60.237147" lon="24.66868"><ele>45.6</ele></rtept><rtept lat="60.237122" lon="24.668647"><ele>45.8</ele></rtept><rtept lat="60.237095" lon="24.668622"><ele>46.0</ele></rtept><rtept lat="60.237077" lon="24.668602"><ele>46.0</ele></rtept><rtept lat="60.237047" lon="24.668592"><ele>46.2</ele></rtept><rtept lat="60.237017" lon="24.668605"><ele>46.2</ele></rtept><rtept lat="60.236997" lon="24.668637"><ele>46.2</ele></rtept><rtept lat="60.236992" lon="24.668687"><ele>46.2</ele></rtept><rtept lat="60.236982" lon="24.668742"><ele>46.0</ele></rtept><rtept lat="60.236972" lon="24.668797"><ele>46.0</ele></rtept><rtept lat="60.236957" lon="24.668852"><ele>45.8</ele></rtept><rtept lat="60.236935" lon="24.668897"><ele>45.8</ele></rtept><rtept lat="60.236915" lon="24.668932"><ele>45.8</ele></rtept><rtept lat="60.236895" lon="24.668962"><ele>45.8</ele></rtept><rtept lat="60.236872" lon="24.668982"><ele>45.8</ele></rtept><rtept lat="60.236852" lon="24.66898"><ele>45.8</ele></rtept><rtept lat="60.236832" lon="24.668982"><ele>45.8</ele></rtept><rtept lat="60.236812" lon="24.668987"><ele>45.8</ele></rtept><rtept lat="60.23679" lon="24.668995"><ele>46.2</ele></rtept><rtept lat="60.236767" lon="24.669002"><ele>46.4</ele></rtept><rtept lat="60.236745" lon="24.669017"><ele>46.6</ele></rtept><rtept lat="60.236732" lon="24.669047"><ele>46.8</ele></rtept><rtept lat="60.236742" lon="24.669122"><ele>47.2</ele></rtept><rtept lat="60.236747" lon="24.669175"><ele>47.4</ele></rtept><rtept lat="60.236732" lon="24.669222"><ele>47.6</ele></rtept><rtept lat="60.236715" lon="24.669252"><ele>47.8</ele></rtept><rtept lat="60.236697" lon="24.669277"><ele>48.0</ele></rtept><rtept lat="60.236675" lon="24.669302"><ele>48.2</ele></rtept><rtept lat="60.236652" lon="24.669317"><ele>48.4</ele></rtept><rtept lat="60.236632" lon="24.66934"><ele>48.6</ele></rtept><rtept lat="60.236617" lon="24.669365"><ele>48.6</ele></rtept><rtept lat="60.236587" lon="24.669407"><ele>48.8</ele></rtept><rtept lat="60.23657" lon="24.669432"><ele>49.0</ele></rtept><rtept lat="60.23655" lon="24.66945"><ele>49.2</ele></rtept><rtept lat="60.23653" lon="24.669463"><ele>49.4</ele></rtept><rtept lat="60.236512" lon="24.66948"><ele>49.6</ele></rtept><rtept lat="60.236495" lon="24.669502"><ele>49.8</ele></rtept><rtept lat="60.236475" lon="24.669522"><ele>50.0</ele></rtept><rtept lat="60.23645" lon="24.669552"><ele>50.2</ele></rtept><rtept lat="60.236417" lon="24.669572"><ele>50.4</ele></rtept><rtept lat="60.236382" lon="24.669592"><ele>50.4</ele></rtept><rtept lat="60.23634" lon="24.669632"><ele>50.6</ele></rtept><rtept lat="60.23629" lon="24.669677"><ele>50.6</ele></rtept><rtept lat="60.236232" lon="24.669697"><ele>50.4</ele></rtept><rtept lat="60.236167" lon="24.669697"><ele>50.2</ele></rtept><rtept lat="60.236107" lon="24.669687"><ele>49.8</ele></rtept><rtept lat="60.236067" lon="24.669637"><ele>49.4</ele></rtept><rtept lat="60.236042" lon="24.669572"><ele>48.8</ele></rtept><rtept lat="60.23603" lon="24.66951"><ele>48.2</ele></rtept><rtept lat="60.236017" lon="24.669462"><ele>47.8</ele></rtept><rtept lat="60.236007" lon="24.669412"><ele>47.6</ele></rtept><rtept lat="60.235997" lon="24.669367"><ele>47.4</ele></rtept><rtept lat="60.235982" lon="24.669327"><ele>47.4</ele></rtept><rtept lat="60.235967" lon="24.669287"><ele>47.6</ele></rtept><rtept lat="60.23595" lon="24.66925"><ele>47.8</ele></rtept><rtept lat="60.235927" lon="24.669222"><ele>47.6</ele></rtept><rtept lat="60.235905" lon="24.669207"><ele>47.6</ele></rtept><rtept lat="60.235882" lon="24.66921"><ele>47.6</ele></rtept><rtept lat="60.235862" lon="24.66922"><ele>47.6</ele></rtept><rtept lat="60.235845" lon="24.669242"><ele>47.4</ele></rtept><rtept lat="60.235827" lon="24.6693"><ele>47.6</ele></rtept><rtept lat="60.235822" lon="24.669347"><ele>48.0</ele></rtept><rtept lat="60.235817" lon="24.669415"><ele>48.4</ele></rtept><rtept lat="60.235812" lon="24.669462"><ele>48.6</ele></rtept><rtept lat="60.235815" lon="24.669517"><ele>48.8</ele></rtept><rtept lat="60.235817" lon="24.669572"><ele>48.8</ele></rtept><rtept lat="60.235825" lon="24.669622"><ele>49.0</ele></rtept><rtept lat="60.235832" lon="24.669672"><ele>49.0</ele></rtept><rtept lat="60.235842" lon="24.669722"><ele>49.2</ele></rtept><rtept lat="60.23585" lon="24.669767"><ele>49.4</ele></rtept><rtept lat="60.23586" lon="24.669827"><ele>49.6</ele></rtept><rtept lat="60.235863" lon="24.669892"><ele>49.8</ele></rtept><rtept lat="60.23586" lon="24.669945"><ele>50.0</ele></rtept><rtept lat="60.235812" lon="24.67006"><ele>51.2</ele></rtept><rtept lat="60.235795" lon="24.670122"><ele>51.4</ele></rtept><rtept lat="60.235775" lon="24.670165"><ele>51.6</ele></rtept><rtept lat="60.235755" lon="24.670195"><ele>51.6</ele></rtept><rtept lat="60.23573" lon="24.670222"><ele>51.6</ele></rtept><rtept lat="60.235705" lon="24.670262"><ele>51.6</ele></rtept><rtept lat="60.235687" lon="24.67032"><ele>51.6</ele></rtept><rtept lat="60.235662" lon="24.670382"><ele>51.4</ele></rtept><rtept lat="60.23563" lon="24.670412"><ele>51.2</ele></rtept><rtept lat="60.235597" lon="24.670425"><ele>51.0</ele></rtept><rtept lat="60.23556" lon="24.670455"><ele>50.6</ele></rtept><rtept lat="60.235527" lon="24.670497"><ele>50.4</ele></rtept><rtept lat="60.235497" lon="24.670537"><ele>50.2</ele></rtept><rtept lat="60.235467" lon="24.670572"><ele>49.8</ele></rtept><rtept lat="60.235435" lon="24.670597"><ele>49.4</ele></rtept><rtept lat="60.235412" lon="24.67059"><ele>49.2</ele></rtept><rtept lat="60.235377" lon="24.67054"><ele>49.0</ele></rtept><rtept lat="60.235355" lon="24.670507"><ele>48.8</ele></rtept><rtept lat="60.235332" lon="24.670482"><ele>48.8</ele></rtept><rtept lat="60.235307" lon="24.670447"><ele>48.8</ele></rtept><rtept lat="60.235282" lon="24.670397"><ele>48.6</ele></rtept><rtept lat="60.235245" lon="24.670362"><ele>48.6</ele></rtept><rtept lat="60.235197" lon="24.670337"><ele>48.6</ele></rtept><rtept lat="60.23514" lon="24.670307"><ele>48.4</ele></rtept><rtept lat="60.23508" lon="24.670258"><ele>48.2</ele></rtept><rtept lat="60.235037" lon="24.670185"><ele>48.0</ele></rtept><rtept lat="60.235002" lon="24.670097"><ele>47.4</ele></rtept><rtept lat="60.23497" lon="24.670027"><ele>47.0</ele></rtept><rtept lat="60.234945" lon="24.669965"><ele>46.4</ele></rtept><rtept lat="60.23492" lon="24.669917"><ele>46.0</ele></rtept><rtept lat="60.23489" lon="24.669892"><ele>45.6</ele></rtept><rtept lat="60.234852" lon="24.669872"><ele>45.4</ele></rtept><rtept lat="60.234812" lon="24.669857"><ele>45.0</ele></rtept><rtept lat="60.23477" lon="24.66984"><ele>44.6</ele></rtept><rtept lat="60.234727" lon="24.669832"><ele>44.2</ele></rtept><rtept lat="60.234682" lon="24.669832"><ele>44.0</ele></rtept><rtept lat="60.23464" lon="24.669822"><ele>43.6</ele></rtept><rtept lat="60.234607" lon="24.669785"><ele>43.4</ele></rtept><rtept lat="60.234587" lon="24.669767"><ele>43.0</ele></rtept><rtept lat="60.234565" lon="24.669742"><ele>42.6</ele></rtept><rtept lat="60.234532" lon="24.6697"><ele>42.2</ele></rtept><rtept lat="60.23451" lon="24.66968"><ele>42.2</ele></rtept><rtept lat="60.234485" lon="24.669682"><ele>42.0</ele></rtept><rtept lat="60.234457" lon="24.669712"><ele>42.0</ele></rtept><rtept lat="60.234447" lon="24.66977"><ele>41.8</ele></rtept><rtept lat="60.23443" lon="24.669842"><ele>41.6</ele></rtept><rtept lat="60.234402" lon="24.669877"><ele>41.4</ele></rtept><rtept lat="60.234367" lon="24.669835"><ele>40.8</ele></rtept><rtept lat="60.234335" lon="24.669802"><ele>40.2</ele></rtept><rtept lat="60.23431" lon="24.66982"><ele>39.6</ele></rtept><rtept lat="60.234295" lon="24.669885"><ele>38.8</ele></rtept><rtept lat="60.234277" lon="24.669955"><ele>38.2</ele></rtept><rtept lat="60.234255" lon="24.670027"><ele>37.6</ele></rtept><rtept lat="60.234237" lon="24.670115"><ele>36.8</ele></rtept><rtept lat="60.23423" lon="24.670217"><ele>36.0</ele></rtept><rtept lat="60.234237" lon="24.67031"><ele>35.2</ele></rtept><rtept lat="60.234262" lon="24.670372"><ele>34.4</ele></rtept><rtept lat="60.234297" lon="24.670405"><ele>33.2</ele></rtept><rtept lat="60.23433" lon="24.670427"><ele>32.4</ele></rtept><rtept lat="60.234362" lon="24.670447"><ele>31.8</ele></rtept><rtept lat="60.234392" lon="24.670462"><ele>31.2</ele></rtept><rtept lat="60.234427" lon="24.670482"><ele>31.0</ele></rtept><rtept lat="60.234462" lon="24.670505"><ele>31.0</ele></rtept><rtept lat="60.234497" lon="24.67052"><ele>31.0</ele></rtept><rtept lat="60.234527" lon="24.670527"><ele>31.0</ele></rtept><rtept lat="60.234555" lon="24.67053"><ele>31.2</ele></rtept><rtept lat="60.234582" lon="24.67053"><ele>31.2</ele></rtept><rtept lat="60.23461" lon="24.670525"><ele>31.6</ele></rtept><rtept lat="60.234637" lon="24.670527"><ele>31.8</ele></rtept><rtept lat="60.234653" lon="24.67054"><ele>32.4</ele></rtept><rtept lat="60.234675" lon="24.67056"><ele>32.8</ele></rtept><rtept lat="60.234692" lon="24.670577"><ele>33.2</ele></rtept><rtept lat="60.23471" lon="24.670597"><ele>33.6</ele></rtept><rtept lat="60.23473" lon="24.670612"><ele>34.0</ele></rtept><rtept lat="60.234747" lon="24.670627"><ele>34.2</ele></rtept><rtept lat="60.234765" lon="24.670645"><ele>34.6</ele></rtept><rtept lat="60.234777" lon="24.670672"><ele>34.8</ele></rtept><rtept lat="60.234793" lon="24.670702"><ele>35.0</ele></rtept><rtept lat="60.234812" lon="24.670717"><ele>35.4</ele></rtept><rtept lat="60.234832" lon="24.670722"><ele>35.6</ele></rtept><rtept lat="60.234852" lon="24.67072"><ele>35.8</ele></rtept><rtept lat="60.234878" lon="24.670717"><ele>36.2</ele></rtept><rtept lat="60.234907" lon="24.670712"><ele>36.4</ele></rtept><rtept lat="60.234927" lon="24.67072"><ele>36.6</ele></rtept><rtept lat="60.234957" lon="24.670767"><ele>37.2</ele></rtept><rtept lat="60.23497" lon="24.670807"><ele>37.6</ele></rtept><rtept lat="60.23498" lon="24.670867"><ele>37.8</ele></rtept><rtept lat="60.234997" lon="24.670937"><ele>38.0</ele></rtept><rtept lat="60.235012" lon="24.671007"><ele>38.0</ele></rtept><rtept lat="60.235027" lon="24.671085"><ele>38.2</ele></rtept><rtept lat="60.235037" lon="24.671167"><ele>38.0</ele></rtept><rtept lat="60.235045" lon="24.67125"><ele>38.0</ele></rtept><rtept lat="60.235047" lon="24.671332"><ele>37.8</ele></rtept><rtept lat="60.235037" lon="24.67141"><ele>37.6</ele></rtept><rtept lat="60.235027" lon="24.671492"><ele>37.4</ele></rtept><rtept lat="60.235032" lon="24.671562"><ele>37.2</ele></rtept><rtept lat="60.235047" lon="24.671602"><ele>37.2</ele></rtept><rtept lat="60.235062" lon="24.671622"><ele>37.0</ele></rtept><rtept lat="60.235082" lon="24.671637"><ele>36.8</ele></rtept><rtept lat="60.235112" lon="24.671662"><ele>36.8</ele></rtept><rtept lat="60.235132" lon="24.671657"><ele>37.4</ele></rtept><rtept lat="60.235157" lon="24.671632"><ele>38.0</ele></rtept><rtept lat="60.235185" lon="24.671612"><ele>38.8</ele></rtept><rtept lat="60.235205" lon="24.671605"><ele>39.0</ele></rtept><rtept lat="60.23524" lon="24.671597"><ele>39.6</ele></rtept><rtept lat="60.235272" lon="24.671607"><ele>40.2</ele></rtept><rtept lat="60.235292" lon="24.671607"><ele>40.6</ele></rtept><rtept lat="60.235325" lon="24.671617"><ele>41.0</ele></rtept><rtept lat="60.235342" lon="24.671627"><ele>41.2</ele></rtept><rtept lat="60.235375" lon="24.671652"><ele>41.6</ele></rtept><rtept lat="60.235402" lon="24.671697"><ele>42.0</ele></rtept><rtept lat="60.235427" lon="24.67174"><ele>42.4</ele></rtept><rtept lat="60.23544" lon="24.671767"><ele>42.8</ele></rtept><rtept lat="60.235452" lon="24.671802"><ele>43.0</ele></rtept><rtept lat="60.235462" lon="24.671835"><ele>43.2</ele></rtept><rtept lat="60.23547" lon="24.67187"><ele>43.4</ele></rtept><rtept lat="60.235477" lon="24.671922"><ele>43.8</ele></rtept><rtept lat="60.235502" lon="24.671942"><ele>44.4</ele></rtept><rtept lat="60.235537" lon="24.671927"><ele>44.8</ele></rtept><rtept lat="60.235567" lon="24.671892"><ele>45.2</ele></rtept><rtept lat="60.235577" lon="24.671832"><ele>45.4</ele></rtept><rtept lat="60.235577" lon="24.671778"><ele>45.4</ele></rtept><rtept lat="60.235577" lon="24.671727"><ele>45.4</ele></rtept><rtept lat="60.235587" lon="24.671682"><ele>45.4</ele></rtept><rtept lat="60.235602" lon="24.671662"><ele>45.2</ele></rtept><rtept lat="60.235615" lon="24.671632"><ele>45.2</ele></rtept><rtept lat="60.235627" lon="24.671607"><ele>45.0</ele></rtept><rtept lat="60.235645" lon="24.671588"><ele>45.0</ele></rtept><rtept lat="60.235672" lon="24.671565"><ele>45.0</ele></rtept><rtept lat="60.235705" lon="24.671547"><ele>45.4</ele></rtept><rtept lat="60.235732" lon="24.671522"><ele>45.6</ele></rtept><rtept lat="60.235762" lon="24.671492"><ele>46.0</ele></rtept><rtept lat="60.235792" lon="24.671462"><ele>46.4</ele></rtept><rtept lat="60.23581" lon="24.671452"><ele>46.6</ele></rtept><rtept lat="60.23583" lon="24.671457"><ele>46.6</ele></rtept><rtept lat="60.235857" lon="24.671472"><ele>47.0</ele></rtept><rtept lat="60.235885" lon="24.671467"><ele>47.2</ele></rtept><rtept lat="60.235907" lon="24.671457"><ele>47.6</ele></rtept><rtept lat="60.235925" lon="24.671412"><ele>48.0</ele></rtept><rtept lat="60.235927" lon="24.671347"><ele>48.4</ele></rtept><rtept lat="60.235922" lon="24.671302"><ele>48.4</ele></rtept><rtept lat="60.235917" lon="24.671257"><ele>48.4</ele></rtept><rtept lat="60.235912" lon="24.671215"><ele>48.6</ele></rtept><rtept lat="60.235902" lon="24.671175"><ele>48.6</ele></rtept><rtept lat="60.235897" lon="24.671135"><ele>48.4</ele></rtept><rtept lat="60.235885" lon="24.671097"><ele>48.4</ele></rtept><rtept lat="60.235872" lon="24.671032"><ele>48.4</ele></rtept><rtept lat="60.235857" lon="24.670967"><ele>48.2</ele></rtept><rtept lat="60.235847" lon="24.67091"><ele>48.2</ele></rtept><rtept lat="60.235817" lon="24.670872"><ele>48.4</ele></rtept><rtept lat="60.235785" lon="24.670842"><ele>48.6</ele></rtept><rtept lat="60.235762" lon="24.670802"><ele>49.2</ele></rtept><rtept lat="60.235742" lon="24.670757"><ele>49.6</ele></rtept><rtept lat="60.235722" lon="24.670717"><ele>50.0</ele></rtept><rtept lat="60.235707" lon="24.670657"><ele>50.0</ele></rtept><rtept lat="60.235705" lon="24.670602"><ele>50.2</ele></rtept><rtept lat="60.235707" lon="24.67055"><ele>50.2</ele></rtept><rtept lat="60.235715" lon="24.670487"><ele>50.0</ele></rtept><rtept lat="60.235725" lon="24.670447"><ele>50.0</ele></rtept><rtept lat="60.235735" lon="24.670405"><ele>49.8</ele></rtept><rtept lat="60.235735" lon="24.670367"><ele>49.8</ele></rtept><rtept lat="60.235732" lon="24.670297"><ele>49.8</ele></rtept><rtept lat="60.23574" lon="24.670227"><ele>50.0</ele></rtept><rtept lat="60.235755" lon="24.670177"><ele>50.2</ele></rtept><rtept lat="60.235777" lon="24.670147"><ele>50.6</ele></rtept><rtept lat="60.235792" lon="24.67013"><ele>50.8</ele></rtept><rtept lat="60.23581" lon="24.670112"><ele>51.0</ele></rtept><rtept lat="60.23583" lon="24.670087"><ele>51.2</ele></rtept><rtept lat="60.235857" lon="24.670068"><ele>51.4</ele></rtept><rtept lat="60.235897" lon="24.670062"><ele>51.6</ele></rtept><rtept lat="60.235937" lon="24.670065"><ele>51.6</ele></rtept><rtept lat="60.235977" lon="24.670082"><ele>51.8</ele></rtept><rtept lat="60.236017" lon="24.670062"><ele>51.6</ele></rtept><rtept lat="60.236062" lon="24.670015"><ele>51.2</ele></rtept><rtept lat="60.236107" lon="24.669977"><ele>50.8</ele></rtept><rtept lat="60.236157" lon="24.66994"><ele>50.4</ele></rtept><rtept lat="60.236202" lon="24.669897"><ele>50.0</ele></rtept><rtept lat="60.23624" lon="24.66989"><ele>49.4</ele></rtept><rtept lat="60.236262" lon="24.669912"><ele>49.2</ele></rtept><rtept lat="60.236272" lon="24.669957"><ele>48.8</ele></rtept><rtept lat="60.236277" lon="24.670012"><ele>48.6</ele></rtept><rtept lat="60.236285" lon="24.67006"><ele>48.6</ele></rtept><rtept lat="60.236292" lon="24.670112"><ele>48.8</ele></rtept><rtept lat="60.236297" lon="24.67016"><ele>48.8</ele></rtept><rtept lat="60.236307" lon="24.670197"><ele>48.8</ele></rtept><rtept lat="60.236317" lon="24.670227"><ele>49.0</ele></rtept><rtept lat="60.236347" lon="24.670252"><ele>49.4</ele></rtept><rtept lat="60.23637" lon="24.670252"><ele>49.6</ele></rtept><rtept lat="60.236395" lon="24.670245"><ele>49.8</ele></rtept><rtept lat="60.236422" lon="24.67022"><ele>50.2</ele></rtept><rtept lat="60.236437" lon="24.6702"><ele>50.4</ele></rtept><rtept lat="60.236462" lon="24.670172"><ele>50.6</ele></rtept><rtept lat="60.23649" lon="24.670125"><ele>50.8</ele></rtept><rtept lat="60.236517" lon="24.670065"><ele>51.0</ele></rtept><rtept lat="60.236537" lon="24.670015"><ele>51.2</ele></rtept><rtept lat="60.236545" lon="24.669955"><ele>51.0</ele></rtept><rtept lat="60.236538" lon="24.669882"><ele>50.8</ele></rtept><rtept lat="60.236552" lon="24.669832"><ele>51.0</ele></rtept><rtept lat="60.23658" lon="24.669807"><ele>51.4</ele></rtept><rtept lat="60.236615" lon="24.66977"><ele>51.8</ele></rtept><rtept lat="60.236652" lon="24.669752"><ele>52.0</ele></rtept><rtept lat="60.23668" lon="24.66973"><ele>52.2</ele></rtept><rtept lat="60.236717" lon="24.669712"><ele>52.2</ele></rtept><rtept lat="60.236757" lon="24.669697"><ele>52.2</ele></rtept><rtept lat="60.236802" lon="24.669697"><ele>52.2</ele></rtept><rtept lat="60.236847" lon="24.669717"><ele>52.2</ele></rtept><rtept lat="60.236902" lon="24.669707"><ele>52.0</ele></rtept><rtept lat="60.236957" lon="24.669685"><ele>51.6</ele></rtept><rtept lat="60.237005" lon="24.669677"><ele>51.2</ele></rtept><rtept lat="60.237052" lon="24.669687"><ele>50.4</ele></rtept><rtept lat="60.237072" lon="24.669735"><ele>49.6</ele></rtept><rtept lat="60.237082" lon="24.669777"><ele>49.0</ele></rtept><rtept lat="60.237095" lon="24.669807"><ele>48.4</ele></rtept><rtept lat="60.237107" lon="24.669842"><ele>48.0</ele></rtept><rtept lat="60.237117" lon="24.669902"><ele>47.8</ele></rtept><rtept lat="60.23712" lon="24.669962"><ele>47.6</ele></rtept><rtept lat="60.23712" lon="24.67001"><ele>47.6</ele></rtept><rtept lat="60.237132" lon="24.67005"><ele>47.6</ele></rtept><rtept lat="60.237147" lon="24.670092"><ele>47.8</ele></rtept><rtept lat="60.237157" lon="24.670132"><ele>47.8</ele></rtept><rtept lat="60.237177" lon="24.670162"><ele>47.8</ele></rtept><rtept lat="60.237197" lon="24.670157"><ele>48.0</ele></rtept><rtept lat="60.237217" lon="24.670132"><ele>48.0</ele></rtept><rtept lat="60.237242" lon="24.670102"><ele>48.0</ele></rtept><rtept lat="60.23727" lon="24.670068"><ele>48.0</ele></rtept><rtept lat="60.237307" lon="24.670045"><ele>47.8</ele></rtept><rtept lat="60.237335" lon="24.670012"><ele>47.6</ele></rtept><rtept lat="60.237365" lon="24.669962"><ele>47.4</ele></rtept><rtept lat="60.237402" lon="24.669912"><ele>47.2</ele></rtept><rtept lat="60.23744" lon="24.669852"><ele>47.2</ele></rtept><rtept lat="60.23747" lon="24.669782"><ele>47.0</ele></rtept><rtept lat="60.2375" lon="24.669707"><ele>47.0</ele></rtept><rtept lat="60.237532" lon="24.669637"><ele>46.8</ele></rtept><rtept lat="60.23756" lon="24.66958"><ele>47.0</ele></rtept><rtept lat="60.237597" lon="24.669532"><ele>46.8</ele></rtept><rtept lat="60.237622" lon="24.669477"><ele>46.8</ele></rtept><rtept lat="60.23766" lon="24.669447"><ele>46.6</ele></rtept><rtept lat="60.2377" lon="24.669422"><ele>46.6</ele></rtept><rtept lat="60.237735" lon="24.66937"><ele>46.6</ele></rtept><rtept lat="60.237782" lon="24.669337"><ele>46.4</ele></rtept><rtept lat="60.237812" lon="24.669302"><ele>46.2</ele></rtept><rtept lat="60.237842" lon="24.669247"><ele>45.8</ele></rtept><rtept lat="60.237882" lon="24.669207"><ele>45.4</ele></rtept><rtept lat="60.237917" lon="24.669165"><ele>45.0</ele></rtept><rtept lat="60.237957" lon="24.669117"><ele>44.8</ele></rtept><rtept lat="60.237995" lon="24.669072"><ele>44.4</ele></rtept><rtept lat="60.238037" lon="24.669032"><ele>44.4</ele></rtept><rtept lat="60.238082" lon="24.668992"><ele>44.2</ele></rtept><rtept lat="60.23812" lon="24.66895"><ele>44.2</ele></rtept><rtept lat="60.238142" lon="24.668902"><ele>44.2</ele></rtept><rtept lat="60.238172" lon="24.668852"><ele>44.2</ele></rtept><rtept lat="60.238192" lon="24.668797"><ele>44.2</ele></rtept><rtept lat="60.238222" lon="24.668767"><ele>44.2</ele></rtept><rtept lat="60.238247" lon="24.668747"><ele>44.4</ele></rtept><rtept lat="60.238275" lon="24.66872"><ele>44.4</ele></rtept><rtept lat="60.238292" lon="24.668667"><ele>44.6</ele></rtept><rtept lat="60.238312" lon="24.668605"><ele>44.8</ele></rtept><rtept lat="60.23833" lon="24.668532"><ele>45.0</ele></rtept><rtept lat="60.238352" lon="24.668452"><ele>45.2</ele></rtept><rtept lat="60.23838" lon="24.668365"><ele>45.2</ele></rtept><rtept lat="60.238415" lon="24.668285"><ele>45.2</ele></rtept><rtept lat="60.238455" lon="24.668215"><ele>45.0</ele></rtept><rtept lat="60.238502" lon="24.668152"><ele>44.6</ele></rtept><rtept lat="60.238552" lon="24.668092"><ele>44.6</ele></rtept><rtept lat="60.238605" lon="24.668032"><ele>44.4</ele></rtept><rtept lat="60.238667" lon="24.667972"><ele>44.2</ele></rtept><rtept lat="60.238732" lon="24.667912"><ele>44.0</ele></rtept><rtept lat="60.238802" lon="24.66786"><ele>43.6</ele></rtept><rtept lat="60.23887" lon="24.667807"><ele>43.2</ele></rtept><rtept lat="60.238935" lon="24.66776"><ele>42.6</ele></rtept><rtept lat="60.238992" lon="24.667722"><ele>42.2</ele></rtept><rtept lat="60.239052" lon="24.667687"><ele>41.6</ele></rtept><rtept lat="60.23911" lon="24.667652"><ele>41.0</ele></rtept><rtept lat="60.239162" lon="24.66761"><ele>40.6</ele></rtept><rtept lat="60.23921" lon="24.667567"><ele>40.0</ele></rtept><rtept lat="60.239257" lon="24.667537"><ele>39.2</ele></rtept><rtept lat="60.239297" lon="24.667505"><ele>38.4</ele></rtept><rtept lat="60.23933" lon="24.667477"><ele>37.6</ele></rtept><rtept lat="60.239352" lon="24.667442"><ele>36.8</ele></rtept><rtept lat="60.239372" lon="24.667392"><ele>35.8</ele></rtept><rtept lat="60.239392" lon="24.667335"><ele>35.0</ele></rtept><rtept lat="60.239415" lon="24.667267"><ele>34.2</ele></rtept><rtept lat="60.239435" lon="24.667182"><ele>33.6</ele></rtept><rtept lat="60.239457" lon="24.667087"><ele>33.0</ele></rtept><rtept lat="60.239485" lon="24.666982"><ele>32.4</ele></rtept><rtept lat="60.239517" lon="24.666882"><ele>32.0</ele></rtept><rtept lat="60.239552" lon="24.666777"><ele>31.6</ele></rtept><rtept lat="60.239585" lon="24.666672"><ele>31.2</ele></rtept><rtept lat="60.239617" lon="24.666565"><ele>31.0</ele></rtept><rtept lat="60.239652" lon="24.666462"><ele>30.8</ele></rtept><rtept lat="60.23969" lon="24.66636"><ele>30.6</ele></rtept><rtept lat="60.239725" lon="24.66626"><ele>30.4</ele></rtept><rtept lat="60.239755" lon="24.666157"><ele>30.2</ele></rtept><rtept lat="60.23978" lon="24.66606"><ele>29.6</ele></rtept><rtept lat="60.239802" lon="24.665967"><ele>29.0</ele></rtept><rtept lat="60.239822" lon="24.665892"><ele>28.4</ele></rtept><rtept lat="60.239845" lon="24.66582"><ele>28.2</ele></rtept><rtept lat="60.239865" lon="24.665745"><ele>28.2</ele></rtept><rtept lat="60.23989" lon="24.665667"><ele>28.2</ele></rtept><rtept lat="60.239912" lon="24.665582"><ele>28.4</ele></rtept><rtept lat="60.239935" lon="24.665497"><ele>28.6</ele></rtept><rtept lat="60.23996" lon="24.665412"><ele>28.6</ele></rtept><rtept lat="60.239982" lon="24.665322"><ele>28.6</ele></rtept><rtept lat="60.240007" lon="24.66523"><ele>28.6</ele></rtept><rtept lat="60.240035" lon="24.665132"><ele>28.6</ele></rtept><rtept lat="60.240057" lon="24.665032"><ele>28.6</ele></rtept><rtept lat="60.240082" lon="24.664932"><ele>28.6</ele></rtept><rtept lat="60.240102" lon="24.66483"><ele>28.4</ele></rtept><rtept lat="60.24012" lon="24.664728"><ele>28.0</ele></rtept><rtept lat="60.24014" lon="24.664637"><ele>27.8</ele></rtept><rtept lat="60.240162" lon="24.66455"><ele>27.4</ele></rtept><rtept lat="60.240183" lon="24.664472"><ele>27.2</ele></rtept><rtept lat="60.240215" lon="24.664407"><ele>27.0</ele></rtept><rtept lat="60.240252" lon="24.664372"><ele>27.0</ele></rtept><rtept lat="60.240297" lon="24.664362"><ele>27.2</ele></rtept><rtept lat="60.24034" lon="24.664367"><ele>27.4</ele></rtept><rtept lat="60.240382" lon="24.664392"><ele>27.4</ele></rtept><rtept lat="60.240427" lon="24.664405"><ele>27.6</ele></rtept><rtept lat="60.240477" lon="24.664402"><ele>27.8</ele></rtept><rtept lat="60.240522" lon="24.664387"><ele>28.0</ele></rtept><rtept lat="60.240567" lon="24.664377"><ele>28.2</ele></rtept><rtept lat="60.240617" lon="24.664375"><ele>28.4</ele></rtept><rtept lat="60.240665" lon="24.664387"><ele>28.4</ele></rtept><rtept lat="60.240712" lon="24.664417"><ele>28.6</ele></rtept><rtept lat="60.240762" lon="24.66446"><ele>28.6</ele></rtept><rtept lat="60.240807" lon="24.664507"><ele>28.6</ele></rtept><rtept lat="60.240852" lon="24.664573"><ele>28.8</ele></rtept><rtept lat="60.240895" lon="24.664657"><ele>28.8</ele></rtept><rtept lat="60.24093" lon="24.664755"><ele>28.8</ele></rtept><rtept lat="60.240967" lon="24.66483"><ele>28.8</ele></rtept><rtept lat="60.241007" lon="24.664892"><ele>28.6</ele></rtept><rtept lat="60.24105" lon="24.66496"><ele>28.4</ele></rtept><rtept lat="60.241082" lon="24.665027"><ele>28.4</ele></rtept><rtept lat="60.241107" lon="24.665092"><ele>28.4</ele></rtept><rtept lat="60.241132" lon="24.665155"><ele>28.4</ele></rtept><rtept lat="60.24116" lon="24.665207"><ele>28.4</ele></rtept><rtept lat="60.241192" lon="24.665255"><ele>28.4</ele></rtept><rtept lat="60.241225" lon="24.665298"><ele>28.6</ele></rtept><rtept lat="60.24126" lon="24.665337"><ele>28.6</ele></rtept><rtept lat="60.241297" lon="24.665352"><ele>28.6</ele></rtept><rtept lat="60.241335" lon="24.665352"><ele>28.6</ele></rtept><rtept lat="60.241367" lon="24.665322"><ele>28.6</ele></rtept><rtept lat="60.241382" lon="24.665272"><ele>28.6</ele></rtept><rtept lat="60.24139" lon="24.665225"><ele>28.4</ele></rtept><rtept lat="60.241393" lon="24.665177"><ele>28.2</ele></rtept><rtept lat="60.241407" lon="24.66513"><ele>27.8</ele></rtept><rtept lat="60.24142" lon="24.665092"><ele>27.6</ele></rtept><rtept lat="60.241432" lon="24.665047"><ele>27.4</ele></rtept><rtept lat="60.241445" lon="24.66501"><ele>27.4</ele></rtept><rtept lat="60.241452" lon="24.664972"><ele>27.6</ele></rtept><rtept lat="60.241457" lon="24.664932"><ele>27.8</ele></rtept><rtept lat="60.241462" lon="24.664887"><ele>28.0</ele></rtept><rtept lat="60.24148" lon="24.66484"><ele>28.0</ele></rtept><rtept lat="60.2415" lon="24.664792"><ele>28.2</ele></rtept><rtept lat="60.241522" lon="24.664742"><ele>28.2</ele></rtept><rtept lat="60.241547" lon="24.664687"><ele>28.2</ele></rtept><rtept lat="60.241577" lon="24.664647"><ele>28.2</ele></rtept><rtept lat="60.241607" lon="24.66462"><ele>28.2</ele></rtept><rtept lat="60.241635" lon="24.66461"><ele>28.0</ele></rtept><rtept lat="60.241662" lon="24.664615"><ele>27.6</ele></rtept><rtept lat="60.241687" lon="24.664627"><ele>27.4</ele></rtept><rtept lat="60.241712" lon="24.664645"><ele>27.2</ele></rtept><rtept lat="60.241737" lon="24.664667"><ele>27.2</ele></rtept><rtept lat="60.241765" lon="24.664697"><ele>27.2</ele></rtept><rtept lat="60.241795" lon="24.664727"><ele>27.2</ele></rtept><rtept lat="60.241825" lon="24.664762"><ele>27.4</ele></rtept><rtept lat="60.24186" lon="24.664792"><ele>27.2</ele></rtept><rtept lat="60.241897" lon="24.664807"><ele>27.2</ele></rtept><rtept lat="60.241932" lon="24.664787"><ele>27.0</ele></rtept><rtept lat="60.241962" lon="24.664752"><ele>26.8</ele></rtept><rtept lat="60.241995" lon="24.664707"><ele>26.8</ele></rtept><rtept lat="60.242027" lon="24.664657"><ele>26.4</ele></rtept><rtept lat="60.242062" lon="24.6646"><ele>26.0</ele></rtept><rtept lat="60.242102" lon="24.664557"><ele>25.4</ele></rtept><rtept lat="60.242137" lon="24.664517"><ele>25.0</ele></rtept><rtept lat="60.242172" lon="24.66447"><ele>24.6</ele></rtept><rtept lat="60.242197" lon="24.664422"><ele>24.2</ele></rtept><rtept lat="60.242217" lon="24.66438"><ele>24.0</ele></rtept><rtept lat="60.242237" lon="24.664347"><ele>23.8</ele></rtept><rtept lat="60.242252" lon="24.664322"><ele>23.8</ele></rtept><rtept lat="60.24227" lon="24.664305"><ele>23.8</ele></rtept><rtept lat="60.242292" lon="24.664285"><ele>24.0</ele></rtept><rtept lat="60.242315" lon="24.664265"><ele>24.2</ele></rtept><rtept lat="60.242337" lon="24.664252"><ele>24.4</ele></rtept><rtept lat="60.242357" lon="24.664235"><ele>24.6</ele></rtept><rtept lat="60.242382" lon="24.66421"><ele>24.8</ele></rtept><rtept lat="60.242407" lon="24.664192"><ele>25.2</ele></rtept><rtept lat="60.242427" lon="24.664182"><ele>25.4</ele></rtept><rtept lat="60.242448" lon="24.664187"><ele>25.6</ele></rtept><rtept lat="60.24247" lon="24.664197"><ele>26.0</ele></rtept><rtept lat="60.242377" lon="24.664252"><ele>27.6</ele></rtept><rtept lat="60.24235" lon="24.66429"><ele>27.6</ele></rtept><rtept lat="60.242327" lon="24.664312"><ele>27.4</ele></rtept><rtept lat="60.242302" lon="24.664312"><ele>27.4</ele></rtept><rtept lat="60.242275" lon="24.664313"><ele>27.4</ele></rtept><rtept lat="60.242242" lon="24.664307"><ele>27.4</ele></rtept><rtept lat="60.242212" lon="24.664292"><ele>27.2</ele></rtept><rtept lat="60.242172" lon="24.66427"><ele>27.2</ele></rtept><rtept lat="60.24213" lon="24.664247"><ele>27.0</ele></rtept><rtept lat="60.24209" lon="24.66424"><ele>26.8</ele></rtept><rtept lat="60.242057" lon="24.664252"><ele>26.4</ele></rtept><rtept lat="60.242027" lon="24.664275"><ele>26.2</ele></rtept><rtept lat="60.241998" lon="24.664297"><ele>26.0</ele></rtept><rtept lat="60.24197" lon="24.664312"><ele>26.0</ele></rtept><rtept lat="60.241937" lon="24.664322"><ele>25.8</ele></rtept><rtept lat="60.241902" lon="24.66433"><ele>25.8</ele></rtept><rtept lat="60.24187" lon="24.66434"><ele>25.8</ele></rtept><rtept lat="60.241837" lon="24.664347"><ele>25.8</ele></rtept><rtept lat="60.241802" lon="24.664355"><ele>25.8</ele></rtept><rtept lat="60.241772" lon="24.664367"><ele>25.8</ele></rtept><rtept lat="60.241737" lon="24.664375"><ele>25.8</ele></rtept><rtept lat="60.241705" lon="24.664375"><ele>25.8</ele></rtept><rtept lat="60.241672" lon="24.664372"><ele>26.0</ele></rtept><rtept lat="60.241637" lon="24.66437"><ele>26.0</ele></rtept><rtept lat="60.241607" lon="24.664362"><ele>26.2</ele></rtept><rtept lat="60.241582" lon="24.664347"><ele>26.4</ele></rtept><rtept lat="60.241555" lon="24.66433"><ele>26.4</ele></rtept><rtept lat="60.241527" lon="24.664307"><ele>26.6</ele></rtept><rtept lat="60.241497" lon="24.664282"><ele>26.8</ele></rtept><rtept lat="60.241467" lon="24.664252"><ele>27.0</ele></rtept><rtept lat="60.241437" lon="24.6642"><ele>27.0</ele></rtept><rtept lat="60.241415" lon="24.66413"><ele>27.2</ele></rtept><rtept lat="60.241392" lon="24.664057"><ele>27.0</ele></rtept><rtept lat="60.241372" lon="24.663982"><ele>26.8</ele></rtept><rtept lat="60.241352" lon="24.663902"><ele>26.6</ele></rtept><rtept lat="60.241332" lon="24.663825"><ele>26.8</ele></rtept><rtept lat="60.241312" lon="24.663747"><ele>26.8</ele></rtept><rtept lat="60.241292" lon="24.66368"><ele>26.8</ele></rtept><rtept lat="60.24128" lon="24.66363"><ele>26.8</ele></rtept><rtept lat="60.24127" lon="24.663575"><ele>26.8</ele></rtept><rtept lat="60.24126" lon="24.66353"><ele>26.8</ele></rtept><rtept lat="60.241252" lon="24.663492"><ele>27.0</ele></rtept><rtept lat="60.241238" lon="24.663455"><ele>27.2</ele></rtept><rtept lat="60.241225" lon="24.663407"><ele>27.6</ele></rtept><rtept lat="60.241212" lon="24.663357"><ele>28.2</ele></rtept><rtept lat="60.241202" lon="24.663302"><ele>28.6</ele></rtept><rtept lat="60.241192" lon="24.663237"><ele>29.0</ele></rtept><rtept lat="60.241177" lon="24.663177"><ele>29.2</ele></rtept><rtept lat="60.241165" lon="24.663117"><ele>29.4</ele></rtept><rtept lat="60.24115" lon="24.663057"><ele>29.6</ele></rtept><rtept lat="60.241137" lon="24.66299"><ele>29.6</ele></rtept><rtept lat="60.241122" lon="24.662922"><ele>29.8</ele></rtept><rtept lat="60.241095" lon="24.662862"><ele>29.8</ele></rtept><rtept lat="60.24106" lon="24.66281"><ele>29.8</ele></rtept><rtept lat="60.241012" lon="24.662772"><ele>29.6</ele></rtept><rtept lat="60.240952" lon="24.66274"><ele>29.4</ele></rtept><rtept lat="60.240887" lon="24.662717"><ele>29.0</ele></rtept><rtept lat="60.240822" lon="24.662692"><ele>28.6</ele></rtept><rtept lat="60.240755" lon="24.662662"><ele>28.2</ele></rtept><rtept lat="60.240692" lon="24.66264"><ele>28.0</ele></rtept><rtept lat="60.240632" lon="24.662622"><ele>27.6</ele></rtept><rtept lat="60.24058" lon="24.662595"><ele>27.2</ele></rtept><rtept lat="60.240535" lon="24.662567"><ele>26.8</ele></rtept><rtept lat="60.240492" lon="24.662542"><ele>26.6</ele></rtept><rtept lat="60.240455" lon="24.662507"><ele>26.6</ele></rtept><rtept lat="60.240422" lon="24.662455"><ele>26.6</ele></rtept><rtept lat="60.240395" lon="24.662402"><ele>26.6</ele></rtept><rtept lat="60.24037" lon="24.662342"><ele>26.8</ele></rtept><rtept lat="60.240342" lon="24.662287"><ele>27.0</ele></rtept><rtept lat="60.240317" lon="24.662227"><ele>27.0</ele></rtept><rtept lat="60.240287" lon="24.662172"><ele>27.0</ele></rtept><rtept lat="60.240253" lon="24.662127"><ele>27.2</ele></rtept><rtept lat="60.240215" lon="24.662107"><ele>27.2</ele></rtept></rte></gpx>